anonymous_id,locked_excel_row,source_503_excel_row,full_cation_key,candidate_formula,EFA_observed_internal,observed_EFA_percentile,high_EFA_observed,compatibility_score,predicted_EFA_percentile_oof,predicted_log10_EFA_oof_combined,predicted_high_EFA_probability_oof_combined,predicted_high_EFA_probability_oof_chemistry,predicted_priority_region,observed_priority_class,rank_by_combined_high_EFA_probability,rank_by_chemistry_high_EFA_probability,rank_by_predicted_EFA_percentile,rank_by_compatibility_score
CHAOS_0412,413,423,"Co,Fe,Mg,Ni","(Co,Fe,Mg,Ni)O",48.6126604539687,0.9573170731707317,1,0.9203506097560976,0.9959349593495935,1.707310835654703,0.9946032997080487,0.9815283094000851,1,true high-EFA + high descriptor compatibility score,13,11,3,6
CHAOS_0067,68,78,"Cu,Mg,Ni,Zn","(Cu,Mg,Ni,Zn)O",41.6090300177349,0.943089430894309,1,0.9071392276422764,0.9939024390243902,1.654890323140902,0.9997620559516895,0.998046635969255,1,true high-EFA + high descriptor compatibility score,3,5,4,10
CHAOS_0004,5,5,"Co,Mg,Mn,Ni","(Co,Mg,Mn,Ni)O",24.0018864282876,0.8048780487804879,1,0.9002794715447154,0.991869918699187,1.77721469680623,0.9957748443575439,0.9917656774167013,1,true high-EFA + high descriptor compatibility score,10,6,5,11
CHAOS_0452,453,463,"Cd,Co,Fe,Mn","(Cd,Co,Fe,Mn)O",31.3908398840165,0.8780487804878049,1,0.8661077235772358,0.9898373983739838,1.661434263458005,0.9974466677708769,0.9745173710665275,1,true high-EFA + high descriptor compatibility score,7,19,6,22
CHAOS_0421,422,432,"Co,Fe,Mg,Mn","(Co,Fe,Mg,Mn)O",24.1786352955944,0.8109756097560976,1,0.8846544715447155,0.9878048780487805,1.702341760571131,0.9533272992826993,0.904349422633556,1,true high-EFA + high descriptor compatibility score,50,48,7,17
CHAOS_0158,159,169,"Fe,Mg,Mn,Ni","(Fe,Mg,Mn,Ni)O",65.4626793082006,0.9878048780487805,1,0.8944359756097562,0.9857723577235772,1.713605878891943,0.991253675047808,0.9765088105406148,1,true high-EFA + high descriptor compatibility score,18,16,8,14
CHAOS_0354,355,365,"Co,Mn,Ni,Zn","(Co,Mn,Ni,Zn)O",62.6402501524366,0.983739837398374,1,0.9382621951219512,0.983739837398374,1.649341047494492,0.993935607973509,0.8407903626177731,1,true high-EFA + high descriptor compatibility score,14,73,9,3
CHAOS_0282,283,293,"Co,Mg,Ni,Zn","(Co,Mg,Ni,Zn)O",73.906224195177,0.991869918699187,1,0.9321646341463414,0.9817073170731707,1.573077117023093,0.9958501359005952,0.9658642499240367,1,true high-EFA + high descriptor compatibility score,9,22,10,4
CHAOS_0357,358,368,"Fe,Mg,Ni,Zn","(Fe,Mg,Ni,Zn)O",32.4507372195626,0.8861788617886179,1,0.9145071138211383,0.9796747967479674,1.68057340571359,0.997442451258701,0.9855328631088566,1,true high-EFA + high descriptor compatibility score,8,9,11,8
CHAOS_0024,25,27,"Co,Cu,Mg,Mn","(Co,Cu,Mg,Mn)O",51.7628385742137,0.9735772357723578,1,0.7714684959349594,0.9776422764227642,1.638956278041029,0.9582366331600112,0.9609666912878363,1,true high-EFA + high descriptor compatibility score,45,25,12,60
CHAOS_0126,127,137,"Co,Fe,Mn,Ni","(Co,Fe,Mn,Ni)O",45.5286321308993,0.9512195121951219,1,0.9413109756097562,0.975609756097561,1.550370813392002,0.9995099035941015,0.9987487056977857,1,true high-EFA + high descriptor compatibility score,4,4,13,2
CHAOS_0405,406,416,"Co,Fe,Mg,Zn","(Co,Fe,Mg,Zn)O",33.6725582233824,0.9004065040650406,1,0.8977388211382114,0.9735772357723578,1.629390377308458,0.9949717341220262,0.9780926820493824,1,true high-EFA + high descriptor compatibility score,11,13,14,12
CHAOS_0114,115,125,"Cu,Fe,Mg,Ni","(Cu,Fe,Mg,Ni)O",30.6868435562345,0.8678861788617886,1,0.8891006097560976,0.9715447154471545,1.664576753201544,0.9923543057535436,0.9853110273143267,1,true high-EFA + high descriptor compatibility score,17,10,15,16
CHAOS_0184,185,195,"Fe,Mn,Ni,Zn","(Fe,Mn,Ni,Zn)O",85.6160880053439,0.9959349593495935,1,0.9303861788617886,0.967479674796748,1.503443132899739,0.9930199471231707,0.9086906501503029,1,true high-EFA + high descriptor compatibility score,16,46,17,5
CHAOS_0295,296,306,"Mg,Mn,Ni,Zn","(Mg,Mn,Ni,Zn)O",40.4370795741633,0.9369918699186992,1,0.8896087398373984,0.9634146341463414,1.49739521043223,0.9890211298277998,0.9685469715388445,1,true high-EFA + high descriptor compatibility score,21,20,19,15
CHAOS_0456,457,467,"Co,Fe,Ni,Zn","(Co,Fe,Ni,Zn)O",36.3008016414405,0.9146341463414634,1,0.958714430894309,0.9573170731707317,1.602173030644819,0.9933981578243446,0.8505872227623541,1,true high-EFA + high descriptor compatibility score,15,69,22,1
CHAOS_0174,175,185,"Cd,Fe,Mn,Ni","(Cd,Fe,Mn,Ni)O",20.9917476204562,0.7601626016260162,1,0.8561991869918699,0.9512195121951219,1.515544310791478,0.9834718732636468,0.9779380813948199,1,true high-EFA + high descriptor compatibility score,25,14,25,26
CHAOS_0352,353,363,"Cu,Mg,Mn,Zn","(Cu,Mg,Mn,Zn)O",34.1211139945684,0.9044715447154471,1,0.7902693089430894,0.9491869918699187,1.516222000426906,0.9568768694770962,0.9634979525897821,1,true high-EFA + high descriptor compatibility score,48,23,26,53
CHAOS_0052,53,63,"Co,Cu,Mg,Ni","(Co,Cu,Mg,Ni)O",26.0328254880412,0.8394308943089431,1,0.8652184959349594,0.9471544715447154,1.498655433076333,0.970138517462388,0.9754480780986535,1,true high-EFA + high descriptor compatibility score,39,17,27,23
CHAOS_0493,494,504,"Cu,Mn,Ni,Zn","(Cu,Mn,Ni,Zn)O",45.024605757581,0.9491869918699187,1,0.8423526422764227,0.9451219512195121,1.551066388902415,0.9385643787931136,0.8706099170908653,1,true high-EFA + high descriptor compatibility score,58,62,28,31
CHAOS_0338,339,349,"Co,Cu,Fe,Mg","(Co,Cu,Fe,Mg)O",48.9466477030382,0.959349593495935,1,0.8107215447154471,0.943089430894309,1.600042994278612,0.9900117184162833,0.9798016174803407,1,true high-EFA + high descriptor compatibility score,19,12,29,45
CHAOS_0032,33,38,"Cd,Mn,Ni,Zn","(Cd,Mn,Ni,Zn)O",35.8046637434426,0.9126016260162602,1,0.8046239837398375,0.9410569105691057,1.53116174594694,0.9743522711653235,0.954644248084254,1,true high-EFA + high descriptor compatibility score,34,30,30,47
CHAOS_0248,249,259,"Cu,Fe,Mg,Zn","(Cu,Fe,Mg,Zn)O",25.063536763451,0.8272357723577236,1,0.8269817073170731,0.9349593495934959,1.529740007060107,0.980363417679723,0.9745268113811983,1,true high-EFA + high descriptor compatibility score,27,18,33,37
CHAOS_0431,432,442,"Fe,Mg,Mn,Zn","(Fe,Mg,Mn,Zn)O",20.9374033096949,0.7560975609756098,1,0.8690294715447155,0.9329268292682927,1.534314392363545,0.9744610195388551,0.9163603570846596,1,true high-EFA + high descriptor compatibility score,33,42,34,20
CHAOS_0095,96,106,"Cd,Co,Mg,Ni","(Cd,Co,Mg,Ni)O",25.9084711295295,0.8333333333333334,1,0.8526422764227642,0.9308943089430894,1.522576692060392,0.989234774603621,0.9333123231844745,1,true high-EFA + high descriptor compatibility score,20,34,35,27
CHAOS_0078,79,89,"Cd,Co,Mn,Zn","(Cd,Co,Mn,Zn)O",44.2222382412671,0.9471544715447154,1,0.8418445121951219,0.9288617886178862,1.510235517545915,0.9732817494948144,0.9186284096993514,1,true high-EFA + high descriptor compatibility score,35,41,36,32
CHAOS_0403,404,414,"Cu,Mg,Mn,Ni","(Cu,Mg,Mn,Ni)O",23.852374714899,0.7987804878048781,1,0.8465447154471545,0.926829268292683,1.475509731856774,0.9779900583486626,0.9886946814522176,1,true high-EFA + high descriptor compatibility score,30,7,37,29
CHAOS_0378,379,389,"Co,Mg,Mn,Zn","(Co,Mg,Mn,Zn)O",177.699982113734,1.0,1,0.883130081300813,0.9247967479674797,1.462552531199984,0.9839098285288345,0.9555440186726522,1,true high-EFA + high descriptor compatibility score,23,28,38,18
CHAOS_0434,435,445,"Cu,Fe,Mg,Mn","(Cu,Fe,Mg,Mn)O",60.0318394269398,0.9817073170731707,1,0.7620680894308943,0.9186991869918699,1.484868624039207,0.8935834633607479,0.9403607408543683,1,true high-EFA + high descriptor compatibility score,84,32,41,65
CHAOS_0340,341,351,"Co,Cu,Mn,Ni","(Co,Cu,Mn,Ni)O",16.479598655812,0.6544715447154471,0,0.802464430894309,0.9166666666666666,1.508020883583861,0.9658515512017977,0.7832675548705974,1,true high descriptor compatibility score only,40,88,42,49
CHAOS_0470,471,481,"Cd,Co,Mg,Mn","(Cd,Co,Mg,Mn)O",39.7563650961887,0.9308943089430894,1,0.8150406504065041,0.9085365853658537,1.498954145400309,0.9767150844117944,0.9392343290048116,1,true high-EFA + high descriptor compatibility score,31,33,46,41
CHAOS_0065,66,76,"Co,Fe,Mn,Zn","(Co,Fe,Mn,Zn)O",106.824814646469,0.9979674796747967,1,0.9082825203252032,0.9065040650406504,1.511592469669036,0.9838602292484846,0.9145464509507665,1,true high-EFA + high descriptor compatibility score,24,43,47,9
CHAOS_0142,143,153,"Cd,Co,Ni,Zn","(Cd,Co,Ni,Zn)O",25.9433961395703,0.8373983739837398,1,0.8682672764227642,0.9004065040650406,1.432847127109287,0.9790904300910802,0.7988171987334108,1,true high-EFA + high descriptor compatibility score,28,85,50,21
CHAOS_0083,84,94,"Cd,Mg,Ni,Zn","(Cd,Mg,Ni,Zn)O",31.9392737316762,0.8800813008130082,1,0.8821138211382114,0.8963414634146342,1.488490609066591,0.9946393260229865,0.9601411722140281,1,true high-EFA + high descriptor compatibility score,12,26,52,19
CHAOS_0349,350,360,"Cd,Co,Fe,Mg","(Cd,Co,Fe,Mg)O",26.692251033354,0.8455284552845529,1,0.7658790650406504,0.8922764227642277,1.466844140939122,0.9578193873736344,0.926861475084094,1,true high-EFA + high descriptor compatibility score,46,36,54,63
CHAOS_0417,418,428,"Cu,Fe,Ni,Zn","(Cu,Fe,Ni,Zn)O",50.7753369346285,0.9695121951219512,1,0.9186991869918699,0.8902439024390244,1.471218329097371,0.9522396836750331,0.8887494919654376,1,true high-EFA + high descriptor compatibility score,51,55,55,7
CHAOS_0491,492,502,"Co,Cu,Fe,Zn","(Co,Cu,Fe,Zn)O",50.6899274092325,0.967479674796748,1,0.8426067073170731,0.8882113821138211,1.408507513579596,0.9574157956933588,0.7857336196793171,1,true high-EFA + high descriptor compatibility score,47,87,56,30
CHAOS_0063,64,74,"Cd,Co,Mg,Zn","(Cd,Co,Mg,Zn)O",33.3923694423624,0.8963414634146342,1,0.834984756097561,0.8658536585365854,1.395849945080275,0.9715408460671775,0.8268549964720469,1,true high-EFA + high descriptor compatibility score,36,78,67,34
CHAOS_0268,269,279,"Ca,Co,Fe,Mn","(Ca,Co,Fe,Mn)O",37.9457729212262,0.9227642276422764,1,0.7538109756097561,0.8617886178861789,1.408657896626245,0.8565679649997371,0.7513481886403306,1,true high-EFA + high descriptor compatibility score,96,100,69,71
CHAOS_0290,291,301,"Co,Cu,Mn,Zn","(Co,Cu,Mn,Zn)O",49.6965073282332,0.9634146341463414,1,0.794334349593496,0.8577235772357723,1.433752017719821,0.8763730977256455,0.8185376329446473,1,true high-EFA + high descriptor compatibility score,90,80,71,51
CHAOS_0458,459,469,"Cd,Fe,Mn,Zn","(Cd,Fe,Mn,Zn)O",39.217328722508,0.926829268292683,1,0.896214430894309,0.8516260162601627,1.392835207431475,0.9390050849062964,0.8411233130602526,1,true high-EFA + high descriptor compatibility score,57,71,74,13
CHAOS_0153,154,164,"Cd,Fe,Mg,Zn","(Cd,Fe,Mg,Zn)O",33.1249812010442,0.8943089430894309,1,0.8060213414634146,0.8353658536585366,1.398274505490068,0.9707694845478938,0.8327713566709233,1,true high-EFA + high descriptor compatibility score,37,75,82,46
CHAOS_0064,65,75,"Co,Mg,Mn,V","(Co,Mg,Mn,V)O",53.1007895397239,0.9776422764227642,1,0.8128810975609756,0.8333333333333334,1.464248847523506,0.7423965570847003,0.524375022322731,1,true high-EFA + high descriptor compatibility score,111,164,83,42
CHAOS_0297,298,308,"Cd,Mg,Mn,Zn","(Cd,Mg,Mn,Zn)O",51.3877915860484,0.9715447154471545,1,0.8592479674796748,0.8292682926829268,1.304035138307297,0.9443754631427201,0.7681019519508133,1,true high-EFA + high descriptor compatibility score,55,93,85,24
CHAOS_0387,388,398,"Cd,Cu,Mg,Zn","(Cd,Cu,Mg,Zn)O",75.4848004490499,0.9939024390243902,1,0.8109756097560976,0.8272357723577236,1.417990719466082,0.9847117584336822,0.8408810765791541,1,true high-EFA + high descriptor compatibility score,22,72,86,44
CHAOS_0356,357,367,"Cd,Co,Fe,Ni","(Cd,Co,Fe,Ni)O",18.1871723153527,0.6890243902439024,0,0.8154217479674797,0.8130081300813008,1.356264640167312,0.9997990507284752,0.999997753595785,1,true high descriptor compatibility score only,2,1,93,40
CHAOS_0139,140,150,"Mn,Ni,V,Zn","(Mn,Ni,V,Zn)O",14.863741080155,0.5873983739837398,0,0.7646087398373984,0.7987804878048781,1.347665974970531,0.7261194496938881,0.4006163251572152,1,true high descriptor compatibility score only,114,198,100,64
CHAOS_0002,3,3,"Ca,Fe,Mn,Zn","(Ca,Fe,Mn,Zn)O",16.0526356228036,0.6321138211382114,0,0.7684197154471546,0.7967479674796748,1.312930506227229,0.8769118078661252,0.5466161956734145,1,true high descriptor compatibility score only,89,157,101,61
CHAOS_0369,370,380,"Co,Cu,Fe,Mn","(Co,Cu,Fe,Mn)O",26.4322738368835,0.8434959349593496,1,0.7911585365853658,0.7886178861788617,1.373334373057131,0.7809240087074395,0.8460206649733468,1,true high-EFA + high descriptor compatibility score,105,70,105,52
CHAOS_0082,83,93,"Cd,Co,Fe,Zn","(Cd,Co,Fe,Zn)O",24.904839678142,0.823170731707317,1,0.7822662601626016,0.7865853658536586,1.306200688123412,0.7154319770249823,0.8791923384636352,1,true high-EFA + high descriptor compatibility score,119,58,106,56
CHAOS_0439,440,450,"Cd,Fe,Mg,Mn","(Cd,Fe,Mg,Mn)O",38.5979238875481,0.9247967479674797,1,0.8509908536585367,0.7764227642276422,1.400788240696728,0.7690973194335501,0.4422806702900158,1,true high-EFA + high descriptor compatibility score,110,186,111,28
CHAOS_0289,290,300,"Cd,Co,Cu,Fe","(Cd,Co,Cu,Fe)O",24.6679865493833,0.8150406504065041,1,0.7592733739837398,0.758130081300813,1.326077999347142,0.7036753752066113,0.9099651529365198,1,true high-EFA + high descriptor compatibility score,121,45,120,66
