seed,N,high_EFA_count,combined_R2,combined_Spearman_rho,combined_ROC_AUC,combined_top10_n,combined_top10_hits,combined_top10_precision
0,493,124,0.5913281940683246,0.8074802943790333,0.9303260774543229,50,43,0.86
1,493,124,0.5891763193023007,0.80242532414402,0.9288617886178862,50,44,0.88
2,493,124,0.5852404642172311,0.806462890860113,0.9220430107526882,50,43,0.86
3,493,124,0.5838626858575906,0.8074088888559513,0.9230701984439199,50,42,0.84
4,493,124,0.5731387846913953,0.7973497234212719,0.932074482035143,50,44,0.88
5,493,124,0.6126244970145975,0.8162050878788675,0.9224582568406329,50,43,0.86
6,493,124,0.592012931509875,0.8050644242060917,0.9253212693417256,50,42,0.84
7,493,124,0.6033903425969271,0.8145311140803879,0.9204038814581693,50,42,0.84
8,493,124,0.5842756831926392,0.8061711597398634,0.9158580295480373,50,42,0.84
9,493,124,0.5971361741121566,0.8070432485126521,0.9306320482559665,50,46,0.92
10,493,124,0.5958251060445365,0.8065861730465281,0.9250371535973424,50,43,0.86
11,493,124,0.582818483138436,0.8033100315646462,0.9191799982515955,50,43,0.86
12,493,124,0.6005863071157398,0.8060668055252052,0.9253868345135065,50,44,0.88
13,493,124,0.5911862573111292,0.8025257725867285,0.9221959961535099,50,43,0.86
14,493,124,0.593533274272894,0.8043862219588107,0.9282935571291197,50,44,0.88
15,493,124,0.5807682264923584,0.8063453171096245,0.9247967479674797,50,43,0.86
16,493,124,0.5934076390610167,0.8074659732152174,0.9263047469184369,50,44,0.88
17,493,124,0.6046791739560914,0.8037203379153713,0.9210595331759769,50,43,0.86
18,493,124,0.603375060849674,0.8135970336963965,0.9259769210595332,50,42,0.84
19,493,124,0.5771745945848896,0.8041097133343654,0.9169507824110499,50,43,0.86
