feature_column,feature_label,feature_group,excel_block,PC1_loading,abs_PC1_loading,PC2_loading,abs_PC2_loading,PC3_loading,abs_PC3_loading,PC4_loading,abs_PC4_loading,PC5_loading,abs_PC5_loading,PC6_loading,abs_PC6_loading,PC7_loading,abs_PC7_loading,PC8_loading,abs_PC8_loading,PC9_loading,abs_PC9_loading,PC10_loading,abs_PC10_loading
lat_distortion_misfit_mean,$\bar{\epsilon}$,DFT,H-L,0.05172810671762459,0.05172810671762459,-0.4783380506582254,0.4783380506582254,-0.002175415973134242,0.002175415973134242,0.06174439462276943,0.06174439462276943,-0.01324566068566965,0.01324566068566965,-0.09953153276333206,0.09953153276333206,0.1849318068050977,0.1849318068050977,-0.1024904490346279,0.1024904490346279,0.2894956014157996,0.2894956014157996,-0.3270809361183811,0.3270809361183811
lat_distortion_misfit_stdev,$\sigma_{\epsilon}$,DFT,H-L,-0.0121754639226559,0.0121754639226559,-0.4567884564417038,0.4567884564417038,0.2457590290793831,0.2457590290793831,0.04221746880619208,0.04221746880619208,0.02848091592473662,0.02848091592473662,-0.07374765013376114,0.07374765013376114,-0.223508144884208,0.223508144884208,0.06864793501162876,0.06864793501162876,-0.3186255286937225,0.3186255286937225,0.1951597394052255,0.1951597394052255
lat_distortion_relax_distance_mean,$\bar{d}$,DFT,H-L,0.1103965031119183,0.1103965031119183,-0.4504912042792517,0.4504912042792517,0.04047834166113257,0.04047834166113257,0.0725046835848812,0.0725046835848812,0.02982596750761681,0.02982596750761681,-0.07950109784818862,0.07950109784818862,0.2045765647635522,0.2045765647635522,-0.06810927097838804,0.06810927097838804,0.2420557542633859,0.2420557542633859,-0.3428889267499365,0.3428889267499365
lat_distortion_relax_distance_stdev,$\sigma_d$,DFT,H-L,0.04187649349879483,0.04187649349879483,-0.4639095887679831,0.4639095887679831,0.2304377539111467,0.2304377539111467,0.05919115316723911,0.05919115316723911,0.05485639289459592,0.05485639289459592,-0.0511671588815582,0.0511671588815582,-0.156323401064958,0.156323401064958,0.08517570081887522,0.08517570081887522,-0.3098924123618654,0.3098924123618654,0.1738248139996988,0.1738248139996988
solubility_parameter,$\delta_s$,DFT,H-L,-0.01463096484484432,0.01463096484484432,-0.2268110860957493,0.2268110860957493,-0.2391972029498135,0.2391972029498135,-0.1705419434484038,0.1705419434484038,-0.3785041835320009,0.3785041835320009,0.3265112039196761,0.3265112039196761,0.5137459813605774,0.5137459813605774,0.3049009929336101,0.3049009929336101,-0.04476343507962575,0.04476343507962575,0.4026641810957213,0.4026641810957213
VEC,VEC,chemistry,S-AK,-0.1532790431991571,0.1532790431991571,0.02122501172613929,0.02122501172613929,0.3264911013687414,0.3264911013687414,-0.3600787119207511,0.3600787119207511,-0.1791554481717457,0.1791554481717457,0.2024042044984067,0.2024042044984067,-0.07856354011497631,0.07856354011497631,0.3138137259897707,0.3138137259897707,-0.152706876633536,0.152706876633536,-0.2703211917154698,0.2703211917154698
delta_electronegativity_Allen,$\delta\chi_{\mathrm{Allen}}$,chemistry,S-AK,0.2730016544539989,0.2730016544539989,0.05792151723847159,0.05792151723847159,0.09620247527695949,0.09620247527695949,0.1482058256052595,0.1482058256052595,0.1810906275767468,0.1810906275767468,0.1333685697336114,0.1333685697336114,-0.02929877813250557,0.02929877813250557,-0.03276668268859757,0.03276668268859757,-0.06153971902688852,0.06153971902688852,0.0988088657495242,0.0988088657495242
delta_electronegativity_Ghosh,$\delta\chi_{\mathrm{Ghosh}}$,chemistry,S-AK,0.1065612884805097,0.1065612884805097,-0.1660214450912492,0.1660214450912492,-0.3161454841581221,0.3161454841581221,0.1327578894460455,0.1327578894460455,0.1220349359079182,0.1220349359079182,0.6462417431012035,0.6462417431012035,-0.3157019726322969,0.3157019726322969,-0.08345932051992042,0.08345932051992042,-0.02636254700639249,0.02636254700639249,-0.05001820341184139,0.05001820341184139
delta_electronegativity_Pauling,$\delta\chi_{\mathrm{Pauling}}$,chemistry,S-AK,0.2726173539244713,0.2726173539244713,0.03983680448716071,0.03983680448716071,0.07922142842618231,0.07922142842618231,0.1568604286884857,0.1568604286884857,0.2359912502110152,0.2359912502110152,0.1739148876412567,0.1739148876412567,-0.07982938112773494,0.07982938112773494,-0.03851886165824683,0.03851886165824683,-0.054603787847237,0.054603787847237,0.04366982462345639,0.04366982462345639
delta_electronegativity_Pearson,$\delta\chi_{\mathrm{Pearson}}$,chemistry,S-AK,0.2889519495566702,0.2889519495566702,0.05621725336088761,0.05621725336088761,0.03183725700120801,0.03183725700120801,-0.00793238596287239,0.00793238596287239,0.1322619494906982,0.1322619494906982,-0.02659418426299612,0.02659418426299612,0.02497879231617548,0.02497879231617548,0.01076068432680474,0.01076068432680474,-0.04795205805885051,0.04795205805885051,0.07612468882887309,0.07612468882887309
delta_radii_Ghosh08,$\delta r_{\mathrm{Ghosh}}$,chemistry,S-AK,0.2683478267719928,0.2683478267719928,-0.07742387825146575,0.07742387825146575,-0.263909236816402,0.263909236816402,-0.09042451287047225,0.09042451287047225,0.0636762363714577,0.0636762363714577,0.1095716526804177,0.1095716526804177,-0.003099838218983898,0.003099838218983898,-0.03703973123064602,0.03703973123064602,0.0896923712062344,0.0896923712062344,-0.006163659513334904,0.006163659513334904
delta_radii_Pyykko,$\delta r_{\mathrm{Pyykk\ddot{o}}}$,chemistry,S-AK,0.2808546490284734,0.2808546490284734,0.06138158998323173,0.06138158998323173,0.2451039544240342,0.2451039544240342,-0.009324339104372841,0.009324339104372841,-0.01805171027666871,0.01805171027666871,-0.003378770270638149,0.003378770270638149,0.08793273982723564,0.08793273982723564,0.09965491727510883,0.09965491727510883,-0.002496019906783854,0.002496019906783854,0.1145436563661078,0.1145436563661078
delta_radii_Slatter,$\delta r_{\mathrm{Slater}}$,chemistry,S-AK,0.2870258405671042,0.2870258405671042,0.0549468771489767,0.0549468771489767,0.1376007378413462,0.1376007378413462,0.0400684953971961,0.0400684953971961,0.092728288750604,0.092728288750604,-0.11444059391537,0.11444059391537,0.2013574137508857,0.2013574137508857,0.09692776675223291,0.09692776675223291,-0.01401691508824223,0.01401691508824223,-0.008461314024327518,0.008461314024327518
delta_radius_PT,$\delta r_{\mathrm{PT}}$,chemistry,S-AK,0.2815915829149229,0.2815915829149229,-0.021539994640277,0.021539994640277,-0.1826606546351808,0.1826606546351808,-0.1429933857895145,0.1429933857895145,0.02335235477182433,0.02335235477182433,-0.05343515511395699,0.05343515511395699,0.1094350478288629,0.1094350478288629,-0.0152853419327894,0.0152853419327894,0.08882257240744856,0.08882257240744856,0.01830116520508361,0.01830116520508361
delta_radius_Saxena,$\delta r_{\mathrm{Saxena}}$,chemistry,S-AK,0.2679431681494847,0.2679431681494847,0.09429602204987605,0.09429602204987605,0.1824090039321605,0.1824090039321605,0.1398986023963126,0.1398986023963126,0.03058242108623532,0.03058242108623532,-0.1216617240982732,0.1216617240982732,0.0775696166442512,0.0775696166442512,0.1793760103722334,0.1793760103722334,0.005073506049026576,0.005073506049026576,0.1013042205762503,0.1013042205762503
delta_radius_covalent_PT,"$\delta r_{\mathrm{cov,PT}}$",chemistry,S-AK,0.2928663215130873,0.2928663215130873,0.02182710012029446,0.02182710012029446,0.05679497354027108,0.05679497354027108,-0.197776349370466,0.197776349370466,-0.01327119162079916,0.01327119162079916,0.005240913436162859,0.005240913436162859,0.105327693399071,0.105327693399071,0.0224521600407087,0.0224521600407087,-0.04913039726664718,0.04913039726664718,0.025970285663469,0.025970285663469
delta_radius_covalent,$\delta r_{\mathrm{cov}}$,chemistry,S-AK,0.2484764235269242,0.2484764235269242,0.02871814963464461,0.02871814963464461,0.1475438399527318,0.1475438399527318,-0.3664125025527057,0.3664125025527057,0.01340280459703952,0.01340280459703952,0.1278778734012234,0.1278778734012234,-0.05782371601219447,0.05782371601219447,0.1055055605088211,0.1055055605088211,0.03151412217134687,0.03151412217134687,-0.1298451772383911,0.1298451772383911
param_geo_radii_Ghosh08,$\Lambda_{\mathrm{Ghosh}}$,chemistry,S-AK,-0.1857543526920893,0.1857543526920893,0.08815768460111198,0.08815768460111198,0.3911668505892,0.3911668505892,0.01899617730157902,0.01899617730157902,0.102246128798609,0.102246128798609,0.1927597413972556,0.1927597413972556,0.3057315367392743,0.3057315367392743,-0.1536655326422316,0.1536655326422316,0.03513062278889113,0.03513062278889113,-0.1165659483777555,0.1165659483777555
param_geo_radii_Pyykko,$\Lambda_{\mathrm{Pyykk\ddot{o}}}$,chemistry,S-AK,-0.1192616975526243,0.1192616975526243,0.01392379054272971,0.01392379054272971,-0.2757827837515686,0.2757827837515686,-0.1291937894333496,0.1291937894333496,0.514037287764993,0.514037287764993,-0.00893525706669798,0.00893525706669798,0.2652879180979675,0.2652879180979675,0.254918990620765,0.254918990620765,-0.5074439946546553,0.5074439946546553,-0.3875556036013511,0.3875556036013511
param_geo_radii_Slatter,$\Lambda_{\mathrm{Slater}}$,chemistry,S-AK,-0.188960212023096,0.188960212023096,-0.1359462540447007,0.1359462540447007,-0.02515581871579448,0.02515581871579448,-0.3761369138737712,0.3761369138737712,0.1315300271680296,0.1315300271680296,-0.0586967166848457,0.0586967166848457,-0.197699936760276,0.197699936760276,-0.1967100315716802,0.1967100315716802,0.06181336522928388,0.06181336522928388,0.2222407590008021,0.2222407590008021
param_geo_radius_PT,$\Lambda_{\mathrm{PT}}$,chemistry,S-AK,-0.1556567709886328,0.1556567709886328,0.02914762355480357,0.02914762355480357,0.3310923596634668,0.3310923596634668,0.1791648031552525,0.1791648031552525,0.1108385658510059,0.1108385658510059,0.4710853005351945,0.4710853005351945,0.267476520559583,0.267476520559583,-0.2624170097018354,0.2624170097018354,0.02386256304523167,0.02386256304523167,0.04149974389388646,0.04149974389388646
param_geo_radius_Saxena,$\Lambda_{\mathrm{Saxena}}$,chemistry,S-AK,-0.1161010120173666,0.1161010120173666,-0.07331688039369738,0.07331688039369738,0.0225997421383936,0.0225997421383936,-0.3862076447406158,0.3862076447406158,0.5186005391762334,0.5186005391762334,-0.07849636674695315,0.07849636674695315,0.1736068714579604,0.1736068714579604,-0.2060895528683687,0.2060895528683687,0.1875852695140228,0.1875852695140228,0.3760245053608722,0.3760245053608722
param_geo_radius_covalent_PT,"$\Lambda_{\mathrm{cov,PT}}$",chemistry,S-AK,-0.1757677597244236,0.1757677597244236,-0.02272957993562,0.02272957993562,0.06686204842957226,0.06686204842957226,0.135741244996564,0.135741244996564,0.3191094779719463,0.3191094779719463,0.08940895685609632,0.08940895685609632,-0.1660137134716377,0.1660137134716377,0.6788709695391958,0.6788709695391958,0.5294378292602977,0.5294378292602977,0.0814474156047805,0.0814474156047805
param_geo_radius_covalent,$\Lambda_{\mathrm{cov}}$,chemistry,S-AK,-0.1758370438239354,0.1758370438239354,-0.01402296091524386,0.01402296091524386,-0.1412753901710327,0.1412753901710327,0.4256425029115151,0.4256425029115151,0.09494363726160297,0.09494363726160297,-0.1608118101927612,0.1608118101927612,0.2429615260254978,0.2429615260254978,0.08701238537187726,0.08701238537187726,-0.16362592143243,0.16362592143243,0.2183438436730543,0.2183438436730543
