component,explained_variance,explained_variance_ratio,cumulative_explained_variance_ratio
PC1,10.19078150933704,0.4237546063720269,0.4237546063720269
PC2,3.397904035388323,0.1412921556297376,0.5650467620017645
PC3,1.905097546699851,0.07921805214471997,0.6442648141464845
PC4,1.619727453740056,0.06735175010480964,0.7116165642512942
PC5,1.202923423049572,0.05002014233776111,0.7616367065890552
PC6,1.01445749995443,0.04218332403461625,0.8038200306236715
PC7,0.7668448603377386,0.0318870580870662,0.8357070887107376
PC8,0.6563224059450462,0.02729129679893194,0.8629983855096696
PC9,0.6201526972416368,0.02578728254250214,0.8887856680521717
PC10,0.5587407163256254,0.02323364033402702,0.9120193083861987
