name,entropy_forming_ability,lat_distortion_misfit_mean,lat_distortion_misfit_stdev,lat_distortion_relax_distance_mean,lat_distortion_relax_distance_stdev,solubility_parameter
Ca_svCdCoFe_pvO:PAW_PBE/AB_cF8_225_a_b.AB:POCC_P0-1xE_P1-0.25xA-0.25xB-0.25xC-0.25xD,21.42211110312,0.08947777046787,0.055631912073,0.1768026629097,0.102619972053,406.933494408
Ca_svFe_pvMn_pvOZn:PAW_PBE/AB_cF8_225_a_b.AB:POCC_P0-1xD_P1-0.25xA-0.25xB-0.25xC-0.25xE,16.0527197258,0.04143623890601,0.01866252879685,0.0842234253755,0.03998904591627,370.5863562612
CoMg_pvMn_pvOSr_sv:PAW_PBE/AB_cF8_225_a_b.AB:POCC_P0-1xD_P1-0.25xA-0.25xB-0.25xC-0.25xE,11.73096290951,0.1369897836383,0.0600225905048,0.2780910811301,0.1306997440602,242.9541147199
CoMg_pvMn_pvNi_pvO:PAW_PBE/AB_cF8_225_a_b.AB:POCC_P0-1xE_P1-0.25xA-0.25xB-0.25xC-0.25xD,24.00201754836,0.04099467482553,0.03416586666927,0.05797475967515,0.04495448979606,254.1738199206
Fe_pvMg_pvMn_pvOSr_sv:PAW_PBE/AB_cF8_225_a_b.AB:POCC_P0-1xD_P1-0.25xA-0.25xB-0.25xC-0.25xE,17.22311689634,0.1355112328323,0.05527485658926,0.2783283381419,0.1004820422984,270.8660179855
Mg_pvOSnSr_svTi_sv:PAW_PBE/AB_cF8_225_a_b.AB:POCC_P0-1xB_P1-0.25xA-0.25xC-0.25xD-0.25xE,6.375121912517,0.2655170214877,0.07416391208587,0.4622749788004,0.1144342872495,312.3588568647
Ca_svNi_pvOSnSr_sv:PAW_PBE/AB_cF8_225_a_b.AB:POCC_P0-1xC_P1-0.25xA-0.25xB-0.25xD-0.25xE,18.43655036927,0.1602322379827,0.1113435299821,0.3404647329205,0.2344229846615,180.8936032438
Cu_pvFe_pvMn_pvOV_sv:PAW_PBE/AB_cF8_225_a_b.AB:POCC_P0-1xD_P1-0.25xA-0.25xB-0.25xC-0.25xE,9.114596181131,0.185187653919,0.09245232300998,0.2746374357482,0.1558481729938,364.1899246444
CoMg_pvOSnZn:PAW_PBE/AB_cF8_225_a_b.AB:POCC_P0-1xC_P1-0.25xA-0.25xB-0.25xD-0.25xE,22.16834102821,0.1174998924979,0.08164659883766,0.2072747512029,0.1280184182078,411.5485808595
CdFe_pvOTi_svZn:PAW_PBE/AB_cF8_225_a_b.AB:POCC_P0-1xC_P1-0.25xA-0.25xB-0.25xD-0.25xE,7.611890663654,0.08874730800297,0.03356513532012,0.1804142893247,0.06482890496177,498.8520322604
Ca_svNb_svOTi_svV_sv:PAW_PBE/AB_cF8_225_a_b.AB:POCC_P0-1xC_P1-0.25xA-0.25xB-0.25xD-0.25xE,13.12056421982,0.1078658624989,0.04909618031854,0.1800444619996,0.06431331093787,293.675243043
Mg_pvNb_svOSr_svV_sv:PAW_PBE/AB_cF8_225_a_b.AB:POCC_P0-1xC_P1-0.25xA-0.25xB-0.25xD-0.25xE,6.60748715485,0.141092103823,0.04529954294575,0.2800918236123,0.1079067492654,250.3460923907
Ca_svMn_pvOSnZn:PAW_PBE/AB_cF8_225_a_b.AB:POCC_P0-1xC_P1-0.25xA-0.25xB-0.25xD-0.25xE,23.93681754698,0.1497934274848,0.09784772085128,0.3183403755268,0.2051201170116,186.9175778032
Ca_svFe_pvMg_pvOSn:PAW_PBE/AB_cF8_225_a_b.AB:POCC_P0-1xD_P1-0.25xA-0.25xB-0.25xC-0.25xE,20.73519368732,0.1867787636738,0.1112462469781,0.3460526586328,0.2177096681992,382.4135018398
CdMg_pvOSr_svV_sv:PAW_PBE/AB_cF8_225_a_b.AB:POCC_P0-1xC_P1-0.25xA-0.25xB-0.25xD-0.25xE,10.90254291667,0.1365764750038,0.06879823786753,0.257593786587,0.1064296884238,350.9180460428
Ca_svMg_pvMn_pvNb_svO:PAW_PBE/AB_cF8_225_a_b.AB:POCC_P0-1xE_P1-0.25xA-0.25xB-0.25xC-0.25xD,8.174533519453,0.1428144202131,0.05572871745138,0.24522313701,0.1094398414352,189.8409946411
Ca_svCdMg_pvNb_svO:PAW_PBE/AB_cF8_225_a_b.AB:POCC_P0-1xE_P1-0.25xA-0.25xB-0.25xC-0.25xD,7.40978737059,0.1063042087796,0.0539591405863,0.1736640628942,0.08053190758881,277.7005315811
Ca_svMg_pvNi_pvOSr_sv:PAW_PBE/AB_cF8_225_a_b.AB:POCC_P0-1xD_P1-0.25xA-0.25xB-0.25xC-0.25xE,17.1517825586,0.102975188836,0.03698609786858,0.2222617423681,0.07265580353244,258.2743822384
Ca_svCoFe_pvOZn:PAW_PBE/AB_cF8_225_a_b.AB:POCC_P0-1xD_P1-0.25xA-0.25xB-0.25xC-0.25xE,24.04631391483,0.08064166055257,0.04190228349242,0.1488564294192,0.0798309859334,325.7470158747
CdCu_pvMg_pvMn_pvO:PAW_PBE/AB_cF8_225_a_b.AB:POCC_P0-1xE_P1-0.25xA-0.25xB-0.25xC-0.25xD,19.98410472043,0.198352630307,0.1895403467137,0.3475194858548,0.338579121896,167.0346959816
Nb_svOSnSr_svV_sv:PAW_PBE/AB_cF8_225_a_b.AB:POCC_P0-1xB_P1-0.25xA-0.25xC-0.25xD-0.25xE,4.258614170597,0.1425227470862,0.1130510971497,0.2485122127993,0.2164185213999,369.4831171348
Fe_pvMg_pvMn_pvNi_pvOZn:PAW_PBE/AB_cF8_225_a_b.AB:POCC_P0-1xE_P1-0.2xA-0.2xB-0.2xC-0.2xD-0.2xF,23.80545577371,0.04598146734206,0.04762863721433,0.08245071101412,0.0854725078521,2747.78781615
Mg_pvNb_svOSnTi_svV_sv:PAW_PBE/AB_cF8_225_a_b.AB:POCC_P0-1xC_P1-0.2xA-0.2xB-0.2xD-0.2xE-0.2xF,18.61994987274,0.1783418002896,0.1574106418866,0.3003214785506,0.2619469995094,2798.152455528
CdOSr_svTi_svV_sv:PAW_PBE/AB_cF8_225_a_b.AB:POCC_P0-1xB_P1-0.25xA-0.25xC-0.25xD-0.25xE,5.340649737366,0.2563515307844,0.07876991556671,0.3729534341495,0.08907070835859,436.1612894933
Ca_svCdMn_pvOSr_sv:PAW_PBE/AB_cF8_225_a_b.AB:POCC_P0-1xD_P1-0.25xA-0.25xB-0.25xC-0.25xE,52.32891369128,0.07400017935913,0.03696587383959,0.1605662505977,0.08507892470932,102.703066923
CoCu_pvMg_pvMn_pvO:PAW_PBE/AB_cF8_225_a_b.AB:POCC_P0-1xE_P1-0.25xA-0.25xB-0.25xC-0.25xD,51.76165204556,0.1062184778999,0.07032951626955,0.1672077394202,0.1126936870009,272.5138365607
CdCu_pvFe_pvOZn:PAW_PBE/AB_cF8_225_a_b.AB:POCC_P0-1xD_P1-0.25xA-0.25xB-0.25xC-0.25xE,21.59239585566,0.1477582280217,0.09414528633204,0.2330851902389,0.1384293672439,318.5540103509
CoCu_pvFe_pvMg_pvOZn:PAW_PBE/AB_cF8_225_a_b.AB:POCC_P0-1xE_P1-0.2xA-0.2xB-0.2xC-0.2xD-0.2xF,48.35202217785,0.1075802028063,0.04809217962427,0.18422681398,0.090310612734,2893.317138761
Ca_svCoMn_pvOSr_sv:PAW_PBE/AB_cF8_225_a_b.AB:POCC_P0-1xD_P1-0.25xA-0.25xB-0.25xC-0.25xE,12.8472039649,0.1508270773831,0.06402542141061,0.3019303504066,0.1377589753137,152.2430094309
CdCoFe_pvOSr_sv:PAW_PBE/AB_cF8_225_a_b.AB:POCC_P0-1xD_P1-0.25xA-0.25xB-0.25xC-0.25xE,13.34099106772,0.1415834400025,0.06538037187307,0.2835341483771,0.1260024654192,343.9788952482
CdCoOSr_svZn:PAW_PBE/AB_cF8_225_a_b.AB:POCC_P0-1xC_P1-0.25xA-0.25xB-0.25xD-0.25xE,16.3544094899,0.1442251463769,0.08172319608912,0.2929193858656,0.1434797461161,288.4967914798
CoCu_pvMn_pvNi_pvOZn:PAW_PBE/AB_cF8_225_a_b.AB:POCC_P0-1xE_P1-0.2xA-0.2xB-0.2xC-0.2xD-0.2xF,35.78262942275,0.1042404672479,0.0701548203551,0.171484267435,0.112586719782,3160.100397299
Ca_svMg_pvNb_svOSn:PAW_PBE/AB_cF8_225_a_b.AB:POCC_P0-1xD_P1-0.25xA-0.25xB-0.25xC-0.25xE,6.713380361249,0.2563431569618,0.08040782269327,0.453033214602,0.1640101074278,389.4281231547
CdMn_pvOSnV_sv:PAW_PBE/AB_cF8_225_a_b.AB:POCC_P0-1xC_P1-0.25xA-0.25xB-0.25xD-0.25xE,6.886954822748,0.227775673304,0.1106325750272,0.2799081969105,0.123176687003,605.3985948165
Mg_pvNb_svOSnV_svZn:PAW_PBE/AB_cF8_225_a_b.AB:POCC_P0-1xC_P1-0.2xA-0.2xB-0.2xD-0.2xE-0.2xF,17.23796221762,0.1854006535941,0.1172171274611,0.3140338513414,0.2074652277632,2549.344543661
Mg_pvNi_pvOSr_svZn:PAW_PBE/AB_cF8_225_a_b.AB:POCC_P0-1xC_P1-0.25xA-0.25xB-0.25xD-0.25xE,12.23772317433,0.1479507266425,0.06066546784622,0.3052481070641,0.1257476655011,269.0853443457
CdMn_pvNi_pvOZn:PAW_PBE/AB_cF8_225_a_b.AB:POCC_P0-1xD_P1-0.25xA-0.25xB-0.25xC-0.25xE,35.80372678313,0.1067684068524,0.1020756319029,0.189572383423,0.150767066177,444.9539445713
CdMn_pvOSr_svV_sv:PAW_PBE/AB_cF8_225_a_b.AB:POCC_P0-1xC_P1-0.25xA-0.25xB-0.25xD-0.25xE,11.51219987018,0.1656941689861,0.08156449026287,0.3003691175857,0.1239992991478,196.0693051215
Cu_pvFe_pvOSnZn:PAW_PBE/AB_cF8_225_a_b.AB:POCC_P0-1xC_P1-0.25xA-0.25xB-0.25xD-0.25xE,18.88538408319,0.1512287339196,0.07469252490882,0.2284518655305,0.11285108207,396.6933787562
Ca_svMg_pvMn_pvNi_pvO:PAW_PBE/AB_cF8_225_a_b.AB:POCC_P0-1xE_P1-0.25xA-0.25xB-0.25xC-0.25xD,40.51373938167,0.06466509643725,0.03743543646034,0.1192360661854,0.06493918081884,228.3041861267
Ca_svCdFe_pvNi_pvO:PAW_PBE/AB_cF8_225_a_b.AB:POCC_P0-1xE_P1-0.25xA-0.25xB-0.25xC-0.25xD,19.76292085087,0.1102304767529,0.07015061624231,0.214363677484,0.1326986076688,268.5519381672
Ca_svMg_pvNb_svOZn:PAW_PBE/AB_cF8_225_a_b.AB:POCC_P0-1xD_P1-0.25xA-0.25xB-0.25xC-0.25xE,13.24268332213,0.1086766700621,0.03926333419695,0.1709217784423,0.05734451112718,302.7946330781
Nb_svOTc_pvTi_svV_sv:PAW_PBE/AB_cF8_225_a_b.AB:POCC_P0-1xB_P1-0.25xA-0.25xC-0.25xD-0.25xE,5.498637293447,0.1764929378943,0.09678204328181,0.2246420223728,0.1279800085121,73.67570195572
Fe_pvNb_svOSnTi_svV_sv:PAW_PBE/AB_cF8_225_a_b.AB:POCC_P0-1xC_P1-0.2xA-0.2xB-0.2xD-0.2xE-0.2xF,15.40971807886,0.1818411964625,0.1199040319518,0.2719971244777,0.1980676397457,3879.192507765
Ca_svCu_pvMg_pvMn_pvO:PAW_PBE/AB_cF8_225_a_b.AB:POCC_P0-1xE_P1-0.25xA-0.25xB-0.25xC-0.25xD,15.86701235843,0.09253259868772,0.05386694989543,0.1765198395874,0.08374365082126,101.5272441298
CoMg_pvMn_pvOSn:PAW_PBE/AB_cF8_225_a_b.AB:POCC_P0-1xD_P1-0.25xA-0.25xB-0.25xC-0.25xE,14.68501137046,0.1310713551384,0.09022880923714,0.1774963747698,0.1420886337741,465.0525011625
CoMg_pvOSnSr_svTi_sv:PAW_PBE/AB_cF8_225_a_b.AB:POCC_P0-1xC_P1-0.2xA-0.2xB-0.2xD-0.2xE-0.2xF,12.64849165234,0.2420605986113,0.1362967074069,0.4510565008293,0.2774927033263,1466.955947831
CoMg_pvNi_pvOSn:PAW_PBE/AB_cF8_225_a_b.AB:POCC_P0-1xD_P1-0.25xA-0.25xB-0.25xC-0.25xE,27.84703760448,0.135143930024,0.09416323569068,0.2115931031459,0.1633968487039,522.5976067645
CdCoMg_pvOSr_sv:PAW_PBE/AB_cF8_225_a_b.AB:POCC_P0-1xD_P1-0.25xA-0.25xB-0.25xC-0.25xE,18.19070832111,0.1045558513455,0.04522793089673,0.2233188496942,0.08728761804101,244.3959411021
CdMg_pvNb_svOSn:PAW_PBE/AB_cF8_225_a_b.AB:POCC_P0-1xD_P1-0.25xA-0.25xB-0.25xC-0.25xE,3.988978621942,0.08844324186469,0.03789139315969,0.1544841982527,0.07558558037181,189.8103383753
Ca_svMn_pvNb_svOSr_sv:PAW_PBE/AB_cF8_225_a_b.AB:POCC_P0-1xD_P1-0.25xA-0.25xB-0.25xC-0.25xE,11.17014626943,0.1719628123221,0.09969688276923,0.3488005029923,0.1900962835776,114.348202306
Cu_pvMg_pvMn_pvOV_svZn:PAW_PBE/AB_cF8_225_a_b.AB:POCC_P0-1xD_P1-0.2xA-0.2xB-0.2xC-0.2xE-0.2xF,28.5412612326,0.1727396005106,0.06482030044101,0.3028079501661,0.1013393868747,2014.879907739
Mg_pvOSnTi_svV_sv:PAW_PBE/AB_cF8_225_a_b.AB:POCC_P0-1xB_P1-0.25xA-0.25xC-0.25xD-0.25xE,4.765300058413,0.2949332923444,0.03233220004457,0.5033600428515,0.05489042312751,1070.408921324
CoCu_pvMg_pvNi_pvOZn:PAW_PBE/AB_cF8_225_a_b.AB:POCC_P0-1xE_P1-0.2xA-0.2xB-0.2xC-0.2xD-0.2xF,66.96348180048,0.1074598617054,0.07004383475819,0.1856274511884,0.1147744318909,2754.645171369
CdFe_pvOSr_svTi_sv:PAW_PBE/AB_cF8_225_a_b.AB:POCC_P0-1xC_P1-0.25xA-0.25xB-0.25xD-0.25xE,5.149248034861,0.1374031826377,0.09241039100239,0.2241473457831,0.1411467998844,308.4481956723
Ca_svCdOSnZn:PAW_PBE/AB_cF8_225_a_b.AB:POCC_P0-1xC_P1-0.25xA-0.25xB-0.25xD-0.25xE,25.57111319348,0.1360365985536,0.1116310046346,0.2998487907086,0.2250528502265,163.6770769098
Ca_svCdMg_pvNi_pvOZn:PAW_PBE/AB_cF8_225_a_b.AB:POCC_P0-1xE_P1-0.2xA-0.2xB-0.2xC-0.2xD-0.2xF,48.75258433842,0.07618835708011,0.02034446130641,0.1626480303906,0.03098781773268,1398.077383206
CdCoOSnZn:PAW_PBE/AB_cF8_225_a_b.AB:POCC_P0-1xC_P1-0.25xA-0.25xB-0.25xD-0.25xE,19.57401641319,0.1606542019765,0.1374395171398,0.300499716952,0.2335517791236,262.6136240729
Cu_pvMn_pvOV_svZn:PAW_PBE/AB_cF8_225_a_b.AB:POCC_P0-1xC_P1-0.25xA-0.25xB-0.25xD-0.25xE,20.20647126345,0.1558392668721,0.08015233628586,0.2437023427282,0.1204227530681,279.6323636619
CdNi_pvOSnZn:PAW_PBE/AB_cF8_225_a_b.AB:POCC_P0-1xC_P1-0.25xA-0.25xB-0.25xD-0.25xE,18.14930220052,0.1714022179567,0.1361282714011,0.31044608468,0.2149713209263,268.8487957547
Ca_svMg_pvMn_pvOSn:PAW_PBE/AB_cF8_225_a_b.AB:POCC_P0-1xD_P1-0.25xA-0.25xB-0.25xC-0.25xE,14.3495227118,0.1909123994704,0.1314239227015,0.3742757460545,0.2482939821713,117.7041817417
CoCu_pvMg_pvNi_pvO:PAW_PBE/AB_cF8_225_a_b.AB:POCC_P0-1xE_P1-0.25xA-0.25xB-0.25xC-0.25xD,26.03312979628,0.07658751920503,0.06356625492493,0.122674754739,0.09654806841221,326.933273797
Fe_pvMn_pvOSnZn:PAW_PBE/AB_cF8_225_a_b.AB:POCC_P0-1xC_P1-0.25xA-0.25xB-0.25xD-0.25xE,14.03219747548,0.1777963570761,0.09779450922077,0.2491816987554,0.1332727453305,628.4771560859
Ca_svMn_pvNb_svOZn:PAW_PBE/AB_cF8_225_a_b.AB:POCC_P0-1xD_P1-0.25xA-0.25xB-0.25xC-0.25xE,11.23170283279,0.122727121302,0.07163929343076,0.1976809338048,0.1257761884076,260.0047505045
Ca_svMg_pvOTi_svV_sv:PAW_PBE/AB_cF8_225_a_b.AB:POCC_P0-1xC_P1-0.25xA-0.25xB-0.25xD-0.25xE,25.92840427976,0.08916319854359,0.06231009266402,0.1681462812186,0.1190094030767,241.5332386946
Mn_pvNb_svOTi_svZn:PAW_PBE/AB_cF8_225_a_b.AB:POCC_P0-1xC_P1-0.25xA-0.25xB-0.25xD-0.25xE,5.164475314666,0.2254723301412,0.0473107997568,0.2666068239227,0.0604861007862,620.7754711585
CdFe_pvNb_svOTi_sv:PAW_PBE/AB_cF8_225_a_b.AB:POCC_P0-1xD_P1-0.25xA-0.25xB-0.25xC-0.25xE,4.640864862051,0.1487870667696,0.03772049477488,0.1176515230416,0.02078596663494,897.1102686324
Nb_svOSnSr_svTi_sv:PAW_PBE/AB_cF8_225_a_b.AB:POCC_P0-1xB_P1-0.25xA-0.25xC-0.25xD-0.25xE,4.209980628661,0.2677520418213,0.1023557174227,0.468907755141,0.2130036530454,284.9376201172
Cu_pvNb_svOSnTc_pv:PAW_PBE/AB_cF8_225_a_b.AB:POCC_P0-1xC_P1-0.25xA-0.25xB-0.25xD-0.25xE,4.154162790766,0.341134746257,0.05725301496678,0.5914710450013,0.1051513748278,207.4299378408
Mg_pvMn_pvNb_svOSr_sv:PAW_PBE/AB_cF8_225_a_b.AB:POCC_P0-1xD_P1-0.25xA-0.25xB-0.25xC-0.25xE,9.480195156402,0.1906336050917,0.07449892196162,0.3675517639441,0.1742029341271,203.4443156091
Cu_pvMn_pvOSnZn:PAW_PBE/AB_cF8_225_a_b.AB:POCC_P0-1xC_P1-0.25xA-0.25xB-0.25xD-0.25xE,15.75400463367,0.1768831937767,0.1210290965389,0.2704238757184,0.1906324133934,284.3329970686
Ca_svMn_pvOSr_svTi_sv:PAW_PBE/AB_cF8_225_a_b.AB:POCC_P0-1xC_P1-0.25xA-0.25xB-0.25xD-0.25xE,6.297392599531,0.1918747726954,0.1020324834661,0.3995243772163,0.1906714847273,191.1683192132
CdCoMg_pvOZn:PAW_PBE/AB_cF8_225_a_b.AB:POCC_P0-1xD_P1-0.25xA-0.25xB-0.25xC-0.25xE,33.39395232009,0.07497899889891,0.06527319846428,0.1369906722696,0.1029228897987,394.2601743177
CoMg_pvMn_pvOV_sv:PAW_PBE/AB_cF8_225_a_b.AB:POCC_P0-1xD_P1-0.25xA-0.25xB-0.25xC-0.25xE,51.35600194911,0.05771060328803,0.03312873880068,0.09357292950706,0.05163249089592,288.3073427151
CoFe_pvMn_pvOZn:PAW_PBE/AB_cF8_225_a_b.AB:POCC_P0-1xD_P1-0.25xA-0.25xB-0.25xC-0.25xE,106.8346916929,0.06496230667333,0.04319547325539,0.0897876953732,0.05923993116987,421.4704101595
CdMg_pvOSnSr_sv:PAW_PBE/AB_cF8_225_a_b.AB:POCC_P0-1xC_P1-0.25xA-0.25xB-0.25xD-0.25xE,22.40114606384,0.1476425133536,0.09886360136891,0.3328079928713,0.2051135112482,117.1088927532
Cu_pvMg_pvNi_pvOZn:PAW_PBE/AB_cF8_225_a_b.AB:POCC_P0-1xD_P1-0.25xA-0.25xB-0.25xC-0.25xE,41.60878757126,0.04945195167277,0.03751534678189,0.08461611805413,0.05700947206726,271.7821200222
Ca_svCdMg_pvOZn:PAW_PBE/AB_cF8_225_a_b.AB:POCC_P0-1xD_P1-0.25xA-0.25xB-0.25xC-0.25xE,33.93611965173,0.05251220398729,0.02463822665885,0.1218607481061,0.04981404068825,185.6218715896
CoMg_pvOSnSr_sv:PAW_PBE/AB_cF8_225_a_b.AB:POCC_P0-1xC_P1-0.25xA-0.25xB-0.25xD-0.25xE,14.38639474802,0.1623521322568,0.07975377873615,0.3451309507385,0.1591492421273,184.5608052679
CdMg_pvOTi_svV_sv:PAW_PBE/AB_cF8_225_a_b.AB:POCC_P0-1xC_P1-0.25xA-0.25xB-0.25xD-0.25xE,6.706971256024,0.03560871843579,0.0329818517903,0.05367162578892,0.05384328673014,963.6473949757
Mg_pvNb_svOV_svZn:PAW_PBE/AB_cF8_225_a_b.AB:POCC_P0-1xC_P1-0.25xA-0.25xB-0.25xD-0.25xE,8.639245745163,0.2344218343121,0.1084827069757,0.3267154050763,0.1695961483771,685.8272929521
Cu_pvNb_svOSnTi_sv:PAW_PBE/AB_cF8_225_a_b.AB:POCC_P0-1xC_P1-0.25xA-0.25xB-0.25xD-0.25xE,4.289474269817,0.3560646252743,0.07957868025604,0.6534889687836,0.1568507927407,485.5677185476
CdMn_pvOV_svZn:PAW_PBE/AB_cF8_225_a_b.AB:POCC_P0-1xC_P1-0.25xA-0.25xB-0.25xD-0.25xE,11.70097019979,0.07479099541135,0.05476169602273,0.1303219323327,0.09335643619038,597.8648017309
CoMn_pvOSnSr_sv:PAW_PBE/AB_cF8_225_a_b.AB:POCC_P0-1xC_P1-0.25xA-0.25xB-0.25xD-0.25xE,13.73741833442,0.1772251234075,0.07611835327812,0.3691505290789,0.1643978388704,178.7819634456
Ca_svCdOV_svZn:PAW_PBE/AB_cF8_225_a_b.AB:POCC_P0-1xC_P1-0.25xA-0.25xB-0.25xD-0.25xE,23.20818390745,0.07750043227791,0.0503202383896,0.1641736525856,0.08630452283124,539.7835493061
Mg_pvMn_pvNb_svOSn:PAW_PBE/AB_cF8_225_a_b.AB:POCC_P0-1xD_P1-0.25xA-0.25xB-0.25xC-0.25xE,3.988040950371,0.1081953659719,0.05895563696705,0.2031231470049,0.09974607402982,320.8779592938
Ca_svFe_pvOSnSr_sv:PAW_PBE/AB_cF8_225_a_b.AB:POCC_P0-1xC_P1-0.25xA-0.25xB-0.25xD-0.25xE,14.22959194829,0.1877136298557,0.1216121724167,0.4060851346039,0.2369228447719,152.5992884089
CdCoMn_pvOZn:PAW_PBE/AB_cF8_225_a_b.AB:POCC_P0-1xD_P1-0.25xA-0.25xB-0.25xC-0.25xE,44.22181802322,0.08959161653775,0.06830613303098,0.1618200845758,0.1066984068142,397.1342777439
CoMn_pvOSnZn:PAW_PBE/AB_cF8_225_a_b.AB:POCC_P0-1xC_P1-0.25xA-0.25xB-0.25xD-0.25xE,20.68033115727,0.1232162057348,0.1004163840855,0.1840423437488,0.1437233078406,600.6536050621
Ca_svFe_pvNb_svOSn:PAW_PBE/AB_cF8_225_a_b.AB:POCC_P0-1xD_P1-0.25xA-0.25xB-0.25xC-0.25xE,5.866711929222,0.2505931115055,0.06375154638469,0.4334729287967,0.1419961656975,305.9577455498
Mn_pvOSnSr_svZn:PAW_PBE/AB_cF8_225_a_b.AB:POCC_P0-1xB_P1-0.25xA-0.25xC-0.25xD-0.25xE,15.61972772582,0.1720373736123,0.0658949346782,0.3714390169444,0.1438032970888,138.1978366932
CdCoFe_pvOZn:PAW_PBE/AB_cF8_225_a_b.AB:POCC_P0-1xD_P1-0.25xA-0.25xB-0.25xC-0.25xE,24.90492946008,0.1312651253792,0.08690983061918,0.2117343940629,0.1517852157901,492.0448618802
CdMg_pvNi_pvOZn:PAW_PBE/AB_cF8_225_a_b.AB:POCC_P0-1xD_P1-0.25xA-0.25xB-0.25xC-0.25xE,31.93961769741,0.04905090857311,0.02127169755248,0.1173508604118,0.04942212711561,373.7539702264
Mn_pvNb_svOSnTi_sv:PAW_PBE/AB_cF8_225_a_b.AB:POCC_P0-1xC_P1-0.25xA-0.25xB-0.25xD-0.25xE,3.155139122178,0.1958782781401,0.1440769901497,0.2530241178864,0.175378514573,557.3039187864
Ca_svCdMg_pvOSr_sv:PAW_PBE/AB_cF8_225_a_b.AB:POCC_P0-1xD_P1-0.25xA-0.25xB-0.25xC-0.25xE,37.6663822975,0.06082229013999,0.02770506546985,0.155578765256,0.06434565075918,123.1070401478
Ca_svCdMn_pvOSn:PAW_PBE/AB_cF8_225_a_b.AB:POCC_P0-1xD_P1-0.25xA-0.25xB-0.25xC-0.25xE,13.73622518491,0.1238249349561,0.108717573676,0.2590152081788,0.2091656166157,133.5276530475
CdOSnSr_svZn:PAW_PBE/AB_cF8_225_a_b.AB:POCC_P0-1xB_P1-0.25xA-0.25xC-0.25xD-0.25xE,19.0645519865,0.1422285072509,0.07371541867755,0.3072207347702,0.1493250629743,133.1370890118
CdMn_pvNi_pvOSn:PAW_PBE/AB_cF8_225_a_b.AB:POCC_P0-1xD_P1-0.25xA-0.25xB-0.25xC-0.25xE,14.92447463695,0.1646680122901,0.112734502058,0.2831357414984,0.2191964721201,285.5390754067
Nb_svOSnTi_svV_sv:PAW_PBE/AB_cF8_225_a_b.AB:POCC_P0-1xB_P1-0.25xA-0.25xC-0.25xD-0.25xE,4.065801649442,0.199137243607,0.1106598597595,0.2669871608406,0.1817301287477,1179.551819194
Ca_svFe_pvNb_svOSr_sv:PAW_PBE/AB_cF8_225_a_b.AB:POCC_P0-1xD_P1-0.25xA-0.25xB-0.25xC-0.25xE,8.009634054659,0.2148382928366,0.08765330652952,0.4265155851052,0.1745177887568,181.1832183369
CdOTi_svV_svZn:PAW_PBE/AB_cF8_225_a_b.AB:POCC_P0-1xB_P1-0.25xA-0.25xC-0.25xD-0.25xE,4.71214013272,0.06787998334309,0.02503759299185,0.105600835969,0.05026620213964,1100.729030252
OSnSr_svTi_svV_sv:PAW_PBE/AB_cF8_225_a_b.AB:POCC_P0-1xA_P1-0.25xB-0.25xC-0.25xD-0.25xE,5.346092785428,0.2446574663607,0.04539326749281,0.4424316774288,0.07291096041502,492.9768575011
Ca_svCdMg_pvOV_sv:PAW_PBE/AB_cF8_225_a_b.AB:POCC_P0-1xD_P1-0.25xA-0.25xB-0.25xC-0.25xE,18.94292613847,0.05379791498887,0.02611693391123,0.126992197677,0.05938255230506,526.426683693
Mg_pvMn_pvOV_svZn:PAW_PBE/AB_cF8_225_a_b.AB:POCC_P0-1xC_P1-0.25xA-0.25xB-0.25xD-0.25xE,11.28145094806,0.05540021421649,0.04017710557699,0.08892384680639,0.06434070268228,299.0815453815
CdCoMg_pvNi_pvO:PAW_PBE/AB_cF8_225_a_b.AB:POCC_P0-1xE_P1-0.25xA-0.25xB-0.25xC-0.25xD,25.90757751258,0.07816649400483,0.05561399451844,0.1435449233426,0.09585534570052,442.1214741231
Fe_pvMg_pvOSr_svZn:PAW_PBE/AB_cF8_225_a_b.AB:POCC_P0-1xC_P1-0.25xA-0.25xB-0.25xD-0.25xE,15.75820767919,0.1239491422864,0.04686572728005,0.2765825162107,0.1045662174112,239.2272482563
CoFe_pvOSnSr_sv:PAW_PBE/AB_cF8_225_a_b.AB:POCC_P0-1xC_P1-0.25xA-0.25xB-0.25xD-0.25xE,10.82640029742,0.150327479939,0.09303654143612,0.3065823276574,0.2095345245876,251.996461419
CdFe_pvMg_pvOSr_sv:PAW_PBE/AB_cF8_225_a_b.AB:POCC_P0-1xD_P1-0.25xA-0.25xB-0.25xC-0.25xE,16.13854911071,0.09856570313917,0.03424645547862,0.2259035227527,0.0695368799672,327.5380980691
OSnTi_svV_svZn:PAW_PBE/AB_cF8_225_a_b.AB:POCC_P0-1xA_P1-0.25xB-0.25xC-0.25xD-0.25xE,4.256992990615,0.08656571828287,0.1388494277285,0.1325997690644,0.2115231632775,800.5802367918
CdFe_pvMg_pvNi_pvO:PAW_PBE/AB_cF8_225_a_b.AB:POCC_P0-1xE_P1-0.25xA-0.25xB-0.25xC-0.25xD,24.7835115169,0.164424347121,0.104099502755,0.2808711115626,0.1704040410793,405.7929005066
Ca_svFe_pvMg_pvNi_pvO:PAW_PBE/AB_cF8_225_a_b.AB:POCC_P0-1xE_P1-0.25xA-0.25xB-0.25xC-0.25xD,24.81579656949,0.0728013944048,0.03785659518676,0.1380927044726,0.07399382499721,291.4396949061
Mg_pvMn_pvOSnTi_sv:PAW_PBE/AB_cF8_225_a_b.AB:POCC_P0-1xC_P1-0.25xA-0.25xB-0.25xD-0.25xE,4.908426315174,0.2996799981594,0.05859923763462,0.4758233950949,0.08635520847453,257.0160303292
Ca_svMg_pvOSnZn:PAW_PBE/AB_cF8_225_a_b.AB:POCC_P0-1xC_P1-0.25xA-0.25xB-0.25xD-0.25xE,21.3070761071,0.1658039994549,0.1148068686508,0.3343021425327,0.2137824570957,186.5685227328
Ca_svFe_pvMg_pvOTi_sv:PAW_PBE/AB_cF8_225_a_b.AB:POCC_P0-1xD_P1-0.25xA-0.25xB-0.25xC-0.25xE,9.59670102078,0.1530501070977,0.08955214014778,0.2782918223821,0.1560064300732,262.2210111677
OSnTc_pvTi_svV_sv:PAW_PBE/AB_cF8_225_a_b.AB:POCC_P0-1xA_P1-0.25xB-0.25xC-0.25xD-0.25xE,3.866695070357,0.01570232766426,0.0,0.01967565696879,0.0,310.04455418
CdMn_pvNb_svOZn:PAW_PBE/AB_cF8_225_a_b.AB:POCC_P0-1xD_P1-0.25xA-0.25xB-0.25xC-0.25xE,5.766353929176,0.09114660485101,0.08214888964076,0.1395794515675,0.126624779403,361.9159424187
CdOSnTi_svV_sv:PAW_PBE/AB_cF8_225_a_b.AB:POCC_P0-1xB_P1-0.25xA-0.25xC-0.25xD-0.25xE,3.812373404383,0.07124402886117,0.04073218645315,0.09952591258513,0.0599935163046,916.471081093
CdMg_pvOSnTi_sv:PAW_PBE/AB_cF8_225_a_b.AB:POCC_P0-1xC_P1-0.25xA-0.25xB-0.25xD-0.25xE,4.373449604558,0.05603290200816,0.05309219910667,0.1192189705773,0.1140877348706,381.3004682373
Mg_pvMn_pvOSr_svV_sv:PAW_PBE/AB_cF8_225_a_b.AB:POCC_P0-1xC_P1-0.25xA-0.25xB-0.25xD-0.25xE,8.24266036666,0.1135012157184,0.05674191396714,0.2462382835066,0.1035616386762,228.4366070462
CdFe_pvNb_svOZn:PAW_PBE/AB_cF8_225_a_b.AB:POCC_P0-1xD_P1-0.25xA-0.25xB-0.25xC-0.25xE,5.73827984948,0.3958338123544,0.1690123616883,0.7859375673089,0.3309667390403,618.993175571
Ca_svCoNi_pvOSr_sv:PAW_PBE/AB_cF8_225_a_b.AB:POCC_P0-1xD_P1-0.25xA-0.25xB-0.25xC-0.25xE,11.62822114202,0.1632532926478,0.06439505814489,0.3280077911056,0.1454828101127,237.0552463984
Ca_svCdNb_svOTi_sv:PAW_PBE/AB_cF8_225_a_b.AB:POCC_P0-1xD_P1-0.25xA-0.25xB-0.25xC-0.25xE,5.49556110825,0.05909245002076,0.005951585312097,0.09070108311565,0.007281580897912,470.5432260046
CdMg_pvNi_pvOSn:PAW_PBE/AB_cF8_225_a_b.AB:POCC_P0-1xD_P1-0.25xA-0.25xB-0.25xC-0.25xE,29.73674552088,0.1332301344818,0.1075853034181,0.2600455517711,0.2062247660145,268.1193081857
Cu_pvFe_pvMg_pvNi_pvO:PAW_PBE/AB_cF8_225_a_b.AB:POCC_P0-1xE_P1-0.25xA-0.25xB-0.25xC-0.25xD,30.68752192721,0.06017698190457,0.04279586212492,0.09534007405017,0.0584946799248,371.3109299549
Ca_svCu_pvMg_pvOZn:PAW_PBE/AB_cF8_225_a_b.AB:POCC_P0-1xD_P1-0.25xA-0.25xB-0.25xC-0.25xE,61.49603845395,0.08134874866286,0.05932286285118,0.1507791915209,0.1087051815635,166.7536651772
CdMg_pvOTi_svZn:PAW_PBE/AB_cF8_225_a_b.AB:POCC_P0-1xC_P1-0.25xA-0.25xB-0.25xD-0.25xE,7.027650965387,0.1030373470455,0.02198840448471,0.1479791771468,0.0439529507035,464.1162893318
CdFe_pvMg_pvNb_svO:PAW_PBE/AB_cF8_225_a_b.AB:POCC_P0-1xE_P1-0.25xA-0.25xB-0.25xC-0.25xD,4.871816198243,0.1253353768449,0.05534017323313,0.1497667046117,0.04029196473425,437.8836489284
Cu_pvFe_pvOV_svZn:PAW_PBE/AB_cF8_225_a_b.AB:POCC_P0-1xC_P1-0.25xA-0.25xB-0.25xD-0.25xE,8.21728834785,0.2863598599017,0.1512788609615,0.4297619842264,0.2496483403892,316.9627983213
Ca_svMn_pvNb_svOTi_sv:PAW_PBE/AB_cF8_225_a_b.AB:POCC_P0-1xD_P1-0.25xA-0.25xB-0.25xC-0.25xE,6.721920363489,0.1549350383131,0.05729684142197,0.2552549333955,0.1053298285468,294.8880823966
CoFe_pvNi_pvOSr_sv:PAW_PBE/AB_cF8_225_a_b.AB:POCC_P0-1xD_P1-0.25xA-0.25xB-0.25xC-0.25xE,9.976111231216,0.2321364595283,0.098493100401,0.4238729255761,0.1826209781346,251.6660791921
Ca_svFe_pvMn_pvOSn:PAW_PBE/AB_cF8_225_a_b.AB:POCC_P0-1xD_P1-0.25xA-0.25xB-0.25xC-0.25xE,23.57791749331,0.174666814786,0.101876499441,0.3439541509573,0.2069902370631,319.6664001888
Ca_svCdNb_svOZn:PAW_PBE/AB_cF8_225_a_b.AB:POCC_P0-1xD_P1-0.25xA-0.25xB-0.25xC-0.25xE,6.563735963077,0.1788982606527,0.09350414042471,0.3327344372801,0.196650398418,222.2729266397
Ni_pvOSnSr_svZn:PAW_PBE/AB_cF8_225_a_b.AB:POCC_P0-1xB_P1-0.25xA-0.25xC-0.25xD-0.25xE,13.19736974049,0.232385215475,0.1267883603062,0.4685303522292,0.223525312252,172.7934199396
Ca_svCoMg_pvOSn:PAW_PBE/AB_cF8_225_a_b.AB:POCC_P0-1xD_P1-0.25xA-0.25xB-0.25xC-0.25xE,29.807494375,0.1201566164559,0.1014071273598,0.2441940672535,0.2003771286354,253.1133781527
Ca_svMg_pvMn_pvOSr_sv:PAW_PBE/AB_cF8_225_a_b.AB:POCC_P0-1xD_P1-0.25xA-0.25xB-0.25xC-0.25xE,14.54686410751,0.1070086504958,0.0559059207771,0.2420803587143,0.1216246596878,78.33842451532
CoFe_pvMn_pvNi_pvO:PAW_PBE/AB_cF8_225_a_b.AB:POCC_P0-1xE_P1-0.25xA-0.25xB-0.25xC-0.25xD,45.52872920607,0.06037116628199,0.0325667428014,0.08388755783387,0.04125067303385,451.6081383551
CdMn_pvNb_svOTi_sv:PAW_PBE/AB_cF8_225_a_b.AB:POCC_P0-1xD_P1-0.25xA-0.25xB-0.25xC-0.25xE,3.593182310662,0.02890820512662,0.002775831161793,0.05376035319931,0.01490545799705,709.2329270803
Nb_svOSnTc_pvZn:PAW_PBE/AB_cF8_225_a_b.AB:POCC_P0-1xB_P1-0.25xA-0.25xC-0.25xD-0.25xE,4.118546606079,0.1658195324487,0.07767195687411,0.2863646764094,0.1540195088962,284.9423272972
Fe_pvNb_svOSnV_sv:PAW_PBE/AB_cF8_225_a_b.AB:POCC_P0-1xC_P1-0.25xA-0.25xB-0.25xD-0.25xE,4.368213441501,0.08849940009513,0.09472017660251,0.1446945793098,0.1615214879441,461.4338419029
Ca_svFe_pvOSr_svTi_sv:PAW_PBE/AB_cF8_225_a_b.AB:POCC_P0-1xC_P1-0.25xA-0.25xB-0.25xD-0.25xE,11.27867218213,0.2038985299818,0.09289977712752,0.4149808900274,0.1825940591167,274.3640380047
Mg_pvOSnTi_svZn:PAW_PBE/AB_cF8_225_a_b.AB:POCC_P0-1xB_P1-0.25xA-0.25xC-0.25xD-0.25xE,4.815243300137,0.2251200236916,0.07851894094103,0.3169833438881,0.1276792235679,309.0957059509
Ca_svFe_pvNi_pvOSr_sv:PAW_PBE/AB_cF8_225_a_b.AB:POCC_P0-1xD_P1-0.25xA-0.25xB-0.25xC-0.25xE,11.13846532629,0.1347795554856,0.03944955204446,0.2715686755078,0.09371180714488,232.9607920329
CdNb_svOSr_svTi_sv:PAW_PBE/AB_cF8_225_a_b.AB:POCC_P0-1xC_P1-0.25xA-0.25xB-0.25xD-0.25xE,4.642372390899,0.05414426984299,0.01236872861764,0.08842709505134,0.02024285962365,324.6879512633
Fe_pvMg_pvOSnSr_sv:PAW_PBE/AB_cF8_225_a_b.AB:POCC_P0-1xC_P1-0.25xA-0.25xB-0.25xD-0.25xE,13.0646677227,0.1758799104053,0.06199579898768,0.3548849614104,0.1321180365049,252.0977397275
CdCoNi_pvOSn:PAW_PBE/AB_cF8_225_a_b.AB:POCC_P0-1xD_P1-0.25xA-0.25xB-0.25xC-0.25xE,14.25714801193,0.1590517239313,0.1286373294637,0.272261155212,0.2157068989592,473.2240763702
Mg_pvNb_svOSr_svZn:PAW_PBE/AB_cF8_225_a_b.AB:POCC_P0-1xC_P1-0.25xA-0.25xB-0.25xD-0.25xE,7.009344542356,0.1490022849648,0.09085675090586,0.2169710016854,0.1231035355674,146.5089217352
CdFe_pvOSnZn:PAW_PBE/AB_cF8_225_a_b.AB:POCC_P0-1xC_P1-0.25xA-0.25xB-0.25xD-0.25xE,15.62139394053,0.2454845287004,0.1312722025063,0.3986756234854,0.2272367683734,480.4930744658
CdMg_pvOSnV_sv:PAW_PBE/AB_cF8_225_a_b.AB:POCC_P0-1xC_P1-0.25xA-0.25xB-0.25xD-0.25xE,5.848016079982,0.03362417579939,0.03595074456772,0.06897138046384,0.06785135848284,281.6453210608
Mn_pvNi_pvOV_svZn:PAW_PBE/AB_cF8_225_a_b.AB:POCC_P0-1xC_P1-0.25xA-0.25xB-0.25xD-0.25xE,14.86355187438,0.1140049016456,0.1206648829081,0.1561243036742,0.1695785560282,275.4549156638
CdMg_pvOSr_svZn:PAW_PBE/AB_cF8_225_a_b.AB:POCC_P0-1xC_P1-0.25xA-0.25xB-0.25xD-0.25xE,19.5198596535,0.1053454074681,0.05169717513499,0.2319953901934,0.09526088821992,191.1031933336
Nb_svNi_pvOSnTi_sv:PAW_PBE/AB_cF8_225_a_b.AB:POCC_P0-1xC_P1-0.25xA-0.25xB-0.25xD-0.25xE,3.814661522713,0.07489865561861,0.0,0.09457951006193,0.0,292.2578983291
CdCoNi_pvOZn:PAW_PBE/AB_cF8_225_a_b.AB:POCC_P0-1xD_P1-0.25xA-0.25xB-0.25xC-0.25xE,25.94340308744,0.09021922212924,0.08254517749803,0.1632355815287,0.136661599844,529.4652786698
Mg_pvOSnV_svZn:PAW_PBE/AB_cF8_225_a_b.AB:POCC_P0-1xB_P1-0.25xA-0.25xC-0.25xD-0.25xE,6.723119244124,0.2467264448235,0.07974760470281,0.3736521235987,0.1367276367743,513.5315246199
Ca_svFe_pvMg_pvOZn:PAW_PBE/AB_cF8_225_a_b.AB:POCC_P0-1xD_P1-0.25xA-0.25xB-0.25xC-0.25xE,20.16083366658,0.05117665612016,0.02190901501318,0.1068704236096,0.04560056773754,230.1781580392
Ca_svCdFe_pvOSn:PAW_PBE/AB_cF8_225_a_b.AB:POCC_P0-1xD_P1-0.25xA-0.25xB-0.25xC-0.25xE,21.3739600415,0.17453777848,0.1239067022262,0.3581646418797,0.2396587440931,246.0051666653
Ca_svMn_pvNb_svOV_sv:PAW_PBE/AB_cF8_225_a_b.AB:POCC_P0-1xD_P1-0.25xA-0.25xB-0.25xC-0.25xE,8.511657317439,0.1660460675795,0.07319992835783,0.2879632816248,0.1510336606998,273.9697044722
CdFe_pvNi_pvOSr_sv:PAW_PBE/AB_cF8_225_a_b.AB:POCC_P0-1xD_P1-0.25xA-0.25xB-0.25xC-0.25xE,11.91973959616,0.125621569205,0.04303010887035,0.2562984686572,0.08480508384174,256.5048948899
Ca_svMg_pvNb_svOTi_sv:PAW_PBE/AB_cF8_225_a_b.AB:POCC_P0-1xD_P1-0.25xA-0.25xB-0.25xC-0.25xE,11.5920246709,0.1401007498782,0.04606197645877,0.2258543855634,0.0798127921618,277.2647982483
Ca_svCoMg_pvOSr_sv:PAW_PBE/AB_cF8_225_a_b.AB:POCC_P0-1xD_P1-0.25xA-0.25xB-0.25xC-0.25xE,18.94397707004,0.1126044709907,0.05473392170251,0.2548714802302,0.1195861809184,251.8558455787
Mg_pvOSr_svTi_svZn:PAW_PBE/AB_cF8_225_a_b.AB:POCC_P0-1xB_P1-0.25xA-0.25xC-0.25xD-0.25xE,8.04300127603,0.1808564662554,0.07927315089888,0.2796292830329,0.0767821511004,164.6052802197
CdMg_pvMn_pvNb_svO:PAW_PBE/AB_cF8_225_a_b.AB:POCC_P0-1xE_P1-0.25xA-0.25xB-0.25xC-0.25xD,5.157748190437,0.1243504354815,0.0572110121015,0.1352367797207,0.06988832050268,330.7885424748
Fe_pvMn_pvOSr_svZn:PAW_PBE/AB_cF8_225_a_b.AB:POCC_P0-1xC_P1-0.25xA-0.25xB-0.25xD-0.25xE,17.53052652209,0.1357824122396,0.06311834597922,0.2953397304609,0.1343623836421,352.4054276466
CdFe_pvMg_pvOZn:PAW_PBE/AB_cF8_225_a_b.AB:POCC_P0-1xD_P1-0.25xA-0.25xB-0.25xC-0.25xE,33.12616374768,0.08455687711414,0.08138457541623,0.1532562883211,0.1387498492496,430.598622679
Ca_svMn_pvNi_pvOSr_sv:PAW_PBE/AB_cF8_225_a_b.AB:POCC_P0-1xD_P1-0.25xA-0.25xB-0.25xC-0.25xE,11.67908114187,0.1275201695531,0.04193981110264,0.2464056919043,0.0894638808342,190.5872048896
CdMn_pvNb_svOSr_sv:PAW_PBE/AB_cF8_225_a_b.AB:POCC_P0-1xD_P1-0.25xA-0.25xB-0.25xC-0.25xE,6.073418004839,0.1868555148014,0.07979654971041,0.3401016119305,0.1135302291027,91.14527699709
CdCu_pvFe_pvMg_pvO:PAW_PBE/AB_cF8_225_a_b.AB:POCC_P0-1xE_P1-0.25xA-0.25xB-0.25xC-0.25xD,21.75101313161,0.1484411572793,0.08054740935619,0.2351787333897,0.128410786211,281.9870721511
Ca_svOSnTi_svV_sv:PAW_PBE/AB_cF8_225_a_b.AB:POCC_P0-1xB_P1-0.25xA-0.25xC-0.25xD-0.25xE,5.912163559239,0.2446403233606,0.06620294623331,0.4476194283526,0.1117632419164,765.53369426
Fe_pvMg_pvMn_pvNi_pvO:PAW_PBE/AB_cF8_225_a_b.AB:POCC_P0-1xE_P1-0.25xA-0.25xB-0.25xC-0.25xD,65.4650116157,0.03418883193286,0.01244388436002,0.05539314604142,0.02133921559967,397.994567541
CdFe_pvNi_pvOSn:PAW_PBE/AB_cF8_225_a_b.AB:POCC_P0-1xD_P1-0.25xA-0.25xB-0.25xC-0.25xE,14.78381240859,0.1778964618199,0.1082393520548,0.2937749169762,0.2022067888165,337.6724189241
CdMg_pvOV_svZn:PAW_PBE/AB_cF8_225_a_b.AB:POCC_P0-1xC_P1-0.25xA-0.25xB-0.25xD-0.25xE,13.83195787217,0.04875832869938,0.02669728720147,0.08667180039342,0.05021424080035,860.5210703566
Ca_svMg_pvMn_pvOTi_sv:PAW_PBE/AB_cF8_225_a_b.AB:POCC_P0-1xD_P1-0.25xA-0.25xB-0.25xC-0.25xE,9.441085452362,0.1044588827003,0.06595313728372,0.201785197089,0.1225367251852,199.3565424133
CoCu_pvFe_pvNi_pvO:PAW_PBE/AB_cF8_225_a_b.AB:POCC_P0-1xE_P1-0.25xA-0.25xB-0.25xC-0.25xD,33.43954650548,0.1270548685105,0.1089947110012,0.1910020422721,0.1888899906656,465.6142521322
Ca_svCdNb_svOSn:PAW_PBE/AB_cF8_225_a_b.AB:POCC_P0-1xD_P1-0.25xA-0.25xB-0.25xC-0.25xE,4.537598412995,0.06794256449839,0.008372222929294,0.07171453776226,0.0111203605233,146.7408217202
Fe_pvMg_pvNb_svOSn:PAW_PBE/AB_cF8_225_a_b.AB:POCC_P0-1xD_P1-0.25xA-0.25xB-0.25xC-0.25xE,5.161494903416,0.05127854929423,0.02250364207339,0.06566622155048,0.038184987738,257.1482958192
Cu_pvMg_pvOV_svZn:PAW_PBE/AB_cF8_225_a_b.AB:POCC_P0-1xC_P1-0.25xA-0.25xB-0.25xD-0.25xE,26.11182622116,0.1375879654603,0.07163842342907,0.2194392461082,0.1162217263126,265.9172195581
Fe_pvMg_pvNb_svOSr_sv:PAW_PBE/AB_cF8_225_a_b.AB:POCC_P0-1xD_P1-0.25xA-0.25xB-0.25xC-0.25xE,7.832122158608,0.2597908256375,0.1108404796082,0.5075878007865,0.2298452679858,200.8669660307
Ca_svOSnSr_svTi_sv:PAW_PBE/AB_cF8_225_a_b.AB:POCC_P0-1xB_P1-0.25xA-0.25xC-0.25xD-0.25xE,8.157656815264,0.2243251700031,0.08202372380953,0.4418368836884,0.1605875421979,217.2271380058
CdMg_pvOSnZn:PAW_PBE/AB_cF8_225_a_b.AB:POCC_P0-1xC_P1-0.25xA-0.25xB-0.25xD-0.25xE,20.36997140778,0.1906796648591,0.1231822781668,0.3654974815132,0.2379577181034,218.1644252913
Ca_svCdNb_svOSr_sv:PAW_PBE/AB_cF8_225_a_b.AB:POCC_P0-1xD_P1-0.25xA-0.25xB-0.25xC-0.25xE,6.924489637565,0.1663379259019,0.06818165782874,0.3588383671018,0.1126482512674,118.710736531
CdFe_pvOSnTi_sv:PAW_PBE/AB_cF8_225_a_b.AB:POCC_P0-1xC_P1-0.25xA-0.25xB-0.25xD-0.25xE,5.75736543041,0.06561260363896,0.01903870731089,0.1042541130795,0.03096614703331,807.3975566641
Fe_pvNb_svOSnZn:PAW_PBE/AB_cF8_225_a_b.AB:POCC_P0-1xC_P1-0.25xA-0.25xB-0.25xD-0.25xE,5.19795314606,0.3735154835203,0.03839606360734,0.5921956538492,0.06217271233128,334.8516240734
Cu_pvNb_svOSnV_sv:PAW_PBE/AB_cF8_225_a_b.AB:POCC_P0-1xC_P1-0.25xA-0.25xB-0.25xD-0.25xE,4.161323888764,0.3095979478146,0.04938028833315,0.5588971683226,0.09832275411721,255.7475287629
CdNb_svOTi_svV_sv:PAW_PBE/AB_cF8_225_a_b.AB:POCC_P0-1xC_P1-0.25xA-0.25xB-0.25xD-0.25xE,4.798307296108,0.06455632283764,0.004149092056436,0.09708217406519,0.01341943789937,1182.321876474
CdFe_pvMn_pvNi_pvO:PAW_PBE/AB_cF8_225_a_b.AB:POCC_P0-1xE_P1-0.25xA-0.25xB-0.25xC-0.25xD,20.99165624471,0.09878379762065,0.1055434328896,0.1625140845015,0.1529175748894,712.9312223494
Ca_svFe_pvOSnTi_sv:PAW_PBE/AB_cF8_225_a_b.AB:POCC_P0-1xC_P1-0.25xA-0.25xB-0.25xD-0.25xE,6.592273064295,0.3469891289931,0.2531227532823,0.6902204311079,0.5364180044762,434.2875142488
Ca_svCdMg_pvNi_pvO:PAW_PBE/AB_cF8_225_a_b.AB:POCC_P0-1xE_P1-0.25xA-0.25xB-0.25xC-0.25xD,23.07431673704,0.05577079467708,0.02031463719226,0.1269940244456,0.0457816219483,271.4869979345
Ca_svMg_pvNb_svOSr_sv:PAW_PBE/AB_cF8_225_a_b.AB:POCC_P0-1xD_P1-0.25xA-0.25xB-0.25xC-0.25xE,14.96596545742,0.09340563561999,0.02657929101655,0.1901532158742,0.05445045907709,259.6683035939
Mg_pvNi_pvOSnZn:PAW_PBE/AB_cF8_225_a_b.AB:POCC_P0-1xC_P1-0.25xA-0.25xB-0.25xD-0.25xE,24.7740880531,0.1017191736867,0.06360210852411,0.182744560589,0.1149438295939,321.9397047607
Mg_pvMn_pvOSnSr_sv:PAW_PBE/AB_cF8_225_a_b.AB:POCC_P0-1xC_P1-0.25xA-0.25xB-0.25xD-0.25xE,13.3997478989,0.1749428597897,0.0756824297,0.3719829628408,0.16239547871,93.09186412357
Fe_pvMg_pvNi_pvOSr_sv:PAW_PBE/AB_cF8_225_a_b.AB:POCC_P0-1xD_P1-0.25xA-0.25xB-0.25xC-0.25xE,11.14767547108,0.1414136334391,0.07472042884607,0.2751050632887,0.1283744466376,272.973579074
Ca_svMg_pvMn_pvOV_sv:PAW_PBE/AB_cF8_225_a_b.AB:POCC_P0-1xD_P1-0.25xA-0.25xB-0.25xC-0.25xE,12.95102523011,0.04951010958426,0.03043348973785,0.1102194014259,0.06704676696579,198.2977686196
CoCu_pvFe_pvOV_sv:PAW_PBE/AB_cF8_225_a_b.AB:POCC_P0-1xD_P1-0.25xA-0.25xB-0.25xC-0.25xE,12.46967160982,0.3563279980879,0.2499613102847,0.5509988168449,0.4071222589604,355.9794688698
Ca_svCoOSnSr_sv:PAW_PBE/AB_cF8_225_a_b.AB:POCC_P0-1xC_P1-0.25xA-0.25xB-0.25xD-0.25xE,17.90812213199,0.1371518238887,0.1046653669013,0.30368905702,0.2161508018618,176.7841994842
Fe_pvMn_pvNi_pvOZn:PAW_PBE/AB_cF8_225_a_b.AB:POCC_P0-1xD_P1-0.25xA-0.25xB-0.25xC-0.25xE,85.61267679531,0.04589441337017,0.07016397580045,0.06927314760623,0.09191115681291,524.1719732419
Ca_svCoMg_pvMn_pvO:PAW_PBE/AB_cF8_225_a_b.AB:POCC_P0-1xE_P1-0.25xA-0.25xB-0.25xC-0.25xD,50.43887023527,0.06081683910264,0.03904271753993,0.1240754771598,0.07755313028429,235.7013412135
Ca_svNb_svOSnTi_sv:PAW_PBE/AB_cF8_225_a_b.AB:POCC_P0-1xC_P1-0.25xA-0.25xB-0.25xD-0.25xE,5.432017556054,0.2653383852462,0.0302900166721,0.5071322513761,0.09101013391892,559.8206109805
Ca_svCdOSr_svV_sv:PAW_PBE/AB_cF8_225_a_b.AB:POCC_P0-1xC_P1-0.25xA-0.25xB-0.25xD-0.25xE,16.23996239587,0.1725784280939,0.1124465873026,0.348519466297,0.2102472455921,168.1111337315
Ca_svMg_pvOSnTi_sv:PAW_PBE/AB_cF8_225_a_b.AB:POCC_P0-1xC_P1-0.25xA-0.25xB-0.25xD-0.25xE,6.753163509316,0.2392581442072,0.08056214750047,0.3927007614059,0.1294250023605,417.7125362151
Mn_pvNb_svOTi_svV_sv:PAW_PBE/AB_cF8_225_a_b.AB:POCC_P0-1xC_P1-0.25xA-0.25xB-0.25xD-0.25xE,13.20301033604,0.1379131928164,0.08432622499684,0.1928794861304,0.1197619794235,258.8014867044
Ca_svMg_pvNi_pvOSn:PAW_PBE/AB_cF8_225_a_b.AB:POCC_P0-1xD_P1-0.25xA-0.25xB-0.25xC-0.25xE,28.70208163348,0.1166941610069,0.09916306128677,0.2505564729705,0.2000231496914,230.6001773891
CdCu_pvOV_svZn:PAW_PBE/AB_cF8_225_a_b.AB:POCC_P0-1xC_P1-0.25xA-0.25xB-0.25xD-0.25xE,11.84238279002,0.154276432207,0.1007826391168,0.2523396745142,0.1491569324221,289.8851542446
CdMg_pvNb_svOZn:PAW_PBE/AB_cF8_225_a_b.AB:POCC_P0-1xD_P1-0.25xA-0.25xB-0.25xC-0.25xE,5.580423970217,0.0572685831535,0.07109318421419,0.0638635206089,0.08150371808553,295.9621890268
CdCoFe_pvOSn:PAW_PBE/AB_cF8_225_a_b.AB:POCC_P0-1xD_P1-0.25xA-0.25xB-0.25xC-0.25xE,15.26420880855,0.1642603612315,0.1276784018879,0.2901655258205,0.2449158839457,381.8483030204
Nb_svOSr_svTc_pvTi_sv:PAW_PBE/AB_cF8_225_a_b.AB:POCC_P0-1xB_P1-0.25xA-0.25xC-0.25xD-0.25xE,5.623229013061,0.3537247239031,0.1143433931179,0.7109945825343,0.2962459128861,151.221129219
Cu_pvNb_svOSnSr_sv:PAW_PBE/AB_cF8_225_a_b.AB:POCC_P0-1xC_P1-0.25xA-0.25xB-0.25xD-0.25xE,4.992269341506,0.5168053325037,0.1727484775263,1.268701304698,0.3747773290863,148.9365321723
Ca_svCdMg_pvOTi_sv:PAW_PBE/AB_cF8_225_a_b.AB:POCC_P0-1xD_P1-0.25xA-0.25xB-0.25xC-0.25xE,8.944098929303,0.1210139337965,0.08115766913733,0.1996223232674,0.1088509264735,384.1925319221
Ca_svNb_svOSr_svV_sv:PAW_PBE/AB_cF8_225_a_b.AB:POCC_P0-1xC_P1-0.25xA-0.25xB-0.25xD-0.25xE,8.074148880988,0.1631299745429,0.09937980162338,0.3305018225797,0.1710572032089,296.2118306506
CdFe_pvNb_svOSn:PAW_PBE/AB_cF8_225_a_b.AB:POCC_P0-1xD_P1-0.25xA-0.25xB-0.25xC-0.25xE,4.454260819089,0.162275007168,0.02452526747574,0.2438760324627,0.0431308041988,535.4789238615
CoMg_pvNi_pvOSr_sv:PAW_PBE/AB_cF8_225_a_b.AB:POCC_P0-1xD_P1-0.25xA-0.25xB-0.25xC-0.25xE,10.8287037199,0.1872820037849,0.08211604754803,0.3741934991857,0.1649468988573,290.289583528
CoMn_pvOSr_svZn:PAW_PBE/AB_cF8_225_a_b.AB:POCC_P0-1xC_P1-0.25xA-0.25xB-0.25xD-0.25xE,16.35939499647,0.1261532816635,0.06659588126999,0.2637898758047,0.1455318926917,289.4436359448
Ca_svMn_pvOTi_svV_sv:PAW_PBE/AB_cF8_225_a_b.AB:POCC_P0-1xC_P1-0.25xA-0.25xB-0.25xD-0.25xE,10.94151861096,0.1101336132652,0.05995321465834,0.1932293266768,0.1194581280345,216.9018399291
Ca_svCdCoMg_pvO:PAW_PBE/AB_cF8_225_a_b.AB:POCC_P0-1xE_P1-0.25xA-0.25xB-0.25xC-0.25xD,26.89586825526,0.05652462502871,0.02043168480097,0.1277494484109,0.04626999398769,276.1781817398
Mn_pvOSr_svTi_svV_sv:PAW_PBE/AB_cF8_225_a_b.AB:POCC_P0-1xB_P1-0.25xA-0.25xC-0.25xD-0.25xE,8.326662811509,0.1994500467371,0.1092881695135,0.3649457620558,0.2122131672633,153.0437081193
CdOSr_svTi_svZn:PAW_PBE/AB_cF8_225_a_b.AB:POCC_P0-1xB_P1-0.25xA-0.25xC-0.25xD-0.25xE,6.741520113632,0.1902537768634,0.08329488501151,0.472219765026,0.2952308046778,299.8781370482
Fe_pvNi_pvOSnZn:PAW_PBE/AB_cF8_225_a_b.AB:POCC_P0-1xC_P1-0.25xA-0.25xB-0.25xD-0.25xE,13.88675893512,0.1761330696813,0.143610331184,0.2729161745958,0.2345849255539,348.7542831359
Ca_svNb_svOSnSr_sv:PAW_PBE/AB_cF8_225_a_b.AB:POCC_P0-1xC_P1-0.25xA-0.25xB-0.25xD-0.25xE,5.671414782358,0.1213719202256,0.03841911037889,0.2598423484871,0.1351716864541,96.03442473802
CdMg_pvNb_svOV_sv:PAW_PBE/AB_cF8_225_a_b.AB:POCC_P0-1xD_P1-0.25xA-0.25xB-0.25xC-0.25xE,5.156395721269,0.2114561462484,0.1116980652709,0.3164333826475,0.1320558370555,1030.634842263
Fe_pvNb_svOSnSr_sv:PAW_PBE/AB_cF8_225_a_b.AB:POCC_P0-1xC_P1-0.25xA-0.25xB-0.25xD-0.25xE,5.298468070303,0.2544841842241,0.04495635374876,0.6324077541623,0.1770701772725,243.1949844806
Ca_svCu_pvMg_pvOV_sv:PAW_PBE/AB_cF8_225_a_b.AB:POCC_P0-1xD_P1-0.25xA-0.25xB-0.25xC-0.25xE,16.10773347439,0.1644938217346,0.09103881569215,0.3071784371051,0.1597351823614,187.4610338548
Ca_svFe_pvMg_pvOSr_sv:PAW_PBE/AB_cF8_225_a_b.AB:POCC_P0-1xD_P1-0.25xA-0.25xB-0.25xC-0.25xE,16.86436663235,0.1273956540461,0.05738633872993,0.2879216519465,0.1428381636568,138.9419640135
Ca_svOSnSr_svZn:PAW_PBE/AB_cF8_225_a_b.AB:POCC_P0-1xB_P1-0.25xA-0.25xC-0.25xD-0.25xE,17.74295675076,0.167780929308,0.09149149816685,0.3644090374303,0.1780635705262,121.7861710513
CdMn_pvOSr_svTi_sv:PAW_PBE/AB_cF8_225_a_b.AB:POCC_P0-1xC_P1-0.25xA-0.25xB-0.25xD-0.25xE,7.253751966184,0.1221112223141,0.1145274211838,0.2008945538584,0.1894670740864,171.400655138
Mn_pvNi_pvOSr_svZn:PAW_PBE/AB_cF8_225_a_b.AB:POCC_P0-1xC_P1-0.25xA-0.25xB-0.25xD-0.25xE,13.72466791526,0.1499291506248,0.06756505701451,0.2792799636685,0.1051520588299,229.6354603829
CdOSr_svV_svZn:PAW_PBE/AB_cF8_225_a_b.AB:POCC_P0-1xB_P1-0.25xA-0.25xC-0.25xD-0.25xE,13.13615387995,0.1939398569256,0.122239877879,0.373036722577,0.2266927295224,340.5844791606
CoFe_pvMg_pvOSn:PAW_PBE/AB_cF8_225_a_b.AB:POCC_P0-1xD_P1-0.25xA-0.25xB-0.25xC-0.25xE,19.0575360471,0.165544306823,0.0988122695152,0.2556554499447,0.1755654069953,604.1282595944
Cu_pvOSnTi_svV_sv:PAW_PBE/AB_cF8_225_a_b.AB:POCC_P0-1xB_P1-0.25xA-0.25xC-0.25xD-0.25xE,4.510201828472,0.1516635177916,0.06350299343876,0.2576047767387,0.1239362772754,284.1570666247
Ca_svMn_pvOSr_svZn:PAW_PBE/AB_cF8_225_a_b.AB:POCC_P0-1xC_P1-0.25xA-0.25xB-0.25xD-0.25xE,18.44354912922,0.1283153107401,0.06391617463887,0.2640789515733,0.1472087319816,126.9166909451
Mg_pvNb_svOTi_svV_sv:PAW_PBE/AB_cF8_225_a_b.AB:POCC_P0-1xC_P1-0.25xA-0.25xB-0.25xD-0.25xE,12.07624693177,0.1942229840571,0.08808278399612,0.2738317434392,0.1206649129107,374.3213453962
Ca_svCdMn_pvNi_pvO:PAW_PBE/AB_cF8_225_a_b.AB:POCC_P0-1xE_P1-0.25xA-0.25xB-0.25xC-0.25xD,32.9054670486,0.09508230860327,0.06435090370181,0.1765375496292,0.1135393573376,253.217782054
CoFe_pvOSnZn:PAW_PBE/AB_cF8_225_a_b.AB:POCC_P0-1xC_P1-0.25xA-0.25xB-0.25xD-0.25xE,16.22142449268,0.1704689357812,0.106705917114,0.2573928868119,0.1663812985064,573.6277102017
Mg_pvNb_svOSnSr_sv:PAW_PBE/AB_cF8_225_a_b.AB:POCC_P0-1xC_P1-0.25xA-0.25xB-0.25xD-0.25xE,5.606050966766,0.08964829328217,0.05331119648722,0.2044973337084,0.1234049493017,197.93939382
CdFe_pvOSr_svZn:PAW_PBE/AB_cF8_225_a_b.AB:POCC_P0-1xC_P1-0.25xA-0.25xB-0.25xD-0.25xE,15.93888917213,0.1322023376718,0.06176536801515,0.2810089671061,0.1217045364267,339.838717912
Ca_svFe_pvOSnZn:PAW_PBE/AB_cF8_225_a_b.AB:POCC_P0-1xC_P1-0.25xA-0.25xB-0.25xD-0.25xE,19.98603932364,0.1728653292515,0.1039124650434,0.333095892512,0.196500373174,490.8412316324
Mg_pvNb_svOTi_svZn:PAW_PBE/AB_cF8_225_a_b.AB:POCC_P0-1xC_P1-0.25xA-0.25xB-0.25xD-0.25xE,9.051676384882,0.18354267445,0.05292143827869,0.2519648536387,0.07245187879794,316.8733870887
Ca_svCdMg_pvMn_pvO:PAW_PBE/AB_cF8_225_a_b.AB:POCC_P0-1xE_P1-0.25xA-0.25xB-0.25xC-0.25xD,23.85473359883,0.04837776512224,0.03479662871287,0.1110578480508,0.0639710947736,106.6677516531
Nb_svOSnSr_svZn:PAW_PBE/AB_cF8_225_a_b.AB:POCC_P0-1xB_P1-0.25xA-0.25xC-0.25xD-0.25xE,5.221351498812,0.1978305292272,0.03609738729963,0.2123167886396,0.1111770516056,183.3209172758
Ca_svMg_pvOSnV_sv:PAW_PBE/AB_cF8_225_a_b.AB:POCC_P0-1xC_P1-0.25xA-0.25xB-0.25xD-0.25xE,10.54920220578,0.2035356493623,0.09091219204484,0.3527827383136,0.1535441134629,574.3902716147
Ca_svCdFe_pvMg_pvO:PAW_PBE/AB_cF8_225_a_b.AB:POCC_P0-1xE_P1-0.25xA-0.25xB-0.25xC-0.25xD,17.82089831835,0.06103536797811,0.02725998691804,0.1324612554724,0.0510330143757,355.4756403614
Ca_svCu_pvMn_pvOV_sv:PAW_PBE/AB_cF8_225_a_b.AB:POCC_P0-1xD_P1-0.25xA-0.25xB-0.25xC-0.25xE,9.707411999619,0.1739306914519,0.06658481687166,0.3094142418188,0.1354449439783,220.1303298615
Ca_svMg_pvOSr_svZn:PAW_PBE/AB_cF8_225_a_b.AB:POCC_P0-1xC_P1-0.25xA-0.25xB-0.25xD-0.25xE,21.27642263139,0.1009462517908,0.04796901282112,0.235598550223,0.1081493209302,175.6893083516
CdCoOSnSr_sv:PAW_PBE/AB_cF8_225_a_b.AB:POCC_P0-1xC_P1-0.25xA-0.25xB-0.25xD-0.25xE,18.35129892787,0.1952650440944,0.1536670067579,0.3905126685903,0.2731776472245,178.456100871
Mg_pvNb_svOSnTi_sv:PAW_PBE/AB_cF8_225_a_b.AB:POCC_P0-1xC_P1-0.25xA-0.25xB-0.25xD-0.25xE,4.21558907809,0.2900552979804,0.03043189512594,0.4262557029091,0.09097981839025,614.8723010869
CdMg_pvMn_pvNi_pvO:PAW_PBE/AB_cF8_225_a_b.AB:POCC_P0-1xE_P1-0.25xA-0.25xB-0.25xC-0.25xD,32.44454359607,0.1100525549029,0.104341994667,0.200364918543,0.1619072237827,339.2989433196
Mg_pvMn_pvNi_pvOSn:PAW_PBE/AB_cF8_225_a_b.AB:POCC_P0-1xD_P1-0.25xA-0.25xB-0.25xC-0.25xE,12.93335817381,0.1470170200588,0.08766946385863,0.2114768538615,0.1169231401379,238.4092975747
CdNb_svOSnZn:PAW_PBE/AB_cF8_225_a_b.AB:POCC_P0-1xC_P1-0.25xA-0.25xB-0.25xD-0.25xE,4.486129848977,0.3977887012329,0.07499977455228,0.6130775128599,0.1085920961877,415.3637554718
CdCoMn_pvNi_pvO:PAW_PBE/AB_cF8_225_a_b.AB:POCC_P0-1xE_P1-0.25xA-0.25xB-0.25xC-0.25xD,19.2784945856,0.1570839440773,0.1295725628264,0.256965167286,0.2054593665896,732.6560478159
Ca_svFe_pvMn_pvOSr_sv:PAW_PBE/AB_cF8_225_a_b.AB:POCC_P0-1xD_P1-0.25xA-0.25xB-0.25xC-0.25xE,9.900212605634,0.141739696226,0.06314036870668,0.2926241273929,0.132285678963,200.6505760516
Ca_svOSnTi_svZn:PAW_PBE/AB_cF8_225_a_b.AB:POCC_P0-1xB_P1-0.25xA-0.25xC-0.25xD-0.25xE,6.568988124844,0.1420426243623,0.09499500062895,0.2366199008161,0.1427496822,352.5211405913
Ca_svNb_svOSr_svTi_sv:PAW_PBE/AB_cF8_225_a_b.AB:POCC_P0-1xC_P1-0.25xA-0.25xB-0.25xD-0.25xE,8.467350841553,0.1551836026736,0.0998500514239,0.3171733268172,0.1964642463273,190.306922701
CoFe_pvNi_pvOV_sv:PAW_PBE/AB_cF8_225_a_b.AB:POCC_P0-1xD_P1-0.25xA-0.25xB-0.25xC-0.25xE,12.12422688825,0.3048964928082,0.2566859557615,0.4422758411594,0.3977185310167,329.6782898639
CdMg_pvMn_pvOSn:PAW_PBE/AB_cF8_225_a_b.AB:POCC_P0-1xD_P1-0.25xA-0.25xB-0.25xC-0.25xE,15.32008579202,0.1902384632415,0.1361305061719,0.3281572432911,0.2277930410769,217.3095990299
CoMg_pvOSr_svZn:PAW_PBE/AB_cF8_225_a_b.AB:POCC_P0-1xC_P1-0.25xA-0.25xB-0.25xD-0.25xE,14.1965494609,0.1687936575777,0.07560840794582,0.3469617584922,0.1582179101403,265.1075668956
Ca_svOSnSr_svV_sv:PAW_PBE/AB_cF8_225_a_b.AB:POCC_P0-1xB_P1-0.25xA-0.25xC-0.25xD-0.25xE,14.52301219322,0.2039858081158,0.1243103624895,0.4250218673975,0.2347968874852,345.6511246255
Cu_pvFe_pvMg_pvOTi_sv:PAW_PBE/AB_cF8_225_a_b.AB:POCC_P0-1xD_P1-0.25xA-0.25xB-0.25xC-0.25xE,13.79918053799,0.2475487593054,0.1377532859864,0.365453574046,0.2154194285971,266.3960489015
CdMn_pvNb_svOSn:PAW_PBE/AB_cF8_225_a_b.AB:POCC_P0-1xD_P1-0.25xA-0.25xB-0.25xC-0.25xE,3.67177810485,0.04145196281456,0.0646476210466,0.09446224179966,0.1265638531923,303.0537389878
Mg_pvNb_svOSnZn:PAW_PBE/AB_cF8_225_a_b.AB:POCC_P0-1xC_P1-0.25xA-0.25xB-0.25xD-0.25xE,4.429462875127,0.1618067946891,0.1216140718117,0.2961219674493,0.2199536788848,227.0954037013
Ca_svCdCoMn_pvO:PAW_PBE/AB_cF8_225_a_b.AB:POCC_P0-1xE_P1-0.25xA-0.25xB-0.25xC-0.25xD,35.29413914006,0.07479522287858,0.02983616611273,0.1452823164236,0.05791867400489,271.4965810571
Cu_pvFe_pvMg_pvOZn:PAW_PBE/AB_cF8_225_a_b.AB:POCC_P0-1xD_P1-0.25xA-0.25xB-0.25xC-0.25xE,25.06394783062,0.0857230242716,0.04504670484046,0.1283939586318,0.07289186360154,273.7111912784
Fe_pvMn_pvOSnSr_sv:PAW_PBE/AB_cF8_225_a_b.AB:POCC_P0-1xC_P1-0.25xA-0.25xB-0.25xD-0.25xE,12.25015126864,0.1651529098092,0.06708338379863,0.3548901329782,0.1472953572362,255.0248099546
Mg_pvMn_pvOTi_svV_sv:PAW_PBE/AB_cF8_225_a_b.AB:POCC_P0-1xC_P1-0.25xA-0.25xB-0.25xD-0.25xE,15.43548495623,0.08828593951491,0.05014073382738,0.1333117032314,0.07972703807581,267.2835317945
Ca_svMg_pvMn_pvOZn:PAW_PBE/AB_cF8_225_a_b.AB:POCC_P0-1xD_P1-0.25xA-0.25xB-0.25xC-0.25xE,13.22884004394,0.03841403415575,0.0166494066048,0.08413073260257,0.03606926518155,154.5268220198
CdOSnSr_svV_sv:PAW_PBE/AB_cF8_225_a_b.AB:POCC_P0-1xB_P1-0.25xA-0.25xC-0.25xD-0.25xE,7.669481226896,0.1802657708498,0.08590108382125,0.3163775243683,0.1575333334074,158.1503213459
Ca_svCoNi_pvOSn:PAW_PBE/AB_cF8_225_a_b.AB:POCC_P0-1xD_P1-0.25xA-0.25xB-0.25xC-0.25xE,21.91397225454,0.15738932764,0.1200430121186,0.3141112345142,0.2370772103168,249.8619376257
Fe_pvMn_pvNi_pvOSr_sv:PAW_PBE/AB_cF8_225_a_b.AB:POCC_P0-1xD_P1-0.25xA-0.25xB-0.25xC-0.25xE,10.89741473085,0.1798187042539,0.1217957086629,0.3427777561518,0.2269033837502,274.222954492
Ca_svCdMg_pvOSn:PAW_PBE/AB_cF8_225_a_b.AB:POCC_P0-1xD_P1-0.25xA-0.25xB-0.25xC-0.25xE,34.53259487981,0.1399017287113,0.1184637211972,0.2934778410709,0.2253506205544,142.1516092447
Ca_svMn_pvOTi_svZn:PAW_PBE/AB_cF8_225_a_b.AB:POCC_P0-1xC_P1-0.25xA-0.25xB-0.25xD-0.25xE,11.49720978484,0.1688724452941,0.09603208932732,0.3018469251706,0.1834762196225,183.8038425594
Mg_pvMn_pvOSr_svZn:PAW_PBE/AB_cF8_225_a_b.AB:POCC_P0-1xC_P1-0.25xA-0.25xB-0.25xD-0.25xE,19.60605704916,0.1303920175307,0.06855880939474,0.2779735073421,0.1273842171908,180.0528390535
Mn_pvNb_svOSnV_sv:PAW_PBE/AB_cF8_225_a_b.AB:POCC_P0-1xC_P1-0.25xA-0.25xB-0.25xD-0.25xE,4.817563700254,0.1380537512781,0.1711290418616,0.223228124019,0.2749909537911,477.5684868863
Mn_pvOSnSr_svV_sv:PAW_PBE/AB_cF8_225_a_b.AB:POCC_P0-1xB_P1-0.25xA-0.25xC-0.25xD-0.25xE,7.617257228375,0.1322191551432,0.10731586427,0.2213240400078,0.2056480165761,264.6776185123
CoNb_svOSnSr_sv:PAW_PBE/AB_cF8_225_a_b.AB:POCC_P0-1xC_P1-0.25xA-0.25xB-0.25xD-0.25xE,5.250514574102,0.2576126665452,0.05233744036711,0.4950438606352,0.2131725462904,214.3362768739
CdMn_pvOTi_svZn:PAW_PBE/AB_cF8_225_a_b.AB:POCC_P0-1xC_P1-0.25xA-0.25xB-0.25xD-0.25xE,7.862760974224,0.0824056186172,0.06844185757112,0.1460814655926,0.1155472695914,583.9140143485
Ca_svMg_pvOTi_svZn:PAW_PBE/AB_cF8_225_a_b.AB:POCC_P0-1xC_P1-0.25xA-0.25xB-0.25xD-0.25xE,18.75715147545,0.1079231782813,0.07014649172377,0.1742324957633,0.1009456107461,230.6681189783
CdCoMn_pvOSr_sv:PAW_PBE/AB_cF8_225_a_b.AB:POCC_P0-1xD_P1-0.25xA-0.25xB-0.25xC-0.25xE,16.37228317131,0.1393371360306,0.06898671282519,0.2715311130993,0.1181778684305,243.1598995879
Mg_pvMn_pvNb_svOZn:PAW_PBE/AB_cF8_225_a_b.AB:POCC_P0-1xD_P1-0.25xA-0.25xB-0.25xC-0.25xE,13.66701762109,0.1515341172834,0.04589855392803,0.2183899116239,0.08667511521533,338.8631702537
Ca_svCoMn_pvOZn:PAW_PBE/AB_cF8_225_a_b.AB:POCC_P0-1xD_P1-0.25xA-0.25xB-0.25xC-0.25xE,63.61767271855,0.06745720316213,0.03728004345212,0.1228109412509,0.07324580014879,282.7192766505
CdFe_pvNb_svOSr_sv:PAW_PBE/AB_cF8_225_a_b.AB:POCC_P0-1xD_P1-0.25xA-0.25xB-0.25xC-0.25xE,5.606018295012,0.1964642394558,0.08469324460773,0.3909981311463,0.2592374811558,255.6853797713
CoNi_pvOSnZn:PAW_PBE/AB_cF8_225_a_b.AB:POCC_P0-1xC_P1-0.25xA-0.25xB-0.25xD-0.25xE,30.75949106616,0.1188564037461,0.08459543487672,0.1685946507247,0.1149343314733,598.4476840298
Ca_svCoFe_pvMn_pvO:PAW_PBE/AB_cF8_225_a_b.AB:POCC_P0-1xE_P1-0.25xA-0.25xB-0.25xC-0.25xD,37.94494735513,0.07428305065605,0.03682996769822,0.1379002463757,0.07483230489139,382.6205731603
Ca_svFe_pvNb_svOZn:PAW_PBE/AB_cF8_225_a_b.AB:POCC_P0-1xD_P1-0.25xA-0.25xB-0.25xC-0.25xE,12.12958601218,0.175379928795,0.08560964924086,0.289905007267,0.1799105641569,308.5545613238
Fe_pvNb_svOTi_svZn:PAW_PBE/AB_cF8_225_a_b.AB:POCC_P0-1xC_P1-0.25xA-0.25xB-0.25xD-0.25xE,7.974183997735,0.123452628492,0.08072665194812,0.09818389129851,0.1135604480233,717.8535820986
Fe_pvMg_pvNb_svOTi_sv:PAW_PBE/AB_cF8_225_a_b.AB:POCC_P0-1xD_P1-0.25xA-0.25xB-0.25xC-0.25xE,10.32965882981,0.1698906021544,0.07893491449554,0.2372309933765,0.1027875444606,443.2191795548
Fe_pvMn_pvNi_pvOSn:PAW_PBE/AB_cF8_225_a_b.AB:POCC_P0-1xD_P1-0.25xA-0.25xB-0.25xC-0.25xE,14.29975430047,0.1650285000843,0.1030741414502,0.2249213959396,0.1571916826088,605.3879012107
Cu_pvFe_pvMn_pvOZn:PAW_PBE/AB_cF8_225_a_b.AB:POCC_P0-1xD_P1-0.25xA-0.25xB-0.25xC-0.25xE,31.22938270027,0.2159200783208,0.1763017031937,0.3381348938449,0.3086252749771,364.5133053281
Mn_pvOSr_svTi_svZn:PAW_PBE/AB_cF8_225_a_b.AB:POCC_P0-1xB_P1-0.25xA-0.25xC-0.25xD-0.25xE,4.624970733084,0.2743547704753,0.1194504746296,0.4832426291709,0.2000002394775,186.8426560325
CdMg_pvNi_pvOSr_sv:PAW_PBE/AB_cF8_225_a_b.AB:POCC_P0-1xD_P1-0.25xA-0.25xB-0.25xC-0.25xE,16.05667606374,0.1001784334565,0.03936854565586,0.2191173121696,0.07347437652782,267.7609535116
Mn_pvOSnTi_svV_sv:PAW_PBE/AB_cF8_225_a_b.AB:POCC_P0-1xB_P1-0.25xA-0.25xC-0.25xD-0.25xE,4.620135614616,0.1281444429956,0.1357994037841,0.208683827311,0.2215286279913,519.4897694166
Ca_svCoMn_pvNi_pvO:PAW_PBE/AB_cF8_225_a_b.AB:POCC_P0-1xE_P1-0.25xA-0.25xB-0.25xC-0.25xD,21.05339657388,0.08199557846897,0.03188717920228,0.1390564608554,0.06653414704498,310.2151545474
CoNi_pvOSnSr_sv:PAW_PBE/AB_cF8_225_a_b.AB:POCC_P0-1xC_P1-0.25xA-0.25xB-0.25xD-0.25xE,10.39333118647,0.1585271850502,0.06759958963278,0.3400545172093,0.1634653774146,181.1683144259
Nb_svOSr_svTi_svV_sv:PAW_PBE/AB_cF8_225_a_b.AB:POCC_P0-1xB_P1-0.25xA-0.25xC-0.25xD-0.25xE,6.648411999678,0.1455945233772,0.04119577249857,0.2737892893582,0.07779250090114,225.0866746288
CdCoMn_pvOSn:PAW_PBE/AB_cF8_225_a_b.AB:POCC_P0-1xD_P1-0.25xA-0.25xB-0.25xC-0.25xE,13.52016128121,0.2753999966761,0.2335450208705,0.4373660088453,0.3674368735947,306.7465411388
Ca_svCdFe_pvOSr_sv:PAW_PBE/AB_cF8_225_a_b.AB:POCC_P0-1xD_P1-0.25xA-0.25xB-0.25xC-0.25xE,14.62474083804,0.1046455195997,0.04566631611883,0.2305755605526,0.09788230350446,138.2425768715
CoMg_pvNi_pvOZn:PAW_PBE/AB_cF8_225_a_b.AB:POCC_P0-1xD_P1-0.25xA-0.25xB-0.25xC-0.25xE,73.89954010437,0.02079986555891,0.009596050723659,0.0337519079614,0.01718124220844,374.1444138301
Nb_svOSnTi_svZn:PAW_PBE/AB_cF8_225_a_b.AB:POCC_P0-1xB_P1-0.25xA-0.25xC-0.25xD-0.25xE,3.825119433733,0.1078571150112,0.04477767311508,0.1979629920796,0.1051065407782,1029.16025376
CdFe_pvMg_pvOSn:PAW_PBE/AB_cF8_225_a_b.AB:POCC_P0-1xD_P1-0.25xA-0.25xB-0.25xC-0.25xE,15.80233755707,0.2352264601234,0.1580609204076,0.3756332521013,0.280052393095,372.341542948
CoNi_pvOSr_svZn:PAW_PBE/AB_cF8_225_a_b.AB:POCC_P0-1xC_P1-0.25xA-0.25xB-0.25xD-0.25xE,11.23046010484,0.189602279812,0.08860239621172,0.3756296109031,0.1711198922517,300.8795426565
Ca_svMn_pvNi_pvOZn:PAW_PBE/AB_cF8_225_a_b.AB:POCC_P0-1xD_P1-0.25xA-0.25xB-0.25xC-0.25xE,19.97034022028,0.06672589456162,0.03522523606194,0.1189913966288,0.06405981179652,193.1015749806
Fe_pvOSnTi_svV_sv:PAW_PBE/AB_cF8_225_a_b.AB:POCC_P0-1xB_P1-0.25xA-0.25xC-0.25xD-0.25xE,4.320048897676,0.2914310616443,0.04841204155933,0.457992732031,0.0690290558061,654.892568679
CdMn_pvOSnSr_sv:PAW_PBE/AB_cF8_225_a_b.AB:POCC_P0-1xC_P1-0.25xA-0.25xB-0.25xD-0.25xE,13.46377632273,0.1867353403803,0.1460413331297,0.3872003473532,0.2542329789694,108.2753831259
CdCoCu_pvFe_pvO:PAW_PBE/AB_cF8_225_a_b.AB:POCC_P0-1xE_P1-0.25xA-0.25xB-0.25xC-0.25xD,16.50525197695,0.1426013025128,0.08740960903902,0.233300478836,0.1515697657817,353.3980840641
CoCu_pvMn_pvOZn:PAW_PBE/AB_cF8_225_a_b.AB:POCC_P0-1xD_P1-0.25xA-0.25xB-0.25xC-0.25xE,49.69654543906,0.1190581183475,0.07082297601717,0.1769015731398,0.1058509554478,356.412152469
CoNb_svOSnTi_sv:PAW_PBE/AB_cF8_225_a_b.AB:POCC_P0-1xC_P1-0.25xA-0.25xB-0.25xD-0.25xE,4.093056592595,0.05234970952189,0.02353944138194,0.08280288535719,0.05541541112127,527.4016966492
Cu_pvMg_pvNi_pvOSn:PAW_PBE/AB_cF8_225_a_b.AB:POCC_P0-1xD_P1-0.25xA-0.25xB-0.25xC-0.25xE,18.44245821728,0.1740542192732,0.1394527091814,0.2871039087038,0.2103378296838,213.0512832425
Fe_pvOSnSr_svTi_sv:PAW_PBE/AB_cF8_225_a_b.AB:POCC_P0-1xB_P1-0.25xA-0.25xC-0.25xD-0.25xE,6.349725121855,0.2777560206361,0.05609395282746,0.6368481921127,0.201400633644,357.3443983459
CoFe_pvOSr_svZn:PAW_PBE/AB_cF8_225_a_b.AB:POCC_P0-1xC_P1-0.25xA-0.25xB-0.25xD-0.25xE,12.48621575614,0.1718295323444,0.07448052974537,0.3554564546996,0.1719754713819,350.7469531078
Mg_pvMn_pvNi_pvOZn:PAW_PBE/AB_cF8_225_a_b.AB:POCC_P0-1xD_P1-0.25xA-0.25xB-0.25xC-0.25xE,40.43567935033,0.02324085313588,0.008028314174524,0.04003510864253,0.01399976027089,234.2285769747
OSnSr_svV_svZn:PAW_PBE/AB_cF8_225_a_b.AB:POCC_P0-1xA_P1-0.25xB-0.25xC-0.25xD-0.25xE,8.28077942867,0.2613358276091,0.2132403413899,0.5262896708934,0.4873236794335,345.8547504906
CdMg_pvMn_pvOZn:PAW_PBE/AB_cF8_225_a_b.AB:POCC_P0-1xD_P1-0.25xA-0.25xB-0.25xC-0.25xE,51.39168961419,0.04432586497906,0.02184900643836,0.0986465469978,0.04216202372478,243.2087012341
Fe_pvMn_pvNi_pvOV_sv:PAW_PBE/AB_cF8_225_a_b.AB:POCC_P0-1xD_P1-0.25xA-0.25xB-0.25xC-0.25xE,13.25982963779,0.22304949841,0.1955702820846,0.3207714459059,0.289737974805,483.4312766983
Ca_svCoNi_pvOZn:PAW_PBE/AB_cF8_225_a_b.AB:POCC_P0-1xD_P1-0.25xA-0.25xB-0.25xC-0.25xE,32.4504622696,0.06866315735841,0.0265391071838,0.1266869942629,0.05146153149575,358.1760476066
CdNi_pvOSnSr_sv:PAW_PBE/AB_cF8_225_a_b.AB:POCC_P0-1xC_P1-0.25xA-0.25xB-0.25xD-0.25xE,20.98423493635,0.1772666987847,0.121262812603,0.3531513984769,0.2154748588146,195.5463576839
CdNb_svOSr_svZn:PAW_PBE/AB_cF8_225_a_b.AB:POCC_P0-1xC_P1-0.25xA-0.25xB-0.25xD-0.25xE,6.541878560852,0.2491620545648,0.05880392327711,0.8215896078808,0.2035929625545,246.8739852889
Fe_pvMg_pvOSnTi_sv:PAW_PBE/AB_cF8_225_a_b.AB:POCC_P0-1xC_P1-0.25xA-0.25xB-0.25xD-0.25xE,4.664098065979,0.1744686693513,0.1412984796084,0.2943363336005,0.2488982313586,436.5346408425
Ca_svCdMn_pvOV_sv:PAW_PBE/AB_cF8_225_a_b.AB:POCC_P0-1xD_P1-0.25xA-0.25xB-0.25xC-0.25xE,16.92273911312,0.06790430104917,0.05113587720547,0.1516637372611,0.09461663266076,467.4660511667
Fe_pvMg_pvOTi_svZn:PAW_PBE/AB_cF8_225_a_b.AB:POCC_P0-1xC_P1-0.25xA-0.25xB-0.25xD-0.25xE,18.11758362561,0.1492576183036,0.06015565570056,0.216976920282,0.1074595368153,357.2558061558
Mg_pvNb_svOSnTc_pv:PAW_PBE/AB_cF8_225_a_b.AB:POCC_P0-1xC_P1-0.25xA-0.25xB-0.25xD-0.25xE,4.189411139396,0.1556979112581,0.1057517764917,0.2775981508,0.2155815105131,182.391149563
Ca_svMg_pvOV_svZn:PAW_PBE/AB_cF8_225_a_b.AB:POCC_P0-1xC_P1-0.25xA-0.25xB-0.25xD-0.25xE,49.18085355287,0.05794446670418,0.0392997056913,0.1175456755176,0.07589877061141,205.7691038944
CdFe_pvMn_pvOSr_sv:PAW_PBE/AB_cF8_225_a_b.AB:POCC_P0-1xD_P1-0.25xA-0.25xB-0.25xC-0.25xE,18.17721098321,0.1229221638097,0.06507417103884,0.2501207464022,0.1145279079,277.0221726165
CoMn_pvOV_svZn:PAW_PBE/AB_cF8_225_a_b.AB:POCC_P0-1xC_P1-0.25xA-0.25xB-0.25xD-0.25xE,24.24912194135,0.1727371723854,0.2197616756331,0.26529315109,0.3464177943726,322.1492836124
Nb_svOSr_svV_svZn:PAW_PBE/AB_cF8_225_a_b.AB:POCC_P0-1xB_P1-0.25xA-0.25xC-0.25xD-0.25xE,5.24744661784,0.224257806584,0.09435591386091,0.3102482498166,0.07954905429209,268.2269094561
CoMg_pvOV_svZn:PAW_PBE/AB_cF8_225_a_b.AB:POCC_P0-1xC_P1-0.25xA-0.25xB-0.25xD-0.25xE,48.30199715216,0.08175575349582,0.06453300519226,0.1243706316802,0.1156045479995,334.6362506063
Mg_pvMn_pvNb_svOTi_sv:PAW_PBE/AB_cF8_225_a_b.AB:POCC_P0-1xD_P1-0.25xA-0.25xB-0.25xC-0.25xE,8.121914879607,0.1672513589248,0.05793673969931,0.2259751083731,0.07067866048316,336.1386816018
Ca_svFe_pvNb_svOTi_sv:PAW_PBE/AB_cF8_225_a_b.AB:POCC_P0-1xD_P1-0.25xA-0.25xB-0.25xC-0.25xE,14.38259504135,0.1878777731288,0.1006726927831,0.3173056789801,0.1977198249573,334.5266424845
Ca_svMg_pvOSr_svTi_sv:PAW_PBE/AB_cF8_225_a_b.AB:POCC_P0-1xC_P1-0.25xA-0.25xB-0.25xD-0.25xE,14.32008100307,0.07855831647166,0.03005541090973,0.2024368785998,0.08579510149878,247.0466678007
CdNb_svOSr_svV_sv:PAW_PBE/AB_cF8_225_a_b.AB:POCC_P0-1xC_P1-0.25xA-0.25xB-0.25xD-0.25xE,4.827881329308,0.2044533388814,0.1530312166399,0.4116082310066,0.3022693427939,343.7053502918
Mn_pvNb_svOSnZn:PAW_PBE/AB_cF8_225_a_b.AB:POCC_P0-1xC_P1-0.25xA-0.25xB-0.25xD-0.25xE,5.077709574999,0.1253258106187,0.1400647860855,0.1934913020784,0.2237632253965,629.7919586286
Ca_svCdOSnSr_sv:PAW_PBE/AB_cF8_225_a_b.AB:POCC_P0-1xC_P1-0.25xA-0.25xB-0.25xD-0.25xE,47.12293460713,0.07635769359972,0.08256559447948,0.1717014892289,0.1606880299204,112.4293663563
CdMn_pvOSnTi_sv:PAW_PBE/AB_cF8_225_a_b.AB:POCC_P0-1xC_P1-0.25xA-0.25xB-0.25xD-0.25xE,4.967991777801,0.1323054235342,0.1055197844776,0.2534814080464,0.2054780142414,468.5544709092
Fe_pvOSnTi_svZn:PAW_PBE/AB_cF8_225_a_b.AB:POCC_P0-1xB_P1-0.25xA-0.25xC-0.25xD-0.25xE,6.197045862639,0.2751882214037,0.05876472731269,0.368889167896,0.1057298921324,554.7274776268
Fe_pvMg_pvOSr_svTi_sv:PAW_PBE/AB_cF8_225_a_b.AB:POCC_P0-1xC_P1-0.25xA-0.25xB-0.25xD-0.25xE,6.893696399504,0.195144816683,0.07852889289978,0.3837924267642,0.1594896445404,236.1724973845
Mg_pvOSnSr_svV_sv:PAW_PBE/AB_cF8_225_a_b.AB:POCC_P0-1xB_P1-0.25xA-0.25xC-0.25xD-0.25xE,9.567388981606,0.255083995336,0.1022013086661,0.4658358917461,0.2141766406401,423.1191186389
Ca_svCoFe_pvOSn:PAW_PBE/AB_cF8_225_a_b.AB:POCC_P0-1xD_P1-0.25xA-0.25xB-0.25xC-0.25xE,17.6117250543,0.1845841679352,0.1252206644685,0.3621312501434,0.2393589576072,374.5378982156
Ca_svMg_pvOSr_svV_sv:PAW_PBE/AB_cF8_225_a_b.AB:POCC_P0-1xC_P1-0.25xA-0.25xB-0.25xD-0.25xE,16.2830764113,0.07129030700304,0.02599597027232,0.1816824906098,0.07310692702017,209.7789466401
Mn_pvOSnSr_svTi_sv:PAW_PBE/AB_cF8_225_a_b.AB:POCC_P0-1xB_P1-0.25xA-0.25xC-0.25xD-0.25xE,6.385709042756,0.1155660706743,0.1044890166512,0.1813107976912,0.221561975279,180.4217476256
Ca_svMn_pvNb_svOSn:PAW_PBE/AB_cF8_225_a_b.AB:POCC_P0-1xD_P1-0.25xA-0.25xB-0.25xC-0.25xE,6.616052511661,0.2610580115687,0.0727247368317,0.4345579323243,0.1642319812508,178.4993529395
Mg_pvNi_pvOSnSr_sv:PAW_PBE/AB_cF8_225_a_b.AB:POCC_P0-1xC_P1-0.25xA-0.25xB-0.25xD-0.25xE,14.59657605155,0.1854839515452,0.08500015035469,0.3921959576045,0.1830729763193,168.8532757387
Ca_svMn_pvOSnTi_sv:PAW_PBE/AB_cF8_225_a_b.AB:POCC_P0-1xC_P1-0.25xA-0.25xB-0.25xD-0.25xE,4.638103380555,0.2856601537615,0.02827431207414,0.5002429892768,0.03942001723932,234.9962710075
Ca_svOSr_svTi_svV_sv:PAW_PBE/AB_cF8_225_a_b.AB:POCC_P0-1xB_P1-0.25xA-0.25xC-0.25xD-0.25xE,9.270952523947,0.1133258330913,0.08267321860135,0.2578565477672,0.1585461388246,235.9837991772
Cu_pvMn_pvNi_pvOSn:PAW_PBE/AB_cF8_225_a_b.AB:POCC_P0-1xD_P1-0.25xA-0.25xB-0.25xC-0.25xE,11.56129955085,0.3768326735428,0.2174689097159,0.7479830519479,0.496037053522,244.6647020227
Fe_pvNb_svOSr_svZn:PAW_PBE/AB_cF8_225_a_b.AB:POCC_P0-1xC_P1-0.25xA-0.25xB-0.25xD-0.25xE,7.002926199832,0.2359831767279,0.05952815607151,0.4002095247955,0.1436990855563,193.6394928617
Ca_svMg_pvNb_svOV_sv:PAW_PBE/AB_cF8_225_a_b.AB:POCC_P0-1xD_P1-0.25xA-0.25xB-0.25xC-0.25xE,10.62179181812,0.1493517793582,0.06573475599991,0.2392981041038,0.1091339186432,249.9025187347
Ca_svCdOSr_svTi_sv:PAW_PBE/AB_cF8_225_a_b.AB:POCC_P0-1xC_P1-0.25xA-0.25xB-0.25xD-0.25xE,8.38942114122,0.2154897253732,0.09938104980005,0.4402966225266,0.1897458589446,137.0945919483
CdMg_pvMn_pvOV_sv:PAW_PBE/AB_cF8_225_a_b.AB:POCC_P0-1xD_P1-0.25xA-0.25xB-0.25xC-0.25xE,8.275984037683,0.05804226975534,0.02993740915013,0.09604669498097,0.04815802812316,723.0845098796
Nb_svOSnV_svZn:PAW_PBE/AB_cF8_225_a_b.AB:POCC_P0-1xB_P1-0.25xA-0.25xC-0.25xD-0.25xE,3.737223685166,0.2940644899542,0.02037379367794,0.4370463138659,0.03193844020884,636.6349680532
CoMn_pvNi_pvOSr_sv:PAW_PBE/AB_cF8_225_a_b.AB:POCC_P0-1xD_P1-0.25xA-0.25xB-0.25xC-0.25xE,11.13310414955,0.1945640775976,0.1122289476805,0.3790069075353,0.2317651405795,274.7197181616
Fe_pvOSr_svTi_svZn:PAW_PBE/AB_cF8_225_a_b.AB:POCC_P0-1xB_P1-0.25xA-0.25xC-0.25xD-0.25xE,9.222085696914,0.2552829873338,0.08058831358471,0.4637957640365,0.1592271226599,257.7226868706
Cu_pvMg_pvMn_pvOV_sv:PAW_PBE/AB_cF8_225_a_b.AB:POCC_P0-1xD_P1-0.25xA-0.25xB-0.25xC-0.25xE,14.38868227055,0.1447813843804,0.07197598300034,0.2216481428925,0.1096791930643,240.0779971118
Mn_pvOSr_svV_svZn:PAW_PBE/AB_cF8_225_a_b.AB:POCC_P0-1xB_P1-0.25xA-0.25xC-0.25xD-0.25xE,13.50391166862,0.2273257467385,0.1528235911703,0.480501860132,0.3545820024909,229.7366316161
CoCu_pvFe_pvMg_pvO:PAW_PBE/AB_cF8_225_a_b.AB:POCC_P0-1xE_P1-0.25xA-0.25xB-0.25xC-0.25xD,48.94744549388,0.0991069097159,0.08861999507262,0.1546187981256,0.145672753885,334.1437389359
Fe_pvMg_pvNi_pvOSn:PAW_PBE/AB_cF8_225_a_b.AB:POCC_P0-1xD_P1-0.25xA-0.25xB-0.25xC-0.25xE,14.9846023401,0.09585727145287,0.1060549414781,0.1550276709735,0.1728783317054,402.6162481565
CoCu_pvMn_pvNi_pvO:PAW_PBE/AB_cF8_225_a_b.AB:POCC_P0-1xE_P1-0.25xA-0.25xB-0.25xC-0.25xD,16.47962497132,0.1263405207326,0.1058535684009,0.1858287580819,0.1554717739189,311.7258952732
Fe_pvMg_pvNb_svOZn:PAW_PBE/AB_cF8_225_a_b.AB:POCC_P0-1xD_P1-0.25xA-0.25xB-0.25xC-0.25xE,12.01369149685,0.1718972106666,0.06160477066511,0.2370503446249,0.1139780710561,524.3414660093
Mg_pvOSr_svV_svZn:PAW_PBE/AB_cF8_225_a_b.AB:POCC_P0-1xB_P1-0.25xA-0.25xC-0.25xD-0.25xE,14.97393583866,0.1493499589176,0.08661993377181,0.3019940001305,0.1619755753762,232.9755672539
Ca_svCdCoOSn:PAW_PBE/AB_cF8_225_a_b.AB:POCC_P0-1xD_P1-0.25xA-0.25xB-0.25xC-0.25xE,29.63701185992,0.1332585503618,0.1307211969754,0.2795317921677,0.2520242910367,217.5002847761
CdMn_pvNi_pvOSr_sv:PAW_PBE/AB_cF8_225_a_b.AB:POCC_P0-1xD_P1-0.25xA-0.25xB-0.25xC-0.25xE,15.40610922401,0.1246280645847,0.0493461297997,0.237693163167,0.08925864407569,202.8838613631
Ca_svNb_svOSnV_sv:PAW_PBE/AB_cF8_225_a_b.AB:POCC_P0-1xC_P1-0.25xA-0.25xB-0.25xD-0.25xE,4.999990200653,0.1718726684491,0.06445762987896,0.2583689815157,0.1735214360659,564.8857726227
CoMn_pvNi_pvOSn:PAW_PBE/AB_cF8_225_a_b.AB:POCC_P0-1xD_P1-0.25xA-0.25xB-0.25xC-0.25xE,12.15856917071,0.1362247074061,0.09231309024436,0.1903183456058,0.1248570181346,336.0335632548
Mn_pvOSnV_svZn:PAW_PBE/AB_cF8_225_a_b.AB:POCC_P0-1xB_P1-0.25xA-0.25xC-0.25xD-0.25xE,6.308916954098,0.2035272868178,0.1012311196246,0.3021708377166,0.1435959073481,491.9063559597
CdMn_pvNb_svOV_sv:PAW_PBE/AB_cF8_225_a_b.AB:POCC_P0-1xD_P1-0.25xA-0.25xB-0.25xC-0.25xE,5.9455642939,0.1925366029776,0.163950006121,0.2688696256747,0.2294514380064,761.9192881797
CdCoFe_pvMg_pvO:PAW_PBE/AB_cF8_225_a_b.AB:POCC_P0-1xE_P1-0.25xA-0.25xB-0.25xC-0.25xD,26.69181969826,0.1172152877684,0.06940461442255,0.1934152266953,0.120160332799,446.7562193427
OSnSr_svTi_svZn:PAW_PBE/AB_cF8_225_a_b.AB:POCC_P0-1xA_P1-0.25xB-0.25xC-0.25xD-0.25xE,6.55074805447,0.1849933212302,0.1371710844314,0.3111428406356,0.235212040545,279.5888732095
Ca_svCdOSnV_sv:PAW_PBE/AB_cF8_225_a_b.AB:POCC_P0-1xC_P1-0.25xA-0.25xB-0.25xD-0.25xE,7.612595218328,0.1802074350144,0.1065272655811,0.3086984054867,0.1738341496497,202.2025135659
Cu_pvMg_pvMn_pvOZn:PAW_PBE/AB_cF8_225_a_b.AB:POCC_P0-1xD_P1-0.25xA-0.25xB-0.25xC-0.25xE,34.12059376417,0.08632516274316,0.06326223537392,0.1403449657618,0.09904277532587,189.9329799843
CdMg_pvOSr_svTi_sv:PAW_PBE/AB_cF8_225_a_b.AB:POCC_P0-1xC_P1-0.25xA-0.25xB-0.25xD-0.25xE,6.17895540073,0.2030506170291,0.06833624050227,0.3408933324243,0.09628708167108,184.2672301531
CoMn_pvNi_pvOZn:PAW_PBE/AB_cF8_225_a_b.AB:POCC_P0-1xD_P1-0.25xA-0.25xB-0.25xC-0.25xE,62.64014010482,0.04766961373765,0.04854793740073,0.06979659639061,0.07088558130308,386.8381049046
Mn_pvNb_svOSnTc_pv:PAW_PBE/AB_cF8_225_a_b.AB:POCC_P0-1xC_P1-0.25xA-0.25xB-0.25xD-0.25xE,4.435668946272,0.03323606845344,0.0,0.04297698195641,0.0,127.0406944225
CdCoFe_pvNi_pvO:PAW_PBE/AB_cF8_225_a_b.AB:POCC_P0-1xE_P1-0.25xA-0.25xB-0.25xC-0.25xD,18.18722305286,0.1307810821373,0.08707374593342,0.1883776427997,0.1125924462508,632.1904376254
Fe_pvMg_pvNi_pvOZn:PAW_PBE/AB_cF8_225_a_b.AB:POCC_P0-1xD_P1-0.25xA-0.25xB-0.25xC-0.25xE,32.44902935447,0.02876671277833,0.006760445281364,0.04606339847069,0.01484093397618,350.3401504744
Mg_pvMn_pvOSnV_sv:PAW_PBE/AB_cF8_225_a_b.AB:POCC_P0-1xC_P1-0.25xA-0.25xB-0.25xD-0.25xE,6.127361379987,0.2582072708706,0.07419660389128,0.3925263082287,0.1235194757799,435.1716651383
CdNb_svOV_svZn:PAW_PBE/AB_cF8_225_a_b.AB:POCC_P0-1xC_P1-0.25xA-0.25xB-0.25xD-0.25xE,3.904723328249,0.1382343660679,0.01928702903563,0.2198725941123,0.02123740934121,958.6661763797
Ca_svCdCoOSr_sv:PAW_PBE/AB_cF8_225_a_b.AB:POCC_P0-1xD_P1-0.25xA-0.25xB-0.25xC-0.25xE,31.28956009534,0.09848867340022,0.04199260906423,0.2094495666464,0.09458494698932,258.3801445854
Ca_svMg_pvNi_pvOZn:PAW_PBE/AB_cF8_225_a_b.AB:POCC_P0-1xD_P1-0.25xA-0.25xB-0.25xC-0.25xE,36.3020782256,0.0538187510461,0.01805418849941,0.1036560321563,0.03680347990053,268.9464995703
Ca_svFe_pvOSr_svZn:PAW_PBE/AB_cF8_225_a_b.AB:POCC_P0-1xC_P1-0.25xA-0.25xB-0.25xD-0.25xE,13.76756349527,0.154395896754,0.06446237083636,0.3240102138719,0.127998214826,136.7022554454
Ca_svMn_pvOSr_svV_sv:PAW_PBE/AB_cF8_225_a_b.AB:POCC_P0-1xC_P1-0.25xA-0.25xB-0.25xD-0.25xE,15.68652088617,0.07688247462837,0.03163589944023,0.1717762787347,0.08504261172348,184.1972564578
Mn_pvNb_svOSr_svZn:PAW_PBE/AB_cF8_225_a_b.AB:POCC_P0-1xC_P1-0.25xA-0.25xB-0.25xD-0.25xE,7.778609947609,0.2620645182079,0.1100420187219,0.5013331079139,0.2636250766214,156.1450338137
Mg_pvNb_svOSr_svTi_sv:PAW_PBE/AB_cF8_225_a_b.AB:POCC_P0-1xC_P1-0.25xA-0.25xB-0.25xD-0.25xE,8.032653933577,0.1717883404061,0.06924252765987,0.3164731901371,0.1529052976913,259.8271693563
CdNi_pvOSr_svZn:PAW_PBE/AB_cF8_225_a_b.AB:POCC_P0-1xC_P1-0.25xA-0.25xB-0.25xD-0.25xE,14.42987098907,0.1222061998425,0.05363079379857,0.2555600204061,0.1111939772989,290.3451580176
CdCu_pvMn_pvNi_pvO:PAW_PBE/AB_cF8_225_a_b.AB:POCC_P0-1xE_P1-0.25xA-0.25xB-0.25xC-0.25xD,17.15623247112,0.1576042887536,0.1051161450418,0.258902237693,0.1425889404709,277.2017702406
Ca_svMn_pvOSnV_sv:PAW_PBE/AB_cF8_225_a_b.AB:POCC_P0-1xC_P1-0.25xA-0.25xB-0.25xD-0.25xE,8.732672504495,0.3828201844501,0.2103572775345,0.6379389119188,0.3518032915727,324.5545707745
CoCu_pvFe_pvMn_pvO:PAW_PBE/AB_cF8_225_a_b.AB:POCC_P0-1xE_P1-0.25xA-0.25xB-0.25xC-0.25xD,26.43224481275,0.132274781983,0.07124320350022,0.1891771690133,0.1050471622311,362.1894808091
Ca_svCdOTi_svZn:PAW_PBE/AB_cF8_225_a_b.AB:POCC_P0-1xC_P1-0.25xA-0.25xB-0.25xD-0.25xE,8.101178944133,0.1724089314863,0.06995242824461,0.4923801017796,0.3054455754138,377.8111207041
CdCoNi_pvOSr_sv:PAW_PBE/AB_cF8_225_a_b.AB:POCC_P0-1xD_P1-0.25xA-0.25xB-0.25xC-0.25xE,12.53748815177,0.1420409462042,0.06591036258821,0.2783123236207,0.1086401455238,315.4995083565
Ca_svCoFe_pvNi_pvO:PAW_PBE/AB_cF8_225_a_b.AB:POCC_P0-1xE_P1-0.25xA-0.25xB-0.25xC-0.25xD,27.37459262499,0.1017062871256,0.07506011639666,0.1742968497548,0.1343424282814,393.9094681381
CdMn_pvOSr_svZn:PAW_PBE/AB_cF8_225_a_b.AB:POCC_P0-1xC_P1-0.25xA-0.25xB-0.25xD-0.25xE,23.33831399459,0.116568505277,0.05040245237065,0.2339078120663,0.1071292847981,184.5368526655
CdCoMg_pvOSn:PAW_PBE/AB_cF8_225_a_b.AB:POCC_P0-1xD_P1-0.25xA-0.25xB-0.25xC-0.25xE,19.64006100178,0.2571967416219,0.2227670386242,0.486895156716,0.4331347146078,268.6271261337
Mg_pvMn_pvOSnZn:PAW_PBE/AB_cF8_225_a_b.AB:POCC_P0-1xC_P1-0.25xA-0.25xB-0.25xD-0.25xE,14.98275133413,0.1890432032767,0.103136272078,0.298648715177,0.1686499668765,413.9245093828
Ca_svNi_pvOSr_svZn:PAW_PBE/AB_cF8_225_a_b.AB:POCC_P0-1xC_P1-0.25xA-0.25xB-0.25xD-0.25xE,13.65950982723,0.1347571932486,0.0603813687248,0.2758468186675,0.1428606078792,264.8289837089
Ca_svCdFe_pvNb_svO:PAW_PBE/AB_cF8_225_a_b.AB:POCC_P0-1xE_P1-0.25xA-0.25xB-0.25xC-0.25xD,6.906036503211,0.1034626251331,0.08036149822258,0.1710184999777,0.1408671197703,269.1004853102
CoMg_pvMn_pvOZn:PAW_PBE/AB_cF8_225_a_b.AB:POCC_P0-1xD_P1-0.25xA-0.25xB-0.25xC-0.25xE,177.726048107,0.0362486655931,0.01846275767969,0.05364657130233,0.02652258773248,297.0528371211
Mn_pvOSnTi_svZn:PAW_PBE/AB_cF8_225_a_b.AB:POCC_P0-1xB_P1-0.25xA-0.25xC-0.25xD-0.25xE,5.633698103954,0.1404748483294,0.1332142921114,0.2298805169881,0.2202946131416,339.8476417003
Ca_svNb_svOTi_svZn:PAW_PBE/AB_cF8_225_a_b.AB:POCC_P0-1xC_P1-0.25xA-0.25xB-0.25xD-0.25xE,9.4336844221,0.1145035625137,0.05460213849293,0.1905373342804,0.09238909433223,543.8301696888
Ca_svCoOSr_svZn:PAW_PBE/AB_cF8_225_a_b.AB:POCC_P0-1xC_P1-0.25xA-0.25xB-0.25xD-0.25xE,15.03083186955,0.1478129848211,0.06912312664639,0.3025391862361,0.1530177513019,259.1875626178
CoOSnSr_svZn:PAW_PBE/AB_cF8_225_a_b.AB:POCC_P0-1xB_P1-0.25xA-0.25xC-0.25xD-0.25xE,14.63099885042,0.1904822802333,0.09778638013794,0.3959367699325,0.1844589771844,182.25099734
Ca_svCdNb_svOV_sv:PAW_PBE/AB_cF8_225_a_b.AB:POCC_P0-1xD_P1-0.25xA-0.25xB-0.25xC-0.25xE,5.217482300861,0.2978966769259,0.1124637339688,0.6388414450984,0.2304196839737,544.3739559441
Ca_svOSr_svTi_svZn:PAW_PBE/AB_cF8_225_a_b.AB:POCC_P0-1xB_P1-0.25xA-0.25xC-0.25xD-0.25xE,8.642047864118,0.2607399233436,0.1148535131625,0.5179481344766,0.2187591306438,130.599987275
CdMn_pvOTi_svV_sv:PAW_PBE/AB_cF8_225_a_b.AB:POCC_P0-1xC_P1-0.25xA-0.25xB-0.25xD-0.25xE,5.124819175817,0.3967049692098,0.1878663495039,0.5269704133094,0.2825672196855,690.1407557802
Ca_svCdCoNi_pvO:PAW_PBE/AB_cF8_225_a_b.AB:POCC_P0-1xE_P1-0.25xA-0.25xB-0.25xC-0.25xD,20.17942192374,0.1074334607005,0.06462063885285,0.2059815151381,0.1229069382726,349.2909893903
CdCu_pvMg_pvOZn:PAW_PBE/AB_cF8_225_a_b.AB:POCC_P0-1xD_P1-0.25xA-0.25xB-0.25xC-0.25xE,64.71371301245,0.08318342233766,0.07766149038517,0.1634902078707,0.1275110692524,241.1999612661
Mn_pvNi_pvOSnZn:PAW_PBE/AB_cF8_225_a_b.AB:POCC_P0-1xC_P1-0.25xA-0.25xB-0.25xD-0.25xE,14.70468693009,0.165576751035,0.1345427846911,0.2573817758826,0.2074353593722,410.2892617053
Mg_pvMn_pvOSr_svTi_sv:PAW_PBE/AB_cF8_225_a_b.AB:POCC_P0-1xC_P1-0.25xA-0.25xB-0.25xD-0.25xE,9.346086551989,0.2024964468092,0.1118741045177,0.416799907784,0.209245920918,176.2768457868
Ca_svCoMg_pvNi_pvO:PAW_PBE/AB_cF8_225_a_b.AB:POCC_P0-1xE_P1-0.25xA-0.25xB-0.25xC-0.25xD,32.24899595749,0.06213155213487,0.0197222903714,0.114738052952,0.03910776867649,339.270326427
CoFe_pvMg_pvOSr_sv:PAW_PBE/AB_cF8_225_a_b.AB:POCC_P0-1xD_P1-0.25xA-0.25xB-0.25xC-0.25xE,12.12314156764,0.1764697263608,0.09412188179934,0.3591505581317,0.1921005671135,273.0596233791
CoFe_pvNi_pvOSn:PAW_PBE/AB_cF8_225_a_b.AB:POCC_P0-1xD_P1-0.25xA-0.25xB-0.25xC-0.25xE,16.15806968293,0.110743635622,0.06044454533322,0.154800026813,0.09690656856666,478.99874491
CdNb_svOTi_svZn:PAW_PBE/AB_cF8_225_a_b.AB:POCC_P0-1xC_P1-0.25xA-0.25xB-0.25xD-0.25xE,4.167524600238,0.1463724683602,0.02828937344583,0.2283706680234,0.04346893091324,1226.145192116
CdMg_pvMn_pvOTi_sv:PAW_PBE/AB_cF8_225_a_b.AB:POCC_P0-1xD_P1-0.25xA-0.25xB-0.25xC-0.25xE,7.957363501347,0.01907781425567,0.03106665451573,0.02785886912134,0.05365563849889,389.8130222903
Nb_svOSr_svTi_svZn:PAW_PBE/AB_cF8_225_a_b.AB:POCC_P0-1xB_P1-0.25xA-0.25xC-0.25xD-0.25xE,5.805350530259,0.1525173698035,0.08799469931869,0.3226520559867,0.1536143343628,341.0900005893
Fe_pvNi_pvOV_svZn:PAW_PBE/AB_cF8_225_a_b.AB:POCC_P0-1xC_P1-0.25xA-0.25xB-0.25xD-0.25xE,10.52735255543,0.345105782254,0.2723151665964,0.5929343197614,0.4961813554962,295.2073391791
Ca_svNb_svOSr_svZn:PAW_PBE/AB_cF8_225_a_b.AB:POCC_P0-1xC_P1-0.25xA-0.25xB-0.25xD-0.25xE,7.817607517025,0.1475545144671,0.06054659357322,0.2853729589649,0.1109385858058,105.7663342272
CoFe_pvMn_pvOSn:PAW_PBE/AB_cF8_225_a_b.AB:POCC_P0-1xD_P1-0.25xA-0.25xB-0.25xC-0.25xE,14.96788775839,0.1868848060965,0.1489300642253,0.2884769531397,0.2377568915498,588.5270429106
Nb_svOSnTc_pvTi_sv:PAW_PBE/AB_cF8_225_a_b.AB:POCC_P0-1xB_P1-0.25xA-0.25xC-0.25xD-0.25xE,3.62791247929,0.01503315829692,0.0,0.01803196194088,0.0,226.5919235185
CdMg_pvNb_svOTi_sv:PAW_PBE/AB_cF8_225_a_b.AB:POCC_P0-1xD_P1-0.25xA-0.25xB-0.25xC-0.25xE,5.149894222273,0.02815772466455,0.04115147261913,0.03483766867833,0.0500492510176,938.3865697744
Ca_svCdOTi_svV_sv:PAW_PBE/AB_cF8_225_a_b.AB:POCC_P0-1xC_P1-0.25xA-0.25xB-0.25xD-0.25xE,6.738142513109,0.1733492673788,0.1099361357291,0.2518399181092,0.2224349066532,683.5298004494
Ca_svMn_pvNi_pvOSn:PAW_PBE/AB_cF8_225_a_b.AB:POCC_P0-1xD_P1-0.25xA-0.25xB-0.25xC-0.25xE,14.82002525767,0.1534865408504,0.1052187705588,0.3147922743277,0.2171380141496,193.2632990426
Cu_pvMg_pvMn_pvNi_pvO:PAW_PBE/AB_cF8_225_a_b.AB:POCC_P0-1xE_P1-0.25xA-0.25xB-0.25xC-0.25xD,23.85273625019,0.06747617302943,0.05851555076465,0.1111583582027,0.08684508665853,222.6710772327
Fe_pvOSnSr_svZn:PAW_PBE/AB_cF8_225_a_b.AB:POCC_P0-1xB_P1-0.25xA-0.25xC-0.25xD-0.25xE,12.50300859374,0.1727014781164,0.0538135025114,0.3733268097861,0.1181748861702,261.803778292
CoFe_pvMg_pvOZn:PAW_PBE/AB_cF8_225_a_b.AB:POCC_P0-1xD_P1-0.25xA-0.25xB-0.25xC-0.25xE,33.672329458,0.04527202756351,0.02181630469984,0.06730460844253,0.03040117088657,314.9563712941
Fe_pvNi_pvOSr_svZn:PAW_PBE/AB_cF8_225_a_b.AB:POCC_P0-1xC_P1-0.25xA-0.25xB-0.25xD-0.25xE,10.95578815581,0.1456190674505,0.05782319197659,0.2816689030718,0.08114791224642,216.6222791026
Ca_svCoMn_pvOSn:PAW_PBE/AB_cF8_225_a_b.AB:POCC_P0-1xD_P1-0.25xA-0.25xB-0.25xC-0.25xE,32.62518798814,0.1598128227801,0.1186659147922,0.3050261589962,0.2277081862797,325.1375544072
Ca_svMn_pvOV_svZn:PAW_PBE/AB_cF8_225_a_b.AB:POCC_P0-1xC_P1-0.25xA-0.25xB-0.25xD-0.25xE,12.75899023771,0.063323252372,0.0417560641989,0.1203999342653,0.07130384096122,241.1327991051
Ca_svCdFe_pvMn_pvO:PAW_PBE/AB_cF8_225_a_b.AB:POCC_P0-1xE_P1-0.25xA-0.25xB-0.25xC-0.25xD,19.72648007064,0.07003356829202,0.06105876838346,0.1486664610201,0.1106456623312,342.3946453792
Mn_pvNb_svOSnSr_sv:PAW_PBE/AB_cF8_225_a_b.AB:POCC_P0-1xC_P1-0.25xA-0.25xB-0.25xD-0.25xE,5.492260765364,0.475502439357,0.2451171725815,1.107099558237,0.5916243853283,149.1897567533
CoFe_pvOV_svZn:PAW_PBE/AB_cF8_225_a_b.AB:POCC_P0-1xC_P1-0.25xA-0.25xB-0.25xD-0.25xE,17.25354811529,0.08825983142876,0.06063508845539,0.100803569257,0.06453021669109,376.7782501588
CoFe_pvMg_pvNi_pvO:PAW_PBE/AB_cF8_225_a_b.AB:POCC_P0-1xE_P1-0.25xA-0.25xB-0.25xC-0.25xD,48.61481246406,0.04087858329151,0.02572747480449,0.06120484026733,0.03500399819631,362.9980410609
Ca_svCdCoOZn:PAW_PBE/AB_cF8_225_a_b.AB:POCC_P0-1xD_P1-0.25xA-0.25xB-0.25xC-0.25xE,31.06692686572,0.08696757162185,0.05984878819155,0.1787583564434,0.1151508062237,304.3168600847
Nb_svOSnTc_pvV_sv:PAW_PBE/AB_cF8_225_a_b.AB:POCC_P0-1xB_P1-0.25xA-0.25xC-0.25xD-0.25xE,3.514526928231,0.2235571046315,0.07388255660047,0.2699765788474,0.131896604467,230.9380461161
Ca_svCdMn_pvOZn:PAW_PBE/AB_cF8_225_a_b.AB:POCC_P0-1xD_P1-0.25xA-0.25xB-0.25xC-0.25xE,54.99710811953,0.06227213179119,0.03661406886252,0.1279427072997,0.06994831220612,188.9641936841
Ca_svCoMg_pvOZn:PAW_PBE/AB_cF8_225_a_b.AB:POCC_P0-1xD_P1-0.25xA-0.25xB-0.25xC-0.25xE,40.01876817771,0.05361307571835,0.02132782664321,0.1071565396251,0.04263746064252,257.5713654288
Cu_pvFe_pvNi_pvOZn:PAW_PBE/AB_cF8_225_a_b.AB:POCC_P0-1xD_P1-0.25xA-0.25xB-0.25xC-0.25xE,50.77557357359,0.07351519021286,0.0386364474321,0.1086340682068,0.05456659263015,430.5680515866
CdMg_pvNb_svOSr_sv:PAW_PBE/AB_cF8_225_a_b.AB:POCC_P0-1xD_P1-0.25xA-0.25xB-0.25xC-0.25xE,5.912827838494,0.2230618825919,0.08947425044084,0.3368829159647,0.1050988943312,147.1998143769
Ca_svNb_svOSnZn:PAW_PBE/AB_cF8_225_a_b.AB:POCC_P0-1xC_P1-0.25xA-0.25xB-0.25xD-0.25xE,5.39495839831,0.2876732251582,0.09637189221468,0.5895611565914,0.2316617084987,190.6448285151
Ca_svFe_pvNi_pvOZn:PAW_PBE/AB_cF8_225_a_b.AB:POCC_P0-1xD_P1-0.25xA-0.25xB-0.25xC-0.25xE,29.78816501633,0.08883655467342,0.05349109055923,0.1615541940336,0.09378797406125,305.7444520558
CoFe_pvMg_pvMn_pvO:PAW_PBE/AB_cF8_225_a_b.AB:POCC_P0-1xE_P1-0.25xA-0.25xB-0.25xC-0.25xD,24.17871164768,0.04166195264969,0.01967732081672,0.07057904774959,0.03715226425979,366.0146193216
Fe_pvNb_svOSr_svTi_sv:PAW_PBE/AB_cF8_225_a_b.AB:POCC_P0-1xC_P1-0.25xA-0.25xB-0.25xD-0.25xE,6.449582292449,0.1869170336062,0.1049139839348,0.3159289681776,0.2183966190185,170.1299356426
CdNb_svOSnTi_sv:PAW_PBE/AB_cF8_225_a_b.AB:POCC_P0-1xC_P1-0.25xA-0.25xB-0.25xD-0.25xE,3.604792601681,0.1402778311321,0.005427702797368,0.2566369982902,0.01139609104189,1375.063093826
Mn_pvNb_svOSr_svTi_sv:PAW_PBE/AB_cF8_225_a_b.AB:POCC_P0-1xC_P1-0.25xA-0.25xB-0.25xD-0.25xE,6.249636688989,0.1780710213335,0.06988202691704,0.4840308907492,0.2205892068583,127.9312437545
Ca_svOTi_svV_svZn:PAW_PBE/AB_cF8_225_a_b.AB:POCC_P0-1xB_P1-0.25xA-0.25xC-0.25xD-0.25xE,13.06581348297,0.1146535861597,0.07821442922984,0.188521417871,0.1219628879882,610.972856988
Mn_pvNb_svOV_svZn:PAW_PBE/AB_cF8_225_a_b.AB:POCC_P0-1xC_P1-0.25xA-0.25xB-0.25xD-0.25xE,10.54896675816,0.1617825681796,0.1005217881096,0.2458265393064,0.1648728270461,278.5062426551
CdCu_pvFe_pvMn_pvO:PAW_PBE/AB_cF8_225_a_b.AB:POCC_P0-1xE_P1-0.25xA-0.25xB-0.25xC-0.25xD,17.45987352624,0.1312711351794,0.09394133294508,0.2149854560482,0.1433708541995,382.8995529353
Mg_pvNi_pvOV_svZn:PAW_PBE/AB_cF8_225_a_b.AB:POCC_P0-1xC_P1-0.25xA-0.25xB-0.25xD-0.25xE,39.46575361717,0.1350903909167,0.1699561697107,0.2448912115962,0.3418733707987,278.1125277417
Ca_svCoFe_pvOSr_sv:PAW_PBE/AB_cF8_225_a_b.AB:POCC_P0-1xD_P1-0.25xA-0.25xB-0.25xC-0.25xE,12.47688756963,0.1497562899401,0.0668474245565,0.3109319813802,0.1552140798863,292.3346394821
Ca_svFe_pvNi_pvOSn:PAW_PBE/AB_cF8_225_a_b.AB:POCC_P0-1xD_P1-0.25xA-0.25xB-0.25xC-0.25xE,17.90969844207,0.1929725739264,0.1369628463176,0.3648716494904,0.2549330681206,252.186946626
Fe_pvMg_pvMn_pvOZn:PAW_PBE/AB_cF8_225_a_b.AB:POCC_P0-1xD_P1-0.25xA-0.25xB-0.25xC-0.25xE,20.9370325832,0.0435859549819,0.01898624909853,0.06906335647946,0.03505118111045,160.780151896
Ca_svFe_pvMg_pvNb_svO:PAW_PBE/AB_cF8_225_a_b.AB:POCC_P0-1xE_P1-0.25xA-0.25xB-0.25xC-0.25xD,13.29804998762,0.1760380009183,0.09933875014319,0.2913646573872,0.1761687179642,366.6325899457
Ca_svCdNi_pvOZn:PAW_PBE/AB_cF8_225_a_b.AB:POCC_P0-1xD_P1-0.25xA-0.25xB-0.25xC-0.25xE,24.94374989346,0.07968051789727,0.0456613173696,0.1577990009776,0.0890363223934,295.2881626055
Cu_pvFe_pvMg_pvMn_pvO:PAW_PBE/AB_cF8_225_a_b.AB:POCC_P0-1xE_P1-0.25xA-0.25xB-0.25xC-0.25xD,60.69531519439,0.1086037960119,0.05753761016095,0.1621886729424,0.08577657979166,315.145721087
Mn_pvOTi_svV_svZn:PAW_PBE/AB_cF8_225_a_b.AB:POCC_P0-1xB_P1-0.25xA-0.25xC-0.25xD-0.25xE,12.10414645841,0.1006990283567,0.05944969894168,0.1564723451589,0.1099545478732,577.7761604945
CdCu_pvNi_pvOZn:PAW_PBE/AB_cF8_225_a_b.AB:POCC_P0-1xD_P1-0.25xA-0.25xB-0.25xC-0.25xE,24.9930277589,0.1492437902125,0.1113843309912,0.2663038747918,0.2015820821552,348.7762570926
CdOSnSr_svTi_sv:PAW_PBE/AB_cF8_225_a_b.AB:POCC_P0-1xB_P1-0.25xA-0.25xC-0.25xD-0.25xE,6.307819549607,0.0966996808871,0.1025878506774,0.1673420349176,0.1743486573949,184.4263243788
CdNb_svOSnV_sv:PAW_PBE/AB_cF8_225_a_b.AB:POCC_P0-1xC_P1-0.25xA-0.25xB-0.25xD-0.25xE,3.549417297457,0.2771101760207,0.01677781586737,0.4661949058494,0.02931614601085,774.5627155692
CdFe_pvMg_pvMn_pvO:PAW_PBE/AB_cF8_225_a_b.AB:POCC_P0-1xE_P1-0.25xA-0.25xB-0.25xC-0.25xD,38.59980915719,0.06538297759363,0.041001279869,0.1222538685453,0.07976445111532,413.3220681689
CdMg_pvMn_pvOSr_sv:PAW_PBE/AB_cF8_225_a_b.AB:POCC_P0-1xD_P1-0.25xA-0.25xB-0.25xC-0.25xE,24.12829759144,0.08912541283354,0.0354500078038,0.2003204737923,0.07507280153587,124.9383586315
CoMn_pvNi_pvOV_sv:PAW_PBE/AB_cF8_225_a_b.AB:POCC_P0-1xD_P1-0.25xA-0.25xB-0.25xC-0.25xE,12.48638743407,0.2521425182462,0.2722444304085,0.3855439354943,0.4224676586373,292.0797418648
Ca_svCoOSnZn:PAW_PBE/AB_cF8_225_a_b.AB:POCC_P0-1xC_P1-0.25xA-0.25xB-0.25xD-0.25xE,26.86895224678,0.1573404805952,0.1139608210887,0.3281732403688,0.2363441993482,270.2297974334
CoCu_pvOSnZn:PAW_PBE/AB_cF8_225_a_b.AB:POCC_P0-1xC_P1-0.25xA-0.25xB-0.25xD-0.25xE,16.4236976161,0.2177416005055,0.1655596282854,0.334335834561,0.2551034485436,495.9302172877
Mg_pvOSr_svTi_svV_sv:PAW_PBE/AB_cF8_225_a_b.AB:POCC_P0-1xB_P1-0.25xA-0.25xC-0.25xD-0.25xE,10.77426527569,0.1011651451903,0.06838063482487,0.2453419744644,0.1273243925685,320.9042387435
Ca_svCdOSnTi_sv:PAW_PBE/AB_cF8_225_a_b.AB:POCC_P0-1xC_P1-0.25xA-0.25xB-0.25xD-0.25xE,5.853211094137,0.1516371612722,0.09171766715204,0.2786008145913,0.1485923629279,234.8550544957
Ca_svFe_pvMg_pvMn_pvO:PAW_PBE/AB_cF8_225_a_b.AB:POCC_P0-1xE_P1-0.25xA-0.25xB-0.25xC-0.25xD,37.2977739699,0.03890693167643,0.01427530036011,0.09153572160479,0.03504195398036,299.8986541279
CdFe_pvOSnSr_sv:PAW_PBE/AB_cF8_225_a_b.AB:POCC_P0-1xC_P1-0.25xA-0.25xB-0.25xD-0.25xE,19.89244460503,0.1484260365949,0.09990768651767,0.3279628402693,0.1894938772413,234.510919905
Ca_svFe_pvMn_pvNi_pvO:PAW_PBE/AB_cF8_225_a_b.AB:POCC_P0-1xE_P1-0.25xA-0.25xB-0.25xC-0.25xD,42.06388184822,0.1037048798589,0.07404120255665,0.1758497821426,0.1319082601974,350.0147028501
Mg_pvOTi_svV_svZn:PAW_PBE/AB_cF8_225_a_b.AB:POCC_P0-1xB_P1-0.25xA-0.25xC-0.25xD-0.25xE,19.89598281008,0.1066341037777,0.05611981865962,0.1605212384087,0.07842749509534,702.6274991858
Nb_svOTi_svV_svZn:PAW_PBE/AB_cF8_225_a_b.AB:POCC_P0-1xB_P1-0.25xA-0.25xC-0.25xD-0.25xE,9.687625223527,0.1625911174806,0.1429299330413,0.2871753744878,0.3136393825399,1251.782143241
Ca_svMg_pvOSnSr_sv:PAW_PBE/AB_cF8_225_a_b.AB:POCC_P0-1xC_P1-0.25xA-0.25xB-0.25xD-0.25xE,19.70625981054,0.1610034409171,0.1089446978556,0.3651980213205,0.2395614650529,100.0399955179
CdCoFe_pvMn_pvO:PAW_PBE/AB_cF8_225_a_b.AB:POCC_P0-1xE_P1-0.25xA-0.25xB-0.25xC-0.25xD,31.39089054599,0.09456625968932,0.06558262039847,0.1600544704407,0.1239812729398,494.9821108563
Ca_svOSnV_svZn:PAW_PBE/AB_cF8_225_a_b.AB:POCC_P0-1xB_P1-0.25xA-0.25xC-0.25xD-0.25xE,7.422716758367,0.3616015734406,0.2083322836131,0.6094819139543,0.3442561298541,479.6326842933
Mg_pvMn_pvNi_pvOSr_sv:PAW_PBE/AB_cF8_225_a_b.AB:POCC_P0-1xD_P1-0.25xA-0.25xB-0.25xC-0.25xE,13.59864515601,0.1807085932482,0.1066120674298,0.3459722023529,0.2118764234296,236.7642454227
Ca_svCdFe_pvOZn:PAW_PBE/AB_cF8_225_a_b.AB:POCC_P0-1xD_P1-0.25xA-0.25xB-0.25xC-0.25xE,18.6332677582,0.08806018134669,0.05052721466995,0.1841412307311,0.09836044898425,366.3246949832
CoFe_pvNi_pvOZn:PAW_PBE/AB_cF8_225_a_b.AB:POCC_P0-1xD_P1-0.25xA-0.25xB-0.25xC-0.25xE,36.3007269718,0.04968597405665,0.02627005582232,0.06857512979657,0.03559235730959,452.1313090799
Ca_svCdNi_pvOSr_sv:PAW_PBE/AB_cF8_225_a_b.AB:POCC_P0-1xD_P1-0.25xA-0.25xB-0.25xC-0.25xE,25.82699877245,0.09746880458073,0.04378175323403,0.2010387499138,0.09186500442985,272.3846537557
CdFe_pvMn_pvOZn:PAW_PBE/AB_cF8_225_a_b.AB:POCC_P0-1xD_P1-0.25xA-0.25xB-0.25xC-0.25xE,39.21580221046,0.06533588875778,0.05710190560275,0.1129755562836,0.08021180790695,495.8932620281
Mg_pvMn_pvNb_svOV_sv:PAW_PBE/AB_cF8_225_a_b.AB:POCC_P0-1xD_P1-0.25xA-0.25xB-0.25xC-0.25xE,10.31608324057,0.220154482729,0.1070177645302,0.342090214983,0.2372389572932,325.4176124321
Fe_pvNb_svOSnTi_sv:PAW_PBE/AB_cF8_225_a_b.AB:POCC_P0-1xC_P1-0.25xA-0.25xB-0.25xD-0.25xE,3.474628116823,0.1726580317438,0.06661318385079,0.2665159680259,0.1369187200852,439.6464413171
Mn_pvNi_pvOSnSr_sv:PAW_PBE/AB_cF8_225_a_b.AB:POCC_P0-1xC_P1-0.25xA-0.25xB-0.25xD-0.25xE,13.45502012634,0.1797793154283,0.09733885274705,0.3650255333645,0.2098382846661,167.249452533
CoCu_pvFe_pvOSn:PAW_PBE/AB_cF8_225_a_b.AB:POCC_P0-1xD_P1-0.25xA-0.25xB-0.25xC-0.25xE,11.68495843657,0.242903318398,0.09990067614149,0.361038654262,0.1523375553401,322.3250141603
Mg_pvOSnSr_svZn:PAW_PBE/AB_cF8_225_a_b.AB:POCC_P0-1xB_P1-0.25xA-0.25xC-0.25xD-0.25xE,13.78194905349,0.1782270269364,0.07407985991697,0.3795846252326,0.1540266304009,136.9977909697
Fe_pvMg_pvOSnZn:PAW_PBE/AB_cF8_225_a_b.AB:POCC_P0-1xC_P1-0.25xA-0.25xB-0.25xD-0.25xE,15.68302534671,0.1653940083632,0.09448508365379,0.2599455324273,0.1338980918331,519.1685802652
Ca_svMn_pvOSnSr_sv:PAW_PBE/AB_cF8_225_a_b.AB:POCC_P0-1xC_P1-0.25xA-0.25xB-0.25xD-0.25xE,7.71099255005,0.1529720206264,0.1000564620209,0.3528587671478,0.2264937898234,85.73357282722
Cu_pvNi_pvOTi_svZn:PAW_PBE/AB_cF8_225_a_b.AB:POCC_P0-1xC_P1-0.25xA-0.25xB-0.25xD-0.25xE,10.61521646971,0.4720256858293,0.2141708601996,0.8596420843255,0.4174452195118,215.315518429
Ca_svFe_pvOTi_svZn:PAW_PBE/AB_cF8_225_a_b.AB:POCC_P0-1xC_P1-0.25xA-0.25xB-0.25xD-0.25xE,17.27556658913,0.1550018696249,0.09010400547994,0.2806355225505,0.1725889511672,286.5067636401
Mg_pvNb_svOSnV_sv:PAW_PBE/AB_cF8_225_a_b.AB:POCC_P0-1xC_P1-0.25xA-0.25xB-0.25xD-0.25xE,4.883763504123,0.2977673509833,0.04595411895959,0.5323431334121,0.08306199537149,756.8402050086
Ca_svNb_svOV_svZn:PAW_PBE/AB_cF8_225_a_b.AB:POCC_P0-1xC_P1-0.25xA-0.25xB-0.25xD-0.25xE,8.788606051973,0.1346231556988,0.07331118679525,0.2458084055242,0.1321808634968,236.9576676404
CdCoMg_pvMn_pvO:PAW_PBE/AB_cF8_225_a_b.AB:POCC_P0-1xE_P1-0.25xA-0.25xB-0.25xC-0.25xD,39.75525487944,0.08084131852982,0.06002187933352,0.1585224783338,0.1116808704257,436.8702421775
CdOSnV_svZn:PAW_PBE/AB_cF8_225_a_b.AB:POCC_P0-1xB_P1-0.25xA-0.25xC-0.25xD-0.25xE,7.003841208623,0.2470727937972,0.05899578388308,0.2393391288935,0.1270630567038,336.8472477731
CdOSnTi_svZn:PAW_PBE/AB_cF8_225_a_b.AB:POCC_P0-1xB_P1-0.25xA-0.25xC-0.25xD-0.25xE,4.776957735314,0.06634454077859,0.02387023762465,0.09186886673369,0.0640104051787,567.6221077933
OSr_svTi_svV_svZn:PAW_PBE/AB_cF8_225_a_b.AB:POCC_P0-1xA_P1-0.25xB-0.25xC-0.25xD-0.25xE,7.144440668838,0.2274749236109,0.08816989840376,0.3220368934692,0.07267467523197,171.5067041518
Mg_pvMn_pvOTi_svZn:PAW_PBE/AB_cF8_225_a_b.AB:POCC_P0-1xC_P1-0.25xA-0.25xB-0.25xD-0.25xE,15.61541422074,0.08595675921867,0.05434058353709,0.130985859447,0.09026582573903,258.596181317
CdFe_pvNi_pvOZn:PAW_PBE/AB_cF8_225_a_b.AB:POCC_P0-1xD_P1-0.25xA-0.25xB-0.25xC-0.25xE,23.30573274433,0.1547213667444,0.169956593026,0.2659026536378,0.281366956869,453.8154245458
Ca_svCdMn_pvOTi_sv:PAW_PBE/AB_cF8_225_a_b.AB:POCC_P0-1xD_P1-0.25xA-0.25xB-0.25xC-0.25xE,9.609546209777,0.06976990637255,0.07335753617382,0.1799847451868,0.1618310718659,314.4448150041
Ca_svOSr_svV_svZn:PAW_PBE/AB_cF8_225_a_b.AB:POCC_P0-1xB_P1-0.25xA-0.25xC-0.25xD-0.25xE,10.31197010598,0.1517745388533,0.08483470618802,0.3127911112502,0.1863401656733,199.8212737396
CoCu_pvMn_pvOV_sv:PAW_PBE/AB_cF8_225_a_b.AB:POCC_P0-1xD_P1-0.25xA-0.25xB-0.25xC-0.25xE,15.94547348742,0.1853302472646,0.1022972558347,0.2941612037755,0.1644815597984,279.44496019
Ca_svCdNi_pvOSn:PAW_PBE/AB_cF8_225_a_b.AB:POCC_P0-1xD_P1-0.25xA-0.25xB-0.25xC-0.25xE,40.5444126023,0.134423471547,0.1153180253424,0.2756016571766,0.2326546599568,234.7885078562
CoFe_pvMn_pvOSr_sv:PAW_PBE/AB_cF8_225_a_b.AB:POCC_P0-1xD_P1-0.25xA-0.25xB-0.25xC-0.25xE,13.13371308111,0.1734351632172,0.07827479966665,0.3372976591613,0.1628245763778,336.068730605
CdMn_pvOSnZn:PAW_PBE/AB_cF8_225_a_b.AB:POCC_P0-1xC_P1-0.25xA-0.25xB-0.25xD-0.25xE,15.38390656093,0.1599765299612,0.1325673865086,0.2914766110844,0.2461961105702,185.7174612384
CdFe_pvMg_pvOTi_sv:PAW_PBE/AB_cF8_225_a_b.AB:POCC_P0-1xD_P1-0.25xA-0.25xB-0.25xC-0.25xE,8.148941501655,0.1278351898319,0.1122625679113,0.2070070142901,0.186951001563,716.3929284301
Ca_svCoFe_pvMg_pvO:PAW_PBE/AB_cF8_225_a_b.AB:POCC_P0-1xE_P1-0.25xA-0.25xB-0.25xC-0.25xD,20.23049937378,0.0691457096096,0.04705074908622,0.1368392721378,0.08300884958382,252.0218098014
CdNb_svOSnSr_sv:PAW_PBE/AB_cF8_225_a_b.AB:POCC_P0-1xC_P1-0.25xA-0.25xB-0.25xD-0.25xE,4.774443957233,0.1203242370968,0.04784275486851,0.3610380135576,0.1486308207598,104.7223387573
Mn_pvNb_svOSr_svV_sv:PAW_PBE/AB_cF8_225_a_b.AB:POCC_P0-1xC_P1-0.25xA-0.25xB-0.25xD-0.25xE,8.58590439769,0.1830613325669,0.1181878847854,0.3322403373641,0.2332808646329,193.7286366598
Ca_svCdMn_pvNb_svO:PAW_PBE/AB_cF8_225_a_b.AB:POCC_P0-1xE_P1-0.25xA-0.25xB-0.25xC-0.25xD,7.149742541007,0.06935782823581,0.06418239424151,0.1120491742086,0.1053137223155,225.7824998206
Ca_svNi_pvOSnZn:PAW_PBE/AB_cF8_225_a_b.AB:POCC_P0-1xC_P1-0.25xA-0.25xB-0.25xD-0.25xE,30.6096715556,0.1366674888425,0.1002162367029,0.2935927326626,0.2069735495434,257.3136958965
Fe_pvNi_pvOSnSr_sv:PAW_PBE/AB_cF8_225_a_b.AB:POCC_P0-1xC_P1-0.25xA-0.25xB-0.25xD-0.25xE,12.14548644818,0.2575226234072,0.1309264921798,0.5054084635231,0.2182039443011,221.3278612421
Ca_svCdFe_pvOTi_sv:PAW_PBE/AB_cF8_225_a_b.AB:POCC_P0-1xD_P1-0.25xA-0.25xB-0.25xC-0.25xE,10.86738831583,0.1717629877246,0.1049670654488,0.2969980929212,0.1706514131649,710.6787829352
Ca_svCdOSr_svZn:PAW_PBE/AB_cF8_225_a_b.AB:POCC_P0-1xC_P1-0.25xA-0.25xB-0.25xD-0.25xE,39.87690390708,0.08444074329448,0.03835050050018,0.189242866737,0.07978359175095,169.5887829575
CoCu_pvFe_pvOZn:PAW_PBE/AB_cF8_225_a_b.AB:POCC_P0-1xD_P1-0.25xA-0.25xB-0.25xC-0.25xE,50.69005939776,0.1093781796974,0.04937557060621,0.1556530526987,0.08601028877338,407.143338421
CdFe_pvMn_pvOSn:PAW_PBE/AB_cF8_225_a_b.AB:POCC_P0-1xD_P1-0.25xA-0.25xB-0.25xC-0.25xE,12.59737303471,0.1944986828422,0.1175880097639,0.2794782073092,0.2002440286456,415.6395762963
Cu_pvMn_pvNi_pvOZn:PAW_PBE/AB_cF8_225_a_b.AB:POCC_P0-1xD_P1-0.25xA-0.25xB-0.25xC-0.25xE,45.02462646038,0.09763048129933,0.06811308610835,0.1500230403173,0.1091752795981,332.74098367
