feature_group,top_fraction_percent,top_n,true_high_EFA_hits,precision_in_top_k,recall_in_top_k,enrichment_factor,baseline_prevalence
DFT only,5,25,22,0.88,0.1774193548387097,3.498709677419355,0.2515212981744422
DFT only,10,50,39,0.78,0.3145161290322581,3.101129032258064,0.2515212981744422
DFT only,20,99,74,0.7474747474747475,0.5967741935483871,2.971814923427827,0.2515212981744422
DFT only,25,124,85,0.6854838709677419,0.6854838709677419,2.725351196670135,0.2515212981744422
DFT only,50,247,111,0.4493927125506073,0.8951612903225806,1.786698445866527,0.2515212981744422
Chemistry only,5,25,19,0.76,0.1532258064516129,3.021612903225806,0.2515212981744422
Chemistry only,10,50,42,0.84,0.3387096774193548,3.339677419354838,0.2515212981744422
Chemistry only,20,99,79,0.797979797979798,0.6370967741935484,3.172613229064842,0.2515212981744422
Chemistry only,25,124,87,0.7016129032258065,0.7016129032258065,2.789477107180021,0.2515212981744422
Chemistry only,50,247,112,0.4534412955465587,0.9032258064516129,1.802794828261721,0.2515212981744422
Combined,5,25,21,0.84,0.1693548387096774,3.339677419354838,0.2515212981744422
Combined,10,50,42,0.84,0.3387096774193548,3.339677419354838,0.2515212981744422
Combined,20,99,80,0.8080808080808081,0.6451612903225806,3.212772890192245,0.2515212981744422
Combined,25,124,96,0.7741935483870968,0.7741935483870968,3.078043704474505,0.2515212981744422
Combined,50,247,116,0.4696356275303644,0.9354838709677419,1.867180357842497,0.2515212981744422
