full_cation_key,EFA_percentile,compatibility_score,cation_set_match,reported_structure,reported_composition_tex,references
"Co,Mg,Mn,Zn",1.000,0.883,exact,rocksalt nanocrystals,$(\mathrm{Co}_{0.50}\mathrm{Mn}_{0.21}\mathrm{Mg}_{0.10}\mathrm{Zn}_{0.19})\mathrm{O}$,Dey_RocksaltNanocrystals_JournaloftheAmericanChemicalSociety_2025
"Co,Fe,Mn,Zn",0.998,0.908,exact,rocksalt nanocrystals,$(\mathrm{Fe}_{0.47}\mathrm{Co}_{0.37}\mathrm{Mn}_{0.10}\mathrm{Zn}_{0.06})\mathrm{O}$,Dey_RocksaltNanocrystals_JournaloftheAmericanChemicalSociety_2025
"Fe,Mn,Ni,Zn",0.996,0.930,subset,rocksalt,\makecell{$(\mathrm{Co}_{0.2}\mathrm{Fe}_{0.2}\mathrm{Mn}_{0.2}\mathrm{Ni}_{0.2}\mathrm{Zn}_{0.2})\mathrm{O}$\\ $(\mathrm{Zn}_{0.2}\mathrm{Ni}_{0.2}\mathrm{Co}_{0.2}\mathrm{Mn}_{0.2}\mathrm{Fe}_{0.2})\mathrm{O}$\\ $(\mathrm{Zn}_{0.17}\mathrm{Ni}_{0.17}\mathrm{Co}_{0.17}\mathrm{Mn}_{0.17}\mathrm{Fe}_{0.17}\mathrm{Cu}_{0.17})\mathrm{O}$},"Kirakosyan_ThermallyDriven_ChemicalEngineeringJournal_2025,Lin_MechanochemicalSynthesis_JournalofMaterialsScience_2020"
"Co,Mg,Ni,Zn",0.992,0.932,exact,rocksalt (bulk and nanocrystals),"$(\mathrm{Co},\mathrm{Mg},\mathrm{Ni},\mathrm{Zn})\mathrm{O}$","Sarkar_HEO_JECerS_2017,Sivak_HighEntropy_PhysicalReviewLetters_2025,Almishal_IndividualCation_ActaMaterialia_2024"
"Ca,Cu,Mg,Zn",0.990,0.607,subset,rocksalt film,$\mathrm{Ca}_{0.10}(\mathrm{MgCoNiCuZn})_{0.90}\mathrm{O}$,Furst_MisfitCation_JournaloftheAmericanCeramicSociety_2026
"Fe,Mg,Mn,Ni",0.988,0.894,subset,single-phase rocksalt,"\makecell{$(\mathrm{Co},\mathrm{Fe},\mathrm{Mg},\mathrm{Mn},\mathrm{Ni})\mathrm{O}$\\ $(\mathrm{Zn}_{0.14}\mathrm{Ni}_{0.14}\mathrm{Co}_{0.14}\mathrm{Mn}_{0.14}\mathrm{Fe}_{0.14}\mathrm{Cu}_{0.14}\mathrm{Mg}_{0.14})\mathrm{O}$}","pu2023mg,Lin_MechanochemicalSynthesis_JournalofMaterialsScience_2020"
"Co,Mn,Ni,Zn",0.984,0.938,subset,rocksalt,\makecell{$(\mathrm{Co}_{0.2}\mathrm{Fe}_{0.2}\mathrm{Mn}_{0.2}\mathrm{Ni}_{0.2}\mathrm{Zn}_{0.2})\mathrm{O}$\\ $(\mathrm{Mg}_{0.2}\mathrm{Co}_{0.2}\mathrm{Mn}_{0.2}\mathrm{Ni}_{0.2}\mathrm{Zn}_{0.2})\mathrm{O}$\\ $(\mathrm{Zn}_{0.2}\mathrm{Ni}_{0.2}\mathrm{Co}_{0.2}\mathrm{Mn}_{0.2}\mathrm{Cu}_{0.2})\mathrm{O}$},"Kirakosyan_ThermallyDriven_ChemicalEngineeringJournal_2025,Hou_ReversibilityAnodes_NanoEnergy_2024,Lin_MechanochemicalSynthesis_JournalofMaterialsScience_2020"
"Cu,Fe,Mg,Mn",0.982,0.762,subset,single-phase rocksalt,$(\mathrm{Zn}_{0.14}\mathrm{Ni}_{0.14}\mathrm{Co}_{0.14}\mathrm{Mn}_{0.14}\mathrm{Fe}_{0.14}\mathrm{Cu}_{0.14}\mathrm{Mg}_{0.14})\mathrm{O}$,Lin_MechanochemicalSynthesis_JournalofMaterialsScience_2020
"Co,Cu,Mg,Mn",0.974,0.771,subset,single-phase rocksalt,$(\mathrm{Zn}_{0.14}\mathrm{Ni}_{0.14}\mathrm{Co}_{0.14}\mathrm{Mn}_{0.14}\mathrm{Fe}_{0.14}\mathrm{Cu}_{0.14}\mathrm{Mg}_{0.14})\mathrm{O}$,Lin_MechanochemicalSynthesis_JournalofMaterialsScience_2020
"Cu,Fe,Ni,Zn",0.970,0.919,subset,single-phase rocksalt,\makecell{$\mathrm{Fe}_{0.2}\mathrm{Co}_{0.2}\mathrm{Ni}_{0.2}\mathrm{Cu}_{0.2}\mathrm{Zn}_{0.2}\mathrm{O}$\\ $(\mathrm{Zn}_{0.17}\mathrm{Ni}_{0.17}\mathrm{Co}_{0.17}\mathrm{Mn}_{0.17}\mathrm{Fe}_{0.17}\mathrm{Cu}_{0.17})\mathrm{O}$\\ $(\mathrm{Zn}_{0.14}\mathrm{Ni}_{0.14}\mathrm{Co}_{0.14}\mathrm{Mn}_{0.14}\mathrm{Fe}_{0.14}\mathrm{Cu}_{0.14}\mathrm{Mg}_{0.14})\mathrm{O}$},"He_NovelRockSalt_NanoResearch_2025,Gautam_SubstitutedCatalysts_CatalSciTechnol_2026,Lin_MechanochemicalSynthesis_JournalofMaterialsScience_2020"
"Co,Cu,Fe,Zn",0.967,0.843,subset,cubic rocksalt,\makecell{$\mathrm{Fe}_{0.2}\mathrm{Co}_{0.2}\mathrm{Ni}_{0.2}\mathrm{Cu}_{0.2}\mathrm{Zn}_{0.2}\mathrm{O}$\\ $(\mathrm{Zn}_{0.17}\mathrm{Ni}_{0.17}\mathrm{Co}_{0.17}\mathrm{Mn}_{0.17}\mathrm{Fe}_{0.17}\mathrm{Cu}_{0.17})\mathrm{O}$\\ $(\mathrm{Zn}_{0.14}\mathrm{Ni}_{0.14}\mathrm{Co}_{0.14}\mathrm{Mn}_{0.14}\mathrm{Fe}_{0.14}\mathrm{Cu}_{0.14}\mathrm{Mg}_{0.14})\mathrm{O}$},"He_NovelRockSalt_NanoResearch_2025,Gautam_SubstitutedCatalysts_CatalSciTechnol_2026,Lin_MechanochemicalSynthesis_JournalofMaterialsScience_2020"
"Co,Cu,Mn,Zn",0.963,0.794,subset,single-phase rocksalt,\makecell{$(\mathrm{Zn}_{0.2}\mathrm{Ni}_{0.2}\mathrm{Co}_{0.2}\mathrm{Mn}_{0.2}\mathrm{Cu}_{0.2})\mathrm{O}$\\ $(\mathrm{Zn}_{0.17}\mathrm{Ni}_{0.17}\mathrm{Co}_{0.17}\mathrm{Mn}_{0.17}\mathrm{Fe}_{0.17}\mathrm{Cu}_{0.17})\mathrm{O}$},Lin_MechanochemicalSynthesis_JournalofMaterialsScience_2020
"Co,Cu,Fe,Mg",0.959,0.811,subset,single-phase rocksalt,$(\mathrm{Zn}_{0.14}\mathrm{Ni}_{0.14}\mathrm{Co}_{0.14}\mathrm{Mn}_{0.14}\mathrm{Fe}_{0.14}\mathrm{Cu}_{0.14}\mathrm{Mg}_{0.14})\mathrm{O}$,Lin_MechanochemicalSynthesis_JournalofMaterialsScience_2020
"Co,Fe,Mg,Ni",0.957,0.920,subset,single-phase rocksalt,$(\mathrm{Zn}_{0.14}\mathrm{Ni}_{0.14}\mathrm{Co}_{0.14}\mathrm{Mn}_{0.14}\mathrm{Fe}_{0.14}\mathrm{Cu}_{0.14}\mathrm{Mg}_{0.14})\mathrm{O}$,Lin_MechanochemicalSynthesis_JournalofMaterialsScience_2020
"Co,Fe,Mn,Ni",0.951,0.941,subset,rocksalt,"\makecell{$(\mathrm{Co},\mathrm{Fe},\mathrm{Mg},\mathrm{Mn},\mathrm{Ni})\mathrm{O}$\\ $(\mathrm{Co}_{0.2}\mathrm{Fe}_{0.2}\mathrm{Mn}_{0.2}\mathrm{Ni}_{0.2}\mathrm{Zn}_{0.2})\mathrm{O}$\\ $(\mathrm{Zn}_{0.2}\mathrm{Ni}_{0.2}\mathrm{Co}_{0.2}\mathrm{Mn}_{0.2}\mathrm{Fe}_{0.2})\mathrm{O}$}","pu2023mg,Kirakosyan_ThermallyDriven_ChemicalEngineeringJournal_2025,Lin_MechanochemicalSynthesis_JournalofMaterialsScience_2020"
"Cu,Mn,Ni,Zn",0.949,0.842,subset,single-phase rocksalt,\makecell{$(\mathrm{Zn}_{0.2}\mathrm{Ni}_{0.2}\mathrm{Co}_{0.2}\mathrm{Mn}_{0.2}\mathrm{Cu}_{0.2})\mathrm{O}$\\ $(\mathrm{Zn}_{0.17}\mathrm{Ni}_{0.17}\mathrm{Co}_{0.17}\mathrm{Mn}_{0.17}\mathrm{Fe}_{0.17}\mathrm{Cu}_{0.17})\mathrm{O}$\\ $(\mathrm{Zn}_{0.14}\mathrm{Ni}_{0.14}\mathrm{Co}_{0.14}\mathrm{Mn}_{0.14}\mathrm{Fe}_{0.14}\mathrm{Cu}_{0.14}\mathrm{Mg}_{0.14})\mathrm{O}$},Lin_MechanochemicalSynthesis_JournalofMaterialsScience_2020
"Cu,Mg,Ni,Zn",0.943,0.907,exact,thin-film rocksalt,$\mathrm{Mg}_{1/4}\mathrm{Ni}_{1/4}\mathrm{Cu}_{1/4}\mathrm{Zn}_{1/4}\mathrm{O}$,Almishal_IndividualCation_ActaMaterialia_2024
"Mg,Mn,Ni,Zn",0.937,0.890,subset,single-phase rocksalt,\makecell{$(\mathrm{Mg}_{0.2}\mathrm{Co}_{0.2}\mathrm{Mn}_{0.2}\mathrm{Ni}_{0.2}\mathrm{Zn}_{0.2})\mathrm{O}$\\ $(\mathrm{Zn}_{0.14}\mathrm{Ni}_{0.14}\mathrm{Co}_{0.14}\mathrm{Mn}_{0.14}\mathrm{Fe}_{0.14}\mathrm{Cu}_{0.14}\mathrm{Mg}_{0.14})\mathrm{O}$},"Hou_ReversibilityAnodes_NanoEnergy_2024,Lin_MechanochemicalSynthesis_JournalofMaterialsScience_2020"
"Ca,Co,Mg,Zn",0.935,0.665,subset,rocksalt film,$\mathrm{Ca}_{0.20}(\mathrm{MgCoNiZn})_{0.80}\mathrm{O}$,Furst_MisfitCation_JournaloftheAmericanCeramicSociety_2026
"Ca,Mg,Ni,Zn",0.917,0.663,subset,rocksalt film,$\mathrm{Ca}_{0.20}(\mathrm{MgCoNiZn})_{0.80}\mathrm{O}$,Furst_MisfitCation_JournaloftheAmericanCeramicSociety_2026
"Co,Fe,Ni,Zn",0.915,0.959,subset,rocksalt,\makecell{$(\mathrm{Co}_{0.2}\mathrm{Fe}_{0.2}\mathrm{Mn}_{0.2}\mathrm{Ni}_{0.2}\mathrm{Zn}_{0.2})\mathrm{O}$\\ $\mathrm{Fe}_{0.2}\mathrm{Co}_{0.2}\mathrm{Ni}_{0.2}\mathrm{Cu}_{0.2}\mathrm{Zn}_{0.2}\mathrm{O}$\\ $(\mathrm{Zn}_{0.2}\mathrm{Ni}_{0.2}\mathrm{Co}_{0.2}\mathrm{Mn}_{0.2}\mathrm{Fe}_{0.2})\mathrm{O}$},"Kirakosyan_ThermallyDriven_ChemicalEngineeringJournal_2025,He_NovelRockSalt_NanoResearch_2025,Lin_MechanochemicalSynthesis_JournalofMaterialsScience_2020"
"Cu,Mg,Mn,Zn",0.904,0.790,subset,single-phase rocksalt,$(\mathrm{Zn}_{0.14}\mathrm{Ni}_{0.14}\mathrm{Co}_{0.14}\mathrm{Mn}_{0.14}\mathrm{Fe}_{0.14}\mathrm{Cu}_{0.14}\mathrm{Mg}_{0.14})\mathrm{O}$,Lin_MechanochemicalSynthesis_JournalofMaterialsScience_2020
"Co,Fe,Mg,Zn",0.900,0.898,subset,single-phase rocksalt,\makecell{$(\mathrm{Zn}_{0.14}\mathrm{Ni}_{0.14}\mathrm{Co}_{0.14}\mathrm{Mn}_{0.14}\mathrm{Fe}_{0.14}\mathrm{Cu}_{0.14}\mathrm{Mg}_{0.14})\mathrm{O}$\\ $(\mathrm{Fe}_{0.2}\mathrm{Co}_{0.2}\mathrm{Mn}_{0.2}\mathrm{Mg}_{0.2}\mathrm{Zn}_{0.2})\mathrm{O}$},"Lin_MechanochemicalSynthesis_JournalofMaterialsScience_2020,Dey_RocksaltNanocrystals_JournaloftheAmericanChemicalSociety_2025"
"Co,Cu,Fe,Ni",0.898,0.811,exact,rocksalt nanoparticles,"$(\mathrm{Fe},\mathrm{Co},\mathrm{Ni},\mathrm{Cu})\mathrm{O}_{x}$",Li_DenaryOxide_NatureCatalysis_2021
"Ca,Co,Ni,Zn",0.888,0.706,subset,rocksalt film,$\mathrm{Ca}_{0.20}(\mathrm{MgCoNiZn})_{0.80}\mathrm{O}$,Furst_MisfitCation_JournaloftheAmericanCeramicSociety_2026
"Fe,Mg,Ni,Zn",0.886,0.915,subset,single-phase rocksalt,$(\mathrm{Zn}_{0.14}\mathrm{Ni}_{0.14}\mathrm{Co}_{0.14}\mathrm{Mn}_{0.14}\mathrm{Fe}_{0.14}\mathrm{Cu}_{0.14}\mathrm{Mg}_{0.14})\mathrm{O}$,Lin_MechanochemicalSynthesis_JournalofMaterialsScience_2020
"Ca,Co,Mg,Ni",0.882,0.677,subset,rocksalt film,$\mathrm{Ca}_{0.20}(\mathrm{MgCoNiZn})_{0.80}\mathrm{O}$,Furst_MisfitCation_JournaloftheAmericanCeramicSociety_2026
"Cu,Fe,Mn,Zn",0.874,0.549,subset,single-phase rocksalt,\makecell{$(\mathrm{Zn}_{0.17}\mathrm{Ni}_{0.17}\mathrm{Co}_{0.17}\mathrm{Mn}_{0.17}\mathrm{Fe}_{0.17}\mathrm{Cu}_{0.17})\mathrm{O}$\\ $(\mathrm{Zn}_{0.14}\mathrm{Ni}_{0.14}\mathrm{Co}_{0.14}\mathrm{Mn}_{0.14}\mathrm{Fe}_{0.14}\mathrm{Cu}_{0.14}\mathrm{Mg}_{0.14})\mathrm{O}$},Lin_MechanochemicalSynthesis_JournalofMaterialsScience_2020
"Co,Ni,Sn,Zn",0.870,0.746,subset,rocksalt film,$(\mathrm{Co}_{0.167}\mathrm{Cu}_{0.167}\mathrm{Mg}_{0.167}\mathrm{Ni}_{0.167}\mathrm{Sn}_{0.167}\mathrm{Zn}_{0.167})\mathrm{O}$,Braun_ESO_AdvMat_2018
"Cu,Fe,Mg,Ni",0.868,0.889,subset,single-phase rocksalt,$(\mathrm{Zn}_{0.14}\mathrm{Ni}_{0.14}\mathrm{Co}_{0.14}\mathrm{Mn}_{0.14}\mathrm{Fe}_{0.14}\mathrm{Cu}_{0.14}\mathrm{Mg}_{0.14})\mathrm{O}$,Lin_MechanochemicalSynthesis_JournalofMaterialsScience_2020
"Co,Mg,Ni,Sn",0.854,0.611,subset,rocksalt film,$(\mathrm{Co}_{0.167}\mathrm{Cu}_{0.167}\mathrm{Mg}_{0.167}\mathrm{Ni}_{0.167}\mathrm{Sn}_{0.167}\mathrm{Zn}_{0.167})\mathrm{O}$,Braun_ESO_AdvMat_2018
"Co,Cu,Fe,Mn",0.843,0.791,subset,single-phase rocksalt,\makecell{$(\mathrm{Zn}_{0.17}\mathrm{Ni}_{0.17}\mathrm{Co}_{0.17}\mathrm{Mn}_{0.17}\mathrm{Fe}_{0.17}\mathrm{Cu}_{0.17})\mathrm{O}$\\ $(\mathrm{Zn}_{0.14}\mathrm{Ni}_{0.14}\mathrm{Co}_{0.14}\mathrm{Mn}_{0.14}\mathrm{Fe}_{0.14}\mathrm{Cu}_{0.14}\mathrm{Mg}_{0.14})\mathrm{O}$},Lin_MechanochemicalSynthesis_JournalofMaterialsScience_2020
"Co,Cu,Mg,Ni",0.839,0.865,exact,bulk rocksalt,$\mathrm{Mg}_{1/4}\mathrm{Co}_{1/4}\mathrm{Ni}_{1/4}\mathrm{Cu}_{1/4}\mathrm{O}$,"Sivak_HighEntropy_PhysicalReviewLetters_2025,Almishal_IndividualCation_ActaMaterialia_2024"
"Cu,Fe,Mg,Zn",0.827,0.827,subset,single-phase rocksalt,$(\mathrm{Zn}_{0.14}\mathrm{Ni}_{0.14}\mathrm{Co}_{0.14}\mathrm{Mn}_{0.14}\mathrm{Fe}_{0.14}\mathrm{Cu}_{0.14}\mathrm{Mg}_{0.14})\mathrm{O}$,Lin_MechanochemicalSynthesis_JournalofMaterialsScience_2020
"Mg,Ni,Sn,Zn",0.817,0.709,subset,rocksalt film,$(\mathrm{Co}_{0.167}\mathrm{Cu}_{0.167}\mathrm{Mg}_{0.167}\mathrm{Ni}_{0.167}\mathrm{Sn}_{0.167}\mathrm{Zn}_{0.167})\mathrm{O}$,Braun_ESO_AdvMat_2018
"Co,Fe,Mg,Mn",0.811,0.885,subset,single-phase rocksalt,"\makecell{$(\mathrm{Co},\mathrm{Fe},\mathrm{Mg},\mathrm{Mn},\mathrm{Ni})\mathrm{O}$\\ $(\mathrm{Zn}_{0.14}\mathrm{Ni}_{0.14}\mathrm{Co}_{0.14}\mathrm{Mn}_{0.14}\mathrm{Fe}_{0.14}\mathrm{Cu}_{0.14}\mathrm{Mg}_{0.14})\mathrm{O}$}","pu2023mg,Lin_MechanochemicalSynthesis_JournalofMaterialsScience_2020"
"Co,Mg,Mn,Ni",0.805,0.900,subset,rocksalt,"\makecell{$(\mathrm{Co},\mathrm{Fe},\mathrm{Mg},\mathrm{Mn},\mathrm{Ni})\mathrm{O}$\\ $(\mathrm{Mg}_{0.2}\mathrm{Co}_{0.2}\mathrm{Mn}_{0.2}\mathrm{Ni}_{0.2}\mathrm{Zn}_{0.2})\mathrm{O}$\\ $(\mathrm{Zn}_{0.14}\mathrm{Ni}_{0.14}\mathrm{Co}_{0.14}\mathrm{Mn}_{0.14}\mathrm{Fe}_{0.14}\mathrm{Cu}_{0.14}\mathrm{Mg}_{0.14})\mathrm{O}$}","pu2023mg,Hou_ReversibilityAnodes_NanoEnergy_2024,Lin_MechanochemicalSynthesis_JournalofMaterialsScience_2020"
"Cu,Mg,Mn,Ni",0.799,0.847,subset,single-phase rocksalt,$(\mathrm{Zn}_{0.14}\mathrm{Ni}_{0.14}\mathrm{Co}_{0.14}\mathrm{Mn}_{0.14}\mathrm{Fe}_{0.14}\mathrm{Cu}_{0.14}\mathrm{Mg}_{0.14})\mathrm{O}$,Lin_MechanochemicalSynthesis_JournalofMaterialsScience_2020
"Co,Mg,Sn,Zn",0.780,0.654,subset,rocksalt film,$(\mathrm{Co}_{0.167}\mathrm{Cu}_{0.167}\mathrm{Mg}_{0.167}\mathrm{Ni}_{0.167}\mathrm{Sn}_{0.167}\mathrm{Zn}_{0.167})\mathrm{O}$,Braun_ESO_AdvMat_2018
"Fe,Mg,Mn,Zn",0.756,0.869,subset,single-phase rocksalt,\makecell{$(\mathrm{Zn}_{0.14}\mathrm{Ni}_{0.14}\mathrm{Co}_{0.14}\mathrm{Mn}_{0.14}\mathrm{Fe}_{0.14}\mathrm{Cu}_{0.14}\mathrm{Mg}_{0.14})\mathrm{O}$\\ $(\mathrm{Fe}_{0.2}\mathrm{Co}_{0.2}\mathrm{Mn}_{0.2}\mathrm{Mg}_{0.2}\mathrm{Zn}_{0.2})\mathrm{O}$},"Lin_MechanochemicalSynthesis_JournalofMaterialsScience_2020,Dey_RocksaltNanocrystals_JournaloftheAmericanChemicalSociety_2025"
"Cu,Mg,Ni,Sn",0.717,0.521,subset,rocksalt film,$(\mathrm{Co}_{0.167}\mathrm{Cu}_{0.167}\mathrm{Mg}_{0.167}\mathrm{Ni}_{0.167}\mathrm{Sn}_{0.167}\mathrm{Zn}_{0.167})\mathrm{O}$,Braun_ESO_AdvMat_2018
"Co,Cu,Mn,Ni",0.654,0.802,subset,single-phase rocksalt,\makecell{$(\mathrm{Zn}_{0.2}\mathrm{Ni}_{0.2}\mathrm{Co}_{0.2}\mathrm{Mn}_{0.2}\mathrm{Cu}_{0.2})\mathrm{O}$\\ $(\mathrm{Zn}_{0.17}\mathrm{Ni}_{0.17}\mathrm{Co}_{0.17}\mathrm{Mn}_{0.17}\mathrm{Fe}_{0.17}\mathrm{Cu}_{0.17})\mathrm{O}$\\ $(\mathrm{Zn}_{0.14}\mathrm{Ni}_{0.14}\mathrm{Co}_{0.14}\mathrm{Mn}_{0.14}\mathrm{Fe}_{0.14}\mathrm{Cu}_{0.14}\mathrm{Mg}_{0.14})\mathrm{O}$},Lin_MechanochemicalSynthesis_JournalofMaterialsScience_2020
"Co,Cu,Sn,Zn",0.652,0.516,subset,rocksalt film,$(\mathrm{Co}_{0.167}\mathrm{Cu}_{0.167}\mathrm{Mg}_{0.167}\mathrm{Ni}_{0.167}\mathrm{Sn}_{0.167}\mathrm{Zn}_{0.167})\mathrm{O}$,Braun_ESO_AdvMat_2018
