target_column,target_label,descriptor_column,descriptor_label,method,N,coefficient,abs_coefficient,p_value,p_value_fdr_bh,abs_correlation_rank
EFA,EFA,delta_radii_Ghosh08,$\delta r_{\mathrm{Ghosh}}$,Pearson,493,-0.3558219743337637,0.3558219743337637,3.679356823603418e-16,5.571066116235065e-15,1
EFA,EFA,VEC,VEC,Pearson,493,0.3535135845677793,0.3535135845677793,5.8642801223527e-16,5.571066116235065e-15,2
EFA,EFA,param_geo_radii_Ghosh08,$\Lambda_{\mathrm{Ghosh}}$,Pearson,493,0.3503682043612606,0.3503682043612606,1.100024064787499e-15,6.966819076987496e-15,3
EFA,EFA,delta_radius_PT,$\delta r_{\mathrm{PT}}$,Pearson,493,-0.3188654192323153,0.3188654192323153,4.102134623929209e-13,1.948513946366374e-12,4
EFA,EFA,param_geo_radius_PT,$\Lambda_{\mathrm{PT}}$,Pearson,493,0.2400787361179784,0.2400787361179784,6.806696828291462e-08,2.586544794750756e-07,5
EFA,EFA,delta_electronegativity_Ghosh,$\delta\chi_{\mathrm{Ghosh}}$,Pearson,493,-0.2153917746252922,0.2153917746252922,1.38530863778661e-06,4.386810686324265e-06,6
EFA,EFA,delta_radius_covalent_PT,"$\delta r_{\mathrm{cov,PT}}$",Pearson,493,-0.1614426262514478,0.1614426262514478,0.0003192648412956566,0.0008424609386140704,7
EFA,EFA,param_geo_radius_covalent_PT,"$\Lambda_{\mathrm{cov,PT}}$",Pearson,493,0.1602259542303495,0.1602259542303495,0.0003547203952059244,0.0008424609386140704,8
EFA,EFA,delta_radii_Slatter,$\delta r_{\mathrm{Slater}}$,Pearson,493,-0.1506979453832635,0.1506979453832635,0.0007886940572219982,0.001665020787468663,9
EFA,EFA,param_geo_radii_Slatter,$\Lambda_{\mathrm{Slater}}$,Pearson,493,0.1308729547552897,0.1308729547552897,0.003602688499444864,0.006845108148945242,10
EFA,EFA,delta_electronegativity_Pearson,$\delta\chi_{\mathrm{Pearson}}$,Pearson,484,-0.1259990020711603,0.1259990020711603,0.005505232823899475,0.009509038514008184,11
EFA,EFA,delta_radius_Saxena,$\delta r_{\mathrm{Saxena}}$,Pearson,484,-0.08983496910076329,0.08983496910076329,0.048239293096972,0.07095865273496407,12
EFA,EFA,param_geo_radius_covalent,$\Lambda_{\mathrm{cov}}$,Pearson,493,-0.08888740734010356,0.08888740734010356,0.0485506571344491,0.07095865273496407,13
EFA,EFA,param_geo_radius_Saxena,$\Lambda_{\mathrm{Saxena}}$,Pearson,484,0.06555422848751628,0.06555422848751628,0.1498636661273969,0.2033864040300387,14
EFA,EFA,delta_radii_Pyykko,$\delta r_{\mathrm{Pyykk\ddot{o}}}$,Pearson,493,-0.05342469636783118,0.05342469636783118,0.2363911647260452,0.2994288086529907,15
EFA,EFA,delta_radius_covalent,$\delta r_{\mathrm{cov}}$,Pearson,493,0.03457376758884772,0.03457376758884772,0.4437104861649017,0.5269062023208207,16
EFA,EFA,param_geo_radii_Pyykko,$\Lambda_{\mathrm{Pyykk\ddot{o}}}$,Pearson,493,0.02228910355327939,0.02228910355327939,0.6215156133751562,0.6346814446267098,17
EFA,EFA,delta_electronegativity_Allen,$\delta\chi_{\mathrm{Allen}}$,Pearson,493,-0.02205839646605969,0.02205839646605969,0.6251305350222764,0.6346814446267098,18
EFA,EFA,delta_electronegativity_Pauling,$\delta\chi_{\mathrm{Pauling}}$,Pearson,493,-0.02145158377807935,0.02145158377807935,0.6346814446267098,0.6346814446267098,19
EFA,EFA,VEC,VEC,Spearman,493,0.3997034978735827,0.3997034978735827,2.457995108240494e-20,4.670190705656938e-19,1
EFA,EFA,delta_radii_Ghosh08,$\delta r_{\mathrm{Ghosh}}$,Spearman,493,-0.3346911065172111,0.3346911065172111,2.280425356497157e-14,1.4442693924482e-13,2
EFA,EFA,param_geo_radii_Ghosh08,$\Lambda_{\mathrm{Ghosh}}$,Spearman,493,0.3346911065172111,0.3346911065172111,2.280425356497157e-14,1.4442693924482e-13,2
EFA,EFA,delta_radius_PT,$\delta r_{\mathrm{PT}}$,Spearman,493,-0.2785357798641037,0.2785357798641037,3.098379515187554e-10,1.17738421577127e-09,4
EFA,EFA,param_geo_radius_PT,$\Lambda_{\mathrm{PT}}$,Spearman,493,0.2785357798641037,0.2785357798641037,3.098379515187554e-10,1.17738421577127e-09,4
EFA,EFA,delta_electronegativity_Ghosh,$\delta\chi_{\mathrm{Ghosh}}$,Spearman,493,-0.2394503114366451,0.2394503114366451,7.380645640276314e-08,2.337204452754166e-07,6
EFA,EFA,delta_radius_covalent,$\delta r_{\mathrm{cov}}$,Spearman,493,0.1582267274578372,0.1582267274578372,0.0004210517963009935,0.0009999980162148595,7
EFA,EFA,param_geo_radius_covalent,$\Lambda_{\mathrm{cov}}$,Spearman,493,-0.1582267274578372,0.1582267274578372,0.0004210517963009935,0.0009999980162148595,7
EFA,EFA,param_geo_radii_Pyykko,$\Lambda_{\mathrm{Pyykk\ddot{o}}}$,Spearman,493,-0.1506580636712524,0.1506580636712524,0.0007912611133354112,0.001503794354479992,9
EFA,EFA,delta_radii_Pyykko,$\delta r_{\mathrm{Pyykk\ddot{o}}}$,Spearman,493,0.150654812627385,0.150654812627385,0.0007914707128842064,0.001503794354479992,10
EFA,EFA,delta_electronegativity_Allen,$\delta\chi_{\mathrm{Allen}}$,Spearman,493,0.1127152318411386,0.1127152318411386,0.01226882198957552,0.02119160161835772,11
EFA,EFA,delta_electronegativity_Pauling,$\delta\chi_{\mathrm{Pauling}}$,Spearman,493,0.0756008296066362,0.0756008296066362,0.09359137537704365,0.1481863443469858,12
EFA,EFA,delta_radius_covalent_PT,"$\delta r_{\mathrm{cov,PT}}$",Spearman,493,-0.06491648350827187,0.06491648350827187,0.1500827112326202,0.2036836795299846,13
EFA,EFA,param_geo_radius_covalent_PT,"$\Lambda_{\mathrm{cov,PT}}$",Spearman,493,0.06491648350827187,0.06491648350827187,0.1500827112326202,0.2036836795299846,13
EFA,EFA,delta_radius_Saxena,$\delta r_{\mathrm{Saxena}}$,Spearman,484,0.03855404624916186,0.03855404624916186,0.3973795397955813,0.455539385262244,15
EFA,EFA,param_geo_radius_Saxena,$\Lambda_{\mathrm{Saxena}}$,Spearman,484,-0.03855404624916186,0.03855404624916186,0.3973795397955813,0.455539385262244,15
EFA,EFA,delta_electronegativity_Pearson,$\delta\chi_{\mathrm{Pearson}}$,Spearman,484,-0.0377271452508422,0.0377271452508422,0.407587871024113,0.455539385262244,17
EFA,EFA,delta_radii_Slatter,$\delta r_{\mathrm{Slater}}$,Spearman,493,-0.008914119430065797,0.008914119430065797,0.8434933491001771,0.8434933491001771,18
EFA,EFA,param_geo_radii_Slatter,$\Lambda_{\mathrm{Slater}}$,Spearman,493,0.008914119430065797,0.008914119430065797,0.8434933491001771,0.8434933491001771,18
