quartile_axis,quartile,quartile_order,quartile_definition,descriptor_column,descriptor_label,count,raw_mean,raw_std,raw_median,raw_q25,raw_q75,percentile_mean,percentile_median
EFA quartile,Q1,1,low EFA,VEC,VEC,123,5.827235772357723,0.6717209984014613,5.875,5.25,6.25,0.3773299623240135,0.3729674796747968
EFA quartile,Q2,2,intermediate-low EFA,VEC,VEC,123,5.908536585365853,0.7715605146382883,5.875,5.375,6.375,0.4095693700839447,0.3729674796747968
EFA quartile,Q3,3,intermediate-high EFA,VEC,VEC,123,6.265243902439025,0.8803387140750997,6.25,5.6875,6.875,0.5334209134774274,0.5467479674796748
EFA quartile,Q4,4,high EFA,VEC,VEC,124,6.732862903225806,0.815147294133377,6.75,6.25,7.25,0.6782307238394967,0.7317073170731707
EFA quartile,Q1,1,low EFA,delta_electronegativity_Ghosh,$\delta\chi_{\mathrm{Ghosh}}$,123,0.4984796894761227,0.1585025022844803,0.5697789044884,0.3466223220113,0.6208704960057,0.6465067089695287,0.7520325203252033
EFA quartile,Q2,2,intermediate-low EFA,delta_electronegativity_Ghosh,$\delta\chi_{\mathrm{Ghosh}}$,123,0.3524497395929446,0.1473855320069514,0.3451871774849,0.2545280213539,0.409618226226,0.4049094454359178,0.3739837398373984
EFA quartile,Q3,3,intermediate-high EFA,delta_electronegativity_Ghosh,$\delta\chi_{\mathrm{Ghosh}}$,123,0.4136092125756074,0.1472413057364854,0.3931369831242,0.33498767950135,0.55204798980255,0.5227873620199618,0.540650406504065
EFA quartile,Q4,4,high EFA,delta_electronegativity_Ghosh,$\delta\chi_{\mathrm{Ghosh}}$,124,0.366723917044004,0.1495117243226015,0.35398024506805,0.2798792961252,0.4355224109878,0.4263948990296354,0.4014227642276423
EFA quartile,Q1,1,low EFA,delta_radii_Ghosh08,$\delta r_{\mathrm{Ghosh}}$,123,18.5341558474967,4.463398755499086,18.89239518984,15.83067278113,21.4677394073,0.593727278736202,0.6077235772357723
EFA quartile,Q2,2,intermediate-low EFA,delta_radii_Ghosh08,$\delta r_{\mathrm{Ghosh}}$,123,17.70890415103461,5.553074494363094,17.57179269208,13.687991409925,21.96694285753,0.5502346486879502,0.532520325203252
EFA quartile,Q3,3,intermediate-high EFA,delta_radii_Ghosh08,$\delta r_{\mathrm{Ghosh}}$,123,17.36781680557508,6.988996191769554,17.78975446055,10.83678967569,23.54078425721,0.5393449666203979,0.5487804878048781
EFA quartile,Q4,4,high EFA,delta_radii_Ghosh08,$\delta r_{\mathrm{Ghosh}}$,124,12.22213307255896,6.406573073432478,9.739761497425999,6.7761315206125,17.44025845603,0.3181713873590349,0.1869918699186992
EFA quartile,Q1,1,low EFA,lat_distortion_misfit_mean,$\bar{\epsilon}$,123,0.1865668141835023,0.1003375110660023,0.1780710213335,0.1208480786612,0.2563473438731,0.6128296648820146,0.725609756097561
EFA quartile,Q2,2,intermediate-low EFA,lat_distortion_misfit_mean,$\bar{\epsilon}$,123,0.1719517963469455,0.07196210412887688,0.1656941689861,0.133421155421,0.1945313802199,0.5976270738317138,0.6361788617886179
EFA quartile,Q3,3,intermediate-high EFA,lat_distortion_misfit_mean,$\bar{\epsilon}$,123,0.1465152731035314,0.04660278453399297,0.1515341172834,0.11167405330635,0.1760855352998,0.5166237028223941,0.5487804878048781
EFA quartile,Q4,4,high EFA,lat_distortion_misfit_mean,$\bar{\epsilon}$,124,0.09681765585271145,0.04246258367360197,0.089144305688565,0.064066855275735,0.13151753953015,0.2747508523472332,0.2286585365853658
EFA quartile,Q1,1,low EFA,lat_distortion_relax_distance_mean,$\bar{d}$,123,0.3254535689202544,0.2097234078984212,0.2799081969105,0.195727147079,0.4450255528907,0.571039064049177,0.5853658536585366
EFA quartile,Q2,2,intermediate-low EFA,lat_distortion_relax_distance_mean,$\bar{d}$,123,0.3091917907116852,0.1323782696713778,0.2969980929212,0.22591474696825,0.3629922081589,0.5985689734946129,0.6422764227642277
EFA quartile,Q3,3,intermediate-high EFA,lat_distortion_relax_distance_mean,$\bar{d}$,123,0.2714802181755123,0.08456588075514802,0.2765825162107,0.21875361189675,0.3280600417802,0.5414931588340275,0.5609756097560976
EFA quartile,Q4,4,high EFA,lat_distortion_relax_distance_mean,$\bar{d}$,124,0.1767892368768263,0.0810688627301268,0.16235137872195,0.1221555884355,0.2296101967076,0.2906012326252295,0.2388211382113821
EFA quartile,Q1,1,low EFA,param_geo_radii_Ghosh08,$\Lambda_{\mathrm{Ghosh}}$,123,0.005251786832001055,0.004947022056962955,0.003884019607109,0.003008056533011,0.005531694339339499,0.406272721263798,0.3922764227642276
EFA quartile,Q2,2,intermediate-low EFA,param_geo_radii_Ghosh08,$\Lambda_{\mathrm{Ghosh}}$,123,0.006271868653141309,0.005002541657942968,0.00448976194819,0.0028730097200295,0.0073990508849,0.4497653513120497,0.467479674796748
EFA quartile,Q3,3,intermediate-high EFA,param_geo_radii_Ghosh08,$\Lambda_{\mathrm{Ghosh}}$,123,0.00925850222145626,0.01408326105237439,0.00438041794034,0.002501712191646,0.01180471536017,0.4606550333796021,0.451219512195122
EFA quartile,Q4,4,high EFA,param_geo_radii_Ghosh08,$\Lambda_{\mathrm{Ghosh}}$,124,0.02209305736753425,0.02628788839312507,0.01464314023929,0.004558328445139499,0.03019214886111,0.6818286126409652,0.8130081300813008
