source_combined_excel_row,full_cation_key
2,"Ca,Cd,Co,Fe"
3,"Ca,Fe,Mn,Zn"
4,"Co,Mg,Mn,Sr"
5,"Co,Mg,Mn,Ni"
6,"Fe,Mg,Mn,Sr"
7,"Mg,Sn,Sr,Ti"
8,"Ca,Ni,Sn,Sr"
9,"Cu,Fe,Mn,V"
10,"Co,Mg,Sn,Zn"
11,"Cd,Fe,Ti,Zn"
12,"Ca,Nb,Ti,V"
13,"Mg,Nb,Sr,V"
14,"Ca,Mn,Sn,Zn"
15,"Ca,Fe,Mg,Sn"
16,"Cd,Mg,Sr,V"
17,"Ca,Mg,Mn,Nb"
18,"Ca,Cd,Mg,Nb"
19,"Ca,Mg,Ni,Sr"
20,"Ca,Co,Fe,Zn"
21,"Cd,Cu,Mg,Mn"
22,"Nb,Sn,Sr,V"
25,"Cd,Sr,Ti,V"
26,"Ca,Cd,Mn,Sr"
27,"Co,Cu,Mg,Mn"
28,"Cd,Cu,Fe,Zn"
30,"Ca,Co,Mn,Sr"
31,"Cd,Co,Fe,Sr"
32,"Cd,Co,Sr,Zn"
34,"Ca,Mg,Nb,Sn"
35,"Cd,Mn,Sn,V"
37,"Mg,Ni,Sr,Zn"
38,"Cd,Mn,Ni,Zn"
39,"Cd,Mn,Sr,V"
40,"Cu,Fe,Sn,Zn"
41,"Ca,Mg,Mn,Ni"
42,"Ca,Cd,Fe,Ni"
43,"Ca,Mg,Nb,Zn"
44,"Nb,Tc,Ti,V"
46,"Ca,Cu,Mg,Mn"
47,"Co,Mg,Mn,Sn"
49,"Co,Mg,Ni,Sn"
50,"Cd,Co,Mg,Sr"
51,"Cd,Mg,Nb,Sn"
52,"Ca,Mn,Nb,Sr"
54,"Mg,Sn,Ti,V"
56,"Cd,Fe,Sr,Ti"
57,"Ca,Cd,Sn,Zn"
59,"Cd,Co,Sn,Zn"
60,"Cu,Mn,V,Zn"
61,"Cd,Ni,Sn,Zn"
62,"Ca,Mg,Mn,Sn"
63,"Co,Cu,Mg,Ni"
64,"Fe,Mn,Sn,Zn"
65,"Ca,Mn,Nb,Zn"
66,"Ca,Mg,Ti,V"
67,"Mn,Nb,Ti,Zn"
68,"Cd,Fe,Nb,Ti"
69,"Nb,Sn,Sr,Ti"
70,"Cu,Nb,Sn,Tc"
71,"Mg,Mn,Nb,Sr"
72,"Cu,Mn,Sn,Zn"
73,"Ca,Mn,Sr,Ti"
74,"Cd,Co,Mg,Zn"
75,"Co,Mg,Mn,V"
76,"Co,Fe,Mn,Zn"
77,"Cd,Mg,Sn,Sr"
78,"Cu,Mg,Ni,Zn"
79,"Ca,Cd,Mg,Zn"
80,"Co,Mg,Sn,Sr"
81,"Cd,Mg,Ti,V"
82,"Mg,Nb,V,Zn"
83,"Cu,Nb,Sn,Ti"
84,"Cd,Mn,V,Zn"
85,"Co,Mn,Sn,Sr"
86,"Ca,Cd,V,Zn"
87,"Mg,Mn,Nb,Sn"
88,"Ca,Fe,Sn,Sr"
89,"Cd,Co,Mn,Zn"
90,"Co,Mn,Sn,Zn"
91,"Ca,Fe,Nb,Sn"
92,"Mn,Sn,Sr,Zn"
93,"Cd,Co,Fe,Zn"
94,"Cd,Mg,Ni,Zn"
95,"Mn,Nb,Sn,Ti"
96,"Ca,Cd,Mg,Sr"
97,"Ca,Cd,Mn,Sn"
98,"Cd,Sn,Sr,Zn"
99,"Cd,Mn,Ni,Sn"
100,"Nb,Sn,Ti,V"
101,"Ca,Fe,Nb,Sr"
102,"Cd,Ti,V,Zn"
103,"Sn,Sr,Ti,V"
104,"Ca,Cd,Mg,V"
105,"Mg,Mn,V,Zn"
106,"Cd,Co,Mg,Ni"
107,"Fe,Mg,Sr,Zn"
108,"Co,Fe,Sn,Sr"
109,"Cd,Fe,Mg,Sr"
110,"Sn,Ti,V,Zn"
111,"Cd,Fe,Mg,Ni"
112,"Ca,Fe,Mg,Ni"
113,"Mg,Mn,Sn,Ti"
114,"Ca,Mg,Sn,Zn"
115,"Ca,Fe,Mg,Ti"
116,"Sn,Tc,Ti,V"
117,"Cd,Mn,Nb,Zn"
118,"Cd,Sn,Ti,V"
119,"Cd,Mg,Sn,Ti"
120,"Mg,Mn,Sr,V"
121,"Cd,Fe,Nb,Zn"
122,"Ca,Co,Ni,Sr"
123,"Ca,Cd,Nb,Ti"
124,"Cd,Mg,Ni,Sn"
125,"Cu,Fe,Mg,Ni"
126,"Ca,Cu,Mg,Zn"
127,"Cd,Mg,Ti,Zn"
128,"Cd,Fe,Mg,Nb"
129,"Cu,Fe,V,Zn"
130,"Ca,Mn,Nb,Ti"
131,"Co,Fe,Ni,Sr"
132,"Ca,Fe,Mn,Sn"
133,"Ca,Cd,Nb,Zn"
134,"Ni,Sn,Sr,Zn"
135,"Ca,Co,Mg,Sn"
136,"Ca,Mg,Mn,Sr"
137,"Co,Fe,Mn,Ni"
138,"Cd,Mn,Nb,Ti"
139,"Nb,Sn,Tc,Zn"
140,"Fe,Nb,Sn,V"
141,"Ca,Fe,Sr,Ti"
142,"Mg,Sn,Ti,Zn"
143,"Ca,Fe,Ni,Sr"
144,"Cd,Nb,Sr,Ti"
145,"Fe,Mg,Sn,Sr"
146,"Cd,Co,Ni,Sn"
147,"Mg,Nb,Sr,Zn"
148,"Cd,Fe,Sn,Zn"
149,"Cd,Mg,Sn,V"
150,"Mn,Ni,V,Zn"
151,"Cd,Mg,Sr,Zn"
152,"Nb,Ni,Sn,Ti"
153,"Cd,Co,Ni,Zn"
154,"Mg,Sn,V,Zn"
155,"Ca,Fe,Mg,Zn"
156,"Ca,Cd,Fe,Sn"
157,"Ca,Mn,Nb,V"
158,"Cd,Fe,Ni,Sr"
159,"Ca,Mg,Nb,Ti"
160,"Ca,Co,Mg,Sr"
161,"Mg,Sr,Ti,Zn"
162,"Cd,Mg,Mn,Nb"
163,"Fe,Mn,Sr,Zn"
164,"Cd,Fe,Mg,Zn"
165,"Ca,Mn,Ni,Sr"
166,"Cd,Mn,Nb,Sr"
167,"Cd,Cu,Fe,Mg"
168,"Ca,Sn,Ti,V"
169,"Fe,Mg,Mn,Ni"
170,"Cd,Fe,Ni,Sn"
171,"Cd,Mg,V,Zn"
172,"Ca,Mg,Mn,Ti"
173,"Co,Cu,Fe,Ni"
174,"Ca,Cd,Nb,Sn"
175,"Fe,Mg,Nb,Sn"
176,"Cu,Mg,V,Zn"
177,"Fe,Mg,Nb,Sr"
178,"Ca,Sn,Sr,Ti"
179,"Cd,Mg,Sn,Zn"
180,"Ca,Cd,Nb,Sr"
181,"Cd,Fe,Sn,Ti"
182,"Fe,Nb,Sn,Zn"
183,"Cu,Nb,Sn,V"
184,"Cd,Nb,Ti,V"
185,"Cd,Fe,Mn,Ni"
186,"Ca,Fe,Sn,Ti"
187,"Ca,Cd,Mg,Ni"
188,"Ca,Mg,Nb,Sr"
189,"Mg,Ni,Sn,Zn"
190,"Mg,Mn,Sn,Sr"
191,"Fe,Mg,Ni,Sr"
192,"Ca,Mg,Mn,V"
193,"Co,Cu,Fe,V"
194,"Ca,Co,Sn,Sr"
195,"Fe,Mn,Ni,Zn"
196,"Ca,Co,Mg,Mn"
197,"Ca,Nb,Sn,Ti"
198,"Ca,Cd,Sr,V"
199,"Ca,Mg,Sn,Ti"
200,"Mn,Nb,Ti,V"
201,"Ca,Mg,Ni,Sn"
202,"Cd,Cu,V,Zn"
203,"Cd,Mg,Nb,Zn"
204,"Cd,Co,Fe,Sn"
205,"Nb,Sr,Tc,Ti"
206,"Cu,Nb,Sn,Sr"
207,"Ca,Cd,Mg,Ti"
208,"Ca,Nb,Sr,V"
209,"Cd,Fe,Nb,Sn"
210,"Co,Mg,Ni,Sr"
211,"Co,Mn,Sr,Zn"
212,"Ca,Mn,Ti,V"
213,"Ca,Cd,Co,Mg"
214,"Mn,Sr,Ti,V"
215,"Cd,Sr,Ti,Zn"
216,"Fe,Ni,Sn,Zn"
217,"Ca,Nb,Sn,Sr"
218,"Cd,Mg,Nb,V"
219,"Fe,Nb,Sn,Sr"
220,"Ca,Cu,Mg,V"
221,"Ca,Fe,Mg,Sr"
222,"Ca,Sn,Sr,Zn"
223,"Cd,Mn,Sr,Ti"
224,"Mn,Ni,Sr,Zn"
225,"Cd,Sr,V,Zn"
226,"Co,Fe,Mg,Sn"
227,"Cu,Sn,Ti,V"
228,"Ca,Mn,Sr,Zn"
229,"Mg,Nb,Ti,V"
230,"Ca,Cd,Mn,Ni"
231,"Co,Fe,Sn,Zn"
232,"Mg,Nb,Sn,Sr"
233,"Cd,Fe,Sr,Zn"
234,"Ca,Fe,Sn,Zn"
235,"Mg,Nb,Ti,Zn"
236,"Ca,Cd,Mg,Mn"
237,"Nb,Sn,Sr,Zn"
238,"Ca,Mg,Sn,V"
239,"Ca,Cd,Fe,Mg"
240,"Ca,Cu,Mn,V"
241,"Ca,Mg,Sr,Zn"
242,"Cd,Co,Sn,Sr"
243,"Mg,Nb,Sn,Ti"
244,"Cd,Mg,Mn,Ni"
245,"Mg,Mn,Ni,Sn"
246,"Cd,Nb,Sn,Zn"
247,"Cd,Co,Mn,Ni"
248,"Ca,Fe,Mn,Sr"
249,"Ca,Sn,Ti,Zn"
250,"Ca,Nb,Sr,Ti"
251,"Co,Fe,Ni,V"
252,"Cd,Mg,Mn,Sn"
253,"Co,Mg,Sr,Zn"
254,"Ca,Sn,Sr,V"
255,"Cu,Fe,Mg,Ti"
256,"Cd,Mn,Nb,Sn"
257,"Mg,Nb,Sn,Zn"
258,"Ca,Cd,Co,Mn"
259,"Cu,Fe,Mg,Zn"
260,"Fe,Mn,Sn,Sr"
261,"Mg,Mn,Ti,V"
262,"Ca,Mg,Mn,Zn"
263,"Cd,Sn,Sr,V"
264,"Ca,Co,Ni,Sn"
265,"Fe,Mn,Ni,Sr"
266,"Ca,Cd,Mg,Sn"
267,"Ca,Mn,Ti,Zn"
268,"Mg,Mn,Sr,Zn"
269,"Mn,Nb,Sn,V"
270,"Mn,Sn,Sr,V"
271,"Co,Nb,Sn,Sr"
272,"Cd,Mn,Ti,Zn"
273,"Ca,Mg,Ti,Zn"
274,"Cd,Co,Mn,Sr"
275,"Mg,Mn,Nb,Zn"
276,"Ca,Co,Mn,Zn"
277,"Cd,Fe,Nb,Sr"
278,"Co,Ni,Sn,Zn"
279,"Ca,Co,Fe,Mn"
280,"Ca,Fe,Nb,Zn"
281,"Fe,Nb,Ti,Zn"
282,"Fe,Mg,Nb,Ti"
283,"Fe,Mn,Ni,Sn"
284,"Cu,Fe,Mn,Zn"
285,"Mn,Sr,Ti,Zn"
286,"Cd,Mg,Ni,Sr"
287,"Mn,Sn,Ti,V"
288,"Ca,Co,Mn,Ni"
289,"Co,Ni,Sn,Sr"
290,"Nb,Sr,Ti,V"
291,"Cd,Co,Mn,Sn"
292,"Ca,Cd,Fe,Sr"
293,"Co,Mg,Ni,Zn"
294,"Nb,Sn,Ti,Zn"
295,"Cd,Fe,Mg,Sn"
296,"Co,Ni,Sr,Zn"
297,"Ca,Mn,Ni,Zn"
298,"Fe,Sn,Ti,V"
299,"Cd,Mn,Sn,Sr"
300,"Cd,Co,Cu,Fe"
301,"Co,Cu,Mn,Zn"
302,"Co,Nb,Sn,Ti"
303,"Cu,Mg,Ni,Sn"
304,"Fe,Sn,Sr,Ti"
305,"Co,Fe,Sr,Zn"
306,"Mg,Mn,Ni,Zn"
307,"Sn,Sr,V,Zn"
308,"Cd,Mg,Mn,Zn"
309,"Fe,Mn,Ni,V"
310,"Ca,Co,Ni,Zn"
311,"Cd,Ni,Sn,Sr"
312,"Cd,Nb,Sr,Zn"
313,"Fe,Mg,Sn,Ti"
314,"Ca,Cd,Mn,V"
315,"Fe,Mg,Ti,Zn"
316,"Mg,Nb,Sn,Tc"
317,"Ca,Mg,V,Zn"
318,"Cd,Fe,Mn,Sr"
319,"Co,Mn,V,Zn"
320,"Nb,Sr,V,Zn"
321,"Co,Mg,V,Zn"
322,"Mg,Mn,Nb,Ti"
323,"Ca,Fe,Nb,Ti"
324,"Ca,Mg,Sr,Ti"
325,"Cd,Nb,Sr,V"
326,"Mn,Nb,Sn,Zn"
327,"Ca,Cd,Sn,Sr"
328,"Cd,Mn,Sn,Ti"
329,"Fe,Sn,Ti,Zn"
330,"Fe,Mg,Sr,Ti"
331,"Mg,Sn,Sr,V"
332,"Ca,Co,Fe,Sn"
333,"Ca,Mg,Sr,V"
334,"Mn,Sn,Sr,Ti"
335,"Ca,Mn,Nb,Sn"
336,"Mg,Ni,Sn,Sr"
337,"Ca,Mn,Sn,Ti"
338,"Ca,Sr,Ti,V"
339,"Cu,Mn,Ni,Sn"
340,"Fe,Nb,Sr,Zn"
341,"Ca,Mg,Nb,V"
342,"Ca,Cd,Sr,Ti"
343,"Cd,Mg,Mn,V"
344,"Nb,Sn,V,Zn"
345,"Co,Mn,Ni,Sr"
346,"Fe,Sr,Ti,Zn"
347,"Cu,Mg,Mn,V"
348,"Mn,Sr,V,Zn"
349,"Co,Cu,Fe,Mg"
350,"Fe,Mg,Ni,Sn"
351,"Co,Cu,Mn,Ni"
352,"Fe,Mg,Nb,Zn"
353,"Mg,Sr,V,Zn"
354,"Ca,Cd,Co,Sn"
355,"Cd,Mn,Ni,Sr"
356,"Ca,Nb,Sn,V"
357,"Co,Mn,Ni,Sn"
358,"Mn,Sn,V,Zn"
359,"Cd,Mn,Nb,V"
360,"Cd,Co,Fe,Mg"
361,"Sn,Sr,Ti,Zn"
362,"Ca,Cd,Sn,V"
363,"Cu,Mg,Mn,Zn"
364,"Cd,Mg,Sr,Ti"
365,"Co,Mn,Ni,Zn"
366,"Mn,Nb,Sn,Tc"
367,"Cd,Co,Fe,Ni"
368,"Fe,Mg,Ni,Zn"
369,"Mg,Mn,Sn,V"
370,"Cd,Nb,V,Zn"
371,"Ca,Cd,Co,Sr"
372,"Ca,Mg,Ni,Zn"
373,"Ca,Fe,Sr,Zn"
374,"Ca,Mn,Sr,V"
375,"Mn,Nb,Sr,Zn"
376,"Mg,Nb,Sr,Ti"
377,"Cd,Ni,Sr,Zn"
378,"Cd,Cu,Mn,Ni"
379,"Ca,Mn,Sn,V"
380,"Co,Cu,Fe,Mn"
381,"Ca,Cd,Ti,Zn"
382,"Cd,Co,Ni,Sr"
383,"Ca,Co,Fe,Ni"
384,"Cd,Mn,Sr,Zn"
385,"Cd,Co,Mg,Sn"
386,"Mg,Mn,Sn,Zn"
387,"Ca,Ni,Sr,Zn"
388,"Ca,Cd,Fe,Nb"
389,"Co,Mg,Mn,Zn"
390,"Mn,Sn,Ti,Zn"
391,"Ca,Nb,Ti,Zn"
392,"Ca,Co,Sr,Zn"
393,"Co,Sn,Sr,Zn"
394,"Ca,Cd,Nb,V"
395,"Ca,Sr,Ti,Zn"
396,"Cd,Mn,Ti,V"
397,"Ca,Cd,Co,Ni"
398,"Cd,Cu,Mg,Zn"
399,"Mn,Ni,Sn,Zn"
400,"Mg,Mn,Sr,Ti"
401,"Ca,Co,Mg,Ni"
402,"Co,Fe,Mg,Sr"
403,"Co,Fe,Ni,Sn"
404,"Cd,Nb,Ti,Zn"
405,"Cd,Mg,Mn,Ti"
406,"Nb,Sr,Ti,Zn"
407,"Fe,Ni,V,Zn"
408,"Ca,Nb,Sr,Zn"
409,"Co,Fe,Mn,Sn"
410,"Nb,Sn,Tc,Ti"
411,"Cd,Mg,Nb,Ti"
412,"Ca,Cd,Ti,V"
413,"Ca,Mn,Ni,Sn"
414,"Cu,Mg,Mn,Ni"
415,"Fe,Sn,Sr,Zn"
416,"Co,Fe,Mg,Zn"
417,"Fe,Ni,Sr,Zn"
418,"Ca,Co,Mn,Sn"
419,"Ca,Mn,V,Zn"
420,"Ca,Cd,Fe,Mn"
421,"Mn,Nb,Sn,Sr"
422,"Co,Fe,V,Zn"
423,"Co,Fe,Mg,Ni"
424,"Ca,Cd,Co,Zn"
425,"Nb,Sn,Tc,V"
426,"Ca,Cd,Mn,Zn"
427,"Ca,Co,Mg,Zn"
428,"Cu,Fe,Ni,Zn"
429,"Cd,Mg,Nb,Sr"
430,"Ca,Nb,Sn,Zn"
431,"Ca,Fe,Ni,Zn"
432,"Co,Fe,Mg,Mn"
433,"Fe,Nb,Sr,Ti"
434,"Cd,Nb,Sn,Ti"
435,"Mn,Nb,Sr,Ti"
436,"Ca,Ti,V,Zn"
437,"Mn,Nb,V,Zn"
438,"Cd,Cu,Fe,Mn"
439,"Mg,Ni,V,Zn"
440,"Ca,Co,Fe,Sr"
441,"Ca,Fe,Ni,Sn"
442,"Fe,Mg,Mn,Zn"
443,"Ca,Fe,Mg,Nb"
444,"Ca,Cd,Ni,Zn"
445,"Cu,Fe,Mg,Mn"
446,"Mn,Ti,V,Zn"
447,"Cd,Cu,Ni,Zn"
448,"Cd,Sn,Sr,Ti"
449,"Cd,Nb,Sn,V"
450,"Cd,Fe,Mg,Mn"
451,"Cd,Mg,Mn,Sr"
452,"Co,Mn,Ni,V"
453,"Ca,Co,Sn,Zn"
454,"Co,Cu,Sn,Zn"
455,"Mg,Sr,Ti,V"
456,"Ca,Cd,Sn,Ti"
457,"Ca,Fe,Mg,Mn"
458,"Cd,Fe,Sn,Sr"
459,"Ca,Fe,Mn,Ni"
460,"Mg,Ti,V,Zn"
461,"Nb,Ti,V,Zn"
462,"Ca,Mg,Sn,Sr"
463,"Cd,Co,Fe,Mn"
464,"Ca,Sn,V,Zn"
465,"Mg,Mn,Ni,Sr"
466,"Ca,Cd,Fe,Zn"
467,"Co,Fe,Ni,Zn"
468,"Ca,Cd,Ni,Sr"
469,"Cd,Fe,Mn,Zn"
470,"Mg,Mn,Nb,V"
471,"Fe,Nb,Sn,Ti"
472,"Mn,Ni,Sn,Sr"
473,"Co,Cu,Fe,Sn"
474,"Mg,Sn,Sr,Zn"
475,"Fe,Mg,Sn,Zn"
476,"Ca,Mn,Sn,Sr"
477,"Cu,Ni,Ti,Zn"
478,"Ca,Fe,Ti,Zn"
479,"Mg,Nb,Sn,V"
480,"Ca,Nb,V,Zn"
481,"Cd,Co,Mg,Mn"
482,"Cd,Sn,V,Zn"
483,"Cd,Sn,Ti,Zn"
484,"Sr,Ti,V,Zn"
485,"Mg,Mn,Ti,Zn"
486,"Cd,Fe,Ni,Zn"
487,"Ca,Cd,Mn,Ti"
488,"Ca,Sr,V,Zn"
489,"Co,Cu,Mn,V"
490,"Ca,Cd,Ni,Sn"
491,"Co,Fe,Mn,Sr"
492,"Cd,Mn,Sn,Zn"
493,"Cd,Fe,Mg,Ti"
494,"Ca,Co,Fe,Mg"
495,"Cd,Nb,Sn,Sr"
496,"Mn,Nb,Sr,V"
497,"Ca,Cd,Mn,Nb"
498,"Ca,Ni,Sn,Zn"
499,"Fe,Ni,Sn,Sr"
500,"Ca,Cd,Fe,Ti"
501,"Ca,Cd,Sr,Zn"
502,"Co,Cu,Fe,Zn"
503,"Cd,Fe,Mn,Sn"
504,"Cu,Mn,Ni,Zn"
