combined_excel_row,five_cation_name,four_metal_join_key,parent_combined_excel_row,parent_name,efa_source_excel_row,efa_source_elements,raw_dft_entropy_forming_ability,combined_EFA,efa_source_EFA,matches_efa_source_EFA,parent_combined_EFA,matches_parent_combined_EFA
23,Fe_pvMg_pvMn_pvNi_pvOZn:PAW_PBE/AB_cF8_225_a_b.AB:POCC_P0-1xE_P1-0.2xA-0.2xB-0.2xC-0.2xD-0.2xF,"Fe,Mg,Mn,Ni",169,Fe_pvMg_pvMn_pvNi_pvO:PAW_PBE/AB_cF8_225_a_b.AB:POCC_P0-1xE_P1-0.25xA-0.25xB-0.25xC-0.25xD,37,"Fe,Mg,Mn,Ni",23.80545577371,65.4626793082006,65.4626793082006,True,65.4626793082006,True
24,Mg_pvNb_svOSnTi_svV_sv:PAW_PBE/AB_cF8_225_a_b.AB:POCC_P0-1xC_P1-0.2xA-0.2xB-0.2xD-0.2xE-0.2xF,"Mg,Nb,Sn,Ti",243,Mg_pvNb_svOSnTi_sv:PAW_PBE/AB_cF8_225_a_b.AB:POCC_P0-1xC_P1-0.25xA-0.25xB-0.25xD-0.25xE,500,"Mg,Nb,Sn,Ti",18.61994987274,4.21557652870387,4.21557652870387,True,4.21557652870387,True
29,CoCu_pvFe_pvMg_pvOZn:PAW_PBE/AB_cF8_225_a_b.AB:POCC_P0-1xE_P1-0.2xA-0.2xB-0.2xC-0.2xD-0.2xF,"Co,Cu,Fe,Mg",349,CoCu_pvFe_pvMg_pvO:PAW_PBE/AB_cF8_225_a_b.AB:POCC_P0-1xE_P1-0.25xA-0.25xB-0.25xC-0.25xD,198,"Co,Cu,Fe,Mg",48.35202217785,48.9466477030382,48.9466477030382,True,48.9466477030382,True
33,CoCu_pvMn_pvNi_pvOZn:PAW_PBE/AB_cF8_225_a_b.AB:POCC_P0-1xE_P1-0.2xA-0.2xB-0.2xC-0.2xD-0.2xF,"Co,Cu,Mn,Ni",351,CoCu_pvMn_pvNi_pvO:PAW_PBE/AB_cF8_225_a_b.AB:POCC_P0-1xE_P1-0.25xA-0.25xB-0.25xC-0.25xD,25,"Co,Cu,Mn,Ni",35.78262942275,16.479598655812,16.479598655812,True,16.479598655812,True
36,Mg_pvNb_svOSnV_svZn:PAW_PBE/AB_cF8_225_a_b.AB:POCC_P0-1xC_P1-0.2xA-0.2xB-0.2xD-0.2xE-0.2xF,"Mg,Nb,Sn,V",479,Mg_pvNb_svOSnV_sv:PAW_PBE/AB_cF8_225_a_b.AB:POCC_P0-1xC_P1-0.25xA-0.25xB-0.25xD-0.25xE,422,"Mg,Nb,Sn,V",17.23796221762,4.88378028407277,4.88378028407277,True,4.88378028407277,True
45,Fe_pvNb_svOSnTi_svV_sv:PAW_PBE/AB_cF8_225_a_b.AB:POCC_P0-1xC_P1-0.2xA-0.2xB-0.2xD-0.2xE-0.2xF,"Fe,Nb,Sn,Ti",471,Fe_pvNb_svOSnTi_sv:PAW_PBE/AB_cF8_225_a_b.AB:POCC_P0-1xC_P1-0.25xA-0.25xB-0.25xD-0.25xE,131,"Fe,Nb,Sn,Ti",15.40971807886,3.47462491563893,3.47462491563893,True,3.47462491563893,True
48,CoMg_pvOSnSr_svTi_sv:PAW_PBE/AB_cF8_225_a_b.AB:POCC_P0-1xC_P1-0.2xA-0.2xB-0.2xD-0.2xE-0.2xF,"Co,Mg,Sn,Sr",80,CoMg_pvOSnSr_sv:PAW_PBE/AB_cF8_225_a_b.AB:POCC_P0-1xC_P1-0.25xA-0.25xB-0.25xD-0.25xE,490,"Co,Mg,Sn,Sr",12.64849165234,14.3864288701137,14.3864288701137,True,14.3864288701137,True
53,Cu_pvMg_pvMn_pvOV_svZn:PAW_PBE/AB_cF8_225_a_b.AB:POCC_P0-1xD_P1-0.2xA-0.2xB-0.2xC-0.2xE-0.2xF,"Cu,Mg,Mn,V",347,Cu_pvMg_pvMn_pvOV_sv:PAW_PBE/AB_cF8_225_a_b.AB:POCC_P0-1xD_P1-0.25xA-0.25xB-0.25xC-0.25xE,383,"Cu,Mg,Mn,V",28.5412612326,19.1851740169217,19.1851740169217,True,19.1851740169217,True
55,CoCu_pvMg_pvNi_pvOZn:PAW_PBE/AB_cF8_225_a_b.AB:POCC_P0-1xE_P1-0.2xA-0.2xB-0.2xC-0.2xD-0.2xF,"Co,Cu,Mg,Ni",63,CoCu_pvMg_pvNi_pvO:PAW_PBE/AB_cF8_225_a_b.AB:POCC_P0-1xE_P1-0.25xA-0.25xB-0.25xC-0.25xD,365,"Co,Cu,Mg,Ni",66.96348180048,26.0328254880412,26.0328254880412,True,26.0328254880412,True
58,Ca_svCdMg_pvNi_pvOZn:PAW_PBE/AB_cF8_225_a_b.AB:POCC_P0-1xE_P1-0.2xA-0.2xB-0.2xC-0.2xD-0.2xF,"Ca,Cd,Mg,Ni",187,Ca_svCdMg_pvNi_pvO:PAW_PBE/AB_cF8_225_a_b.AB:POCC_P0-1xE_P1-0.25xA-0.25xB-0.25xC-0.25xD,501,"Ca,Cd,Mg,Ni",48.75258433842,23.0745804113079,23.0745804113079,True,23.0745804113079,True
