full_cation_key,has_Ca,has_Cd,has_Co,has_Cu,has_Fe,has_Mg,has_Mn,has_Nb,has_Ni,has_Sn,has_Sr,has_Tc,has_Ti,has_V,has_Zn
"Ca,Cd,Co,Fe",1,1,1,0,1,0,0,0,0,0,0,0,0,0,0
"Ca,Fe,Mn,Zn",1,0,0,0,1,0,1,0,0,0,0,0,0,0,1
"Co,Mg,Mn,Sr",0,0,1,0,0,1,1,0,0,0,1,0,0,0,0
"Co,Mg,Mn,Ni",0,0,1,0,0,1,1,0,1,0,0,0,0,0,0
"Fe,Mg,Mn,Sr",0,0,0,0,1,1,1,0,0,0,1,0,0,0,0
"Mg,Sn,Sr,Ti",0,0,0,0,0,1,0,0,0,1,1,0,1,0,0
"Ca,Ni,Sn,Sr",1,0,0,0,0,0,0,0,1,1,1,0,0,0,0
"Cu,Fe,Mn,V",0,0,0,1,1,0,1,0,0,0,0,0,0,1,0
"Co,Mg,Sn,Zn",0,0,1,0,0,1,0,0,0,1,0,0,0,0,1
"Cd,Fe,Ti,Zn",0,1,0,0,1,0,0,0,0,0,0,0,1,0,1
"Ca,Nb,Ti,V",1,0,0,0,0,0,0,1,0,0,0,0,1,1,0
"Mg,Nb,Sr,V",0,0,0,0,0,1,0,1,0,0,1,0,0,1,0
"Ca,Mn,Sn,Zn",1,0,0,0,0,0,1,0,0,1,0,0,0,0,1
"Ca,Fe,Mg,Sn",1,0,0,0,1,1,0,0,0,1,0,0,0,0,0
"Cd,Mg,Sr,V",0,1,0,0,0,1,0,0,0,0,1,0,0,1,0
"Ca,Mg,Mn,Nb",1,0,0,0,0,1,1,1,0,0,0,0,0,0,0
"Ca,Cd,Mg,Nb",1,1,0,0,0,1,0,1,0,0,0,0,0,0,0
"Ca,Mg,Ni,Sr",1,0,0,0,0,1,0,0,1,0,1,0,0,0,0
"Ca,Co,Fe,Zn",1,0,1,0,1,0,0,0,0,0,0,0,0,0,1
"Cd,Cu,Mg,Mn",0,1,0,1,0,1,1,0,0,0,0,0,0,0,0
"Nb,Sn,Sr,V",0,0,0,0,0,0,0,1,0,1,1,0,0,1,0
"Cd,Sr,Ti,V",0,1,0,0,0,0,0,0,0,0,1,0,1,1,0
"Ca,Cd,Mn,Sr",1,1,0,0,0,0,1,0,0,0,1,0,0,0,0
"Co,Cu,Mg,Mn",0,0,1,1,0,1,1,0,0,0,0,0,0,0,0
"Cd,Cu,Fe,Zn",0,1,0,1,1,0,0,0,0,0,0,0,0,0,1
"Ca,Co,Mn,Sr",1,0,1,0,0,0,1,0,0,0,1,0,0,0,0
"Cd,Co,Fe,Sr",0,1,1,0,1,0,0,0,0,0,1,0,0,0,0
"Cd,Co,Sr,Zn",0,1,1,0,0,0,0,0,0,0,1,0,0,0,1
"Ca,Mg,Nb,Sn",1,0,0,0,0,1,0,1,0,1,0,0,0,0,0
"Cd,Mn,Sn,V",0,1,0,0,0,0,1,0,0,1,0,0,0,1,0
"Mg,Ni,Sr,Zn",0,0,0,0,0,1,0,0,1,0,1,0,0,0,1
"Cd,Mn,Ni,Zn",0,1,0,0,0,0,1,0,1,0,0,0,0,0,1
"Cd,Mn,Sr,V",0,1,0,0,0,0,1,0,0,0,1,0,0,1,0
"Cu,Fe,Sn,Zn",0,0,0,1,1,0,0,0,0,1,0,0,0,0,1
"Ca,Mg,Mn,Ni",1,0,0,0,0,1,1,0,1,0,0,0,0,0,0
"Ca,Cd,Fe,Ni",1,1,0,0,1,0,0,0,1,0,0,0,0,0,0
"Ca,Mg,Nb,Zn",1,0,0,0,0,1,0,1,0,0,0,0,0,0,1
"Nb,Tc,Ti,V",0,0,0,0,0,0,0,1,0,0,0,1,1,1,0
"Ca,Cu,Mg,Mn",1,0,0,1,0,1,1,0,0,0,0,0,0,0,0
"Co,Mg,Mn,Sn",0,0,1,0,0,1,1,0,0,1,0,0,0,0,0
"Co,Mg,Ni,Sn",0,0,1,0,0,1,0,0,1,1,0,0,0,0,0
"Cd,Co,Mg,Sr",0,1,1,0,0,1,0,0,0,0,1,0,0,0,0
"Cd,Mg,Nb,Sn",0,1,0,0,0,1,0,1,0,1,0,0,0,0,0
"Ca,Mn,Nb,Sr",1,0,0,0,0,0,1,1,0,0,1,0,0,0,0
"Mg,Sn,Ti,V",0,0,0,0,0,1,0,0,0,1,0,0,1,1,0
"Cd,Fe,Sr,Ti",0,1,0,0,1,0,0,0,0,0,1,0,1,0,0
"Ca,Cd,Sn,Zn",1,1,0,0,0,0,0,0,0,1,0,0,0,0,1
"Cd,Co,Sn,Zn",0,1,1,0,0,0,0,0,0,1,0,0,0,0,1
"Cu,Mn,V,Zn",0,0,0,1,0,0,1,0,0,0,0,0,0,1,1
"Cd,Ni,Sn,Zn",0,1,0,0,0,0,0,0,1,1,0,0,0,0,1
"Ca,Mg,Mn,Sn",1,0,0,0,0,1,1,0,0,1,0,0,0,0,0
"Co,Cu,Mg,Ni",0,0,1,1,0,1,0,0,1,0,0,0,0,0,0
"Fe,Mn,Sn,Zn",0,0,0,0,1,0,1,0,0,1,0,0,0,0,1
"Ca,Mn,Nb,Zn",1,0,0,0,0,0,1,1,0,0,0,0,0,0,1
"Ca,Mg,Ti,V",1,0,0,0,0,1,0,0,0,0,0,0,1,1,0
"Mn,Nb,Ti,Zn",0,0,0,0,0,0,1,1,0,0,0,0,1,0,1
"Cd,Fe,Nb,Ti",0,1,0,0,1,0,0,1,0,0,0,0,1,0,0
"Nb,Sn,Sr,Ti",0,0,0,0,0,0,0,1,0,1,1,0,1,0,0
"Cu,Nb,Sn,Tc",0,0,0,1,0,0,0,1,0,1,0,1,0,0,0
"Mg,Mn,Nb,Sr",0,0,0,0,0,1,1,1,0,0,1,0,0,0,0
"Cu,Mn,Sn,Zn",0,0,0,1,0,0,1,0,0,1,0,0,0,0,1
"Ca,Mn,Sr,Ti",1,0,0,0,0,0,1,0,0,0,1,0,1,0,0
"Cd,Co,Mg,Zn",0,1,1,0,0,1,0,0,0,0,0,0,0,0,1
"Co,Mg,Mn,V",0,0,1,0,0,1,1,0,0,0,0,0,0,1,0
"Co,Fe,Mn,Zn",0,0,1,0,1,0,1,0,0,0,0,0,0,0,1
"Cd,Mg,Sn,Sr",0,1,0,0,0,1,0,0,0,1,1,0,0,0,0
"Cu,Mg,Ni,Zn",0,0,0,1,0,1,0,0,1,0,0,0,0,0,1
"Ca,Cd,Mg,Zn",1,1,0,0,0,1,0,0,0,0,0,0,0,0,1
"Co,Mg,Sn,Sr",0,0,1,0,0,1,0,0,0,1,1,0,0,0,0
"Cd,Mg,Ti,V",0,1,0,0,0,1,0,0,0,0,0,0,1,1,0
"Mg,Nb,V,Zn",0,0,0,0,0,1,0,1,0,0,0,0,0,1,1
"Cu,Nb,Sn,Ti",0,0,0,1,0,0,0,1,0,1,0,0,1,0,0
"Cd,Mn,V,Zn",0,1,0,0,0,0,1,0,0,0,0,0,0,1,1
"Co,Mn,Sn,Sr",0,0,1,0,0,0,1,0,0,1,1,0,0,0,0
"Ca,Cd,V,Zn",1,1,0,0,0,0,0,0,0,0,0,0,0,1,1
"Mg,Mn,Nb,Sn",0,0,0,0,0,1,1,1,0,1,0,0,0,0,0
"Ca,Fe,Sn,Sr",1,0,0,0,1,0,0,0,0,1,1,0,0,0,0
"Cd,Co,Mn,Zn",0,1,1,0,0,0,1,0,0,0,0,0,0,0,1
"Co,Mn,Sn,Zn",0,0,1,0,0,0,1,0,0,1,0,0,0,0,1
"Ca,Fe,Nb,Sn",1,0,0,0,1,0,0,1,0,1,0,0,0,0,0
"Mn,Sn,Sr,Zn",0,0,0,0,0,0,1,0,0,1,1,0,0,0,1
"Cd,Co,Fe,Zn",0,1,1,0,1,0,0,0,0,0,0,0,0,0,1
"Cd,Mg,Ni,Zn",0,1,0,0,0,1,0,0,1,0,0,0,0,0,1
"Mn,Nb,Sn,Ti",0,0,0,0,0,0,1,1,0,1,0,0,1,0,0
"Ca,Cd,Mg,Sr",1,1,0,0,0,1,0,0,0,0,1,0,0,0,0
"Ca,Cd,Mn,Sn",1,1,0,0,0,0,1,0,0,1,0,0,0,0,0
"Cd,Sn,Sr,Zn",0,1,0,0,0,0,0,0,0,1,1,0,0,0,1
"Cd,Mn,Ni,Sn",0,1,0,0,0,0,1,0,1,1,0,0,0,0,0
"Nb,Sn,Ti,V",0,0,0,0,0,0,0,1,0,1,0,0,1,1,0
"Ca,Fe,Nb,Sr",1,0,0,0,1,0,0,1,0,0,1,0,0,0,0
"Cd,Ti,V,Zn",0,1,0,0,0,0,0,0,0,0,0,0,1,1,1
"Sn,Sr,Ti,V",0,0,0,0,0,0,0,0,0,1,1,0,1,1,0
"Ca,Cd,Mg,V",1,1,0,0,0,1,0,0,0,0,0,0,0,1,0
"Mg,Mn,V,Zn",0,0,0,0,0,1,1,0,0,0,0,0,0,1,1
"Cd,Co,Mg,Ni",0,1,1,0,0,1,0,0,1,0,0,0,0,0,0
"Fe,Mg,Sr,Zn",0,0,0,0,1,1,0,0,0,0,1,0,0,0,1
"Co,Fe,Sn,Sr",0,0,1,0,1,0,0,0,0,1,1,0,0,0,0
"Cd,Fe,Mg,Sr",0,1,0,0,1,1,0,0,0,0,1,0,0,0,0
"Sn,Ti,V,Zn",0,0,0,0,0,0,0,0,0,1,0,0,1,1,1
"Cd,Fe,Mg,Ni",0,1,0,0,1,1,0,0,1,0,0,0,0,0,0
"Ca,Fe,Mg,Ni",1,0,0,0,1,1,0,0,1,0,0,0,0,0,0
"Mg,Mn,Sn,Ti",0,0,0,0,0,1,1,0,0,1,0,0,1,0,0
"Ca,Mg,Sn,Zn",1,0,0,0,0,1,0,0,0,1,0,0,0,0,1
"Ca,Fe,Mg,Ti",1,0,0,0,1,1,0,0,0,0,0,0,1,0,0
"Sn,Tc,Ti,V",0,0,0,0,0,0,0,0,0,1,0,1,1,1,0
"Cd,Mn,Nb,Zn",0,1,0,0,0,0,1,1,0,0,0,0,0,0,1
"Cd,Sn,Ti,V",0,1,0,0,0,0,0,0,0,1,0,0,1,1,0
"Cd,Mg,Sn,Ti",0,1,0,0,0,1,0,0,0,1,0,0,1,0,0
"Mg,Mn,Sr,V",0,0,0,0,0,1,1,0,0,0,1,0,0,1,0
"Cd,Fe,Nb,Zn",0,1,0,0,1,0,0,1,0,0,0,0,0,0,1
"Ca,Co,Ni,Sr",1,0,1,0,0,0,0,0,1,0,1,0,0,0,0
"Ca,Cd,Nb,Ti",1,1,0,0,0,0,0,1,0,0,0,0,1,0,0
"Cd,Mg,Ni,Sn",0,1,0,0,0,1,0,0,1,1,0,0,0,0,0
"Cu,Fe,Mg,Ni",0,0,0,1,1,1,0,0,1,0,0,0,0,0,0
"Ca,Cu,Mg,Zn",1,0,0,1,0,1,0,0,0,0,0,0,0,0,1
"Cd,Mg,Ti,Zn",0,1,0,0,0,1,0,0,0,0,0,0,1,0,1
"Cd,Fe,Mg,Nb",0,1,0,0,1,1,0,1,0,0,0,0,0,0,0
"Cu,Fe,V,Zn",0,0,0,1,1,0,0,0,0,0,0,0,0,1,1
"Ca,Mn,Nb,Ti",1,0,0,0,0,0,1,1,0,0,0,0,1,0,0
"Co,Fe,Ni,Sr",0,0,1,0,1,0,0,0,1,0,1,0,0,0,0
"Ca,Fe,Mn,Sn",1,0,0,0,1,0,1,0,0,1,0,0,0,0,0
"Ca,Cd,Nb,Zn",1,1,0,0,0,0,0,1,0,0,0,0,0,0,1
"Ni,Sn,Sr,Zn",0,0,0,0,0,0,0,0,1,1,1,0,0,0,1
"Ca,Co,Mg,Sn",1,0,1,0,0,1,0,0,0,1,0,0,0,0,0
"Ca,Mg,Mn,Sr",1,0,0,0,0,1,1,0,0,0,1,0,0,0,0
"Co,Fe,Mn,Ni",0,0,1,0,1,0,1,0,1,0,0,0,0,0,0
"Cd,Mn,Nb,Ti",0,1,0,0,0,0,1,1,0,0,0,0,1,0,0
"Nb,Sn,Tc,Zn",0,0,0,0,0,0,0,1,0,1,0,1,0,0,1
"Fe,Nb,Sn,V",0,0,0,0,1,0,0,1,0,1,0,0,0,1,0
"Ca,Fe,Sr,Ti",1,0,0,0,1,0,0,0,0,0,1,0,1,0,0
"Mg,Sn,Ti,Zn",0,0,0,0,0,1,0,0,0,1,0,0,1,0,1
"Ca,Fe,Ni,Sr",1,0,0,0,1,0,0,0,1,0,1,0,0,0,0
"Cd,Nb,Sr,Ti",0,1,0,0,0,0,0,1,0,0,1,0,1,0,0
"Fe,Mg,Sn,Sr",0,0,0,0,1,1,0,0,0,1,1,0,0,0,0
"Cd,Co,Ni,Sn",0,1,1,0,0,0,0,0,1,1,0,0,0,0,0
"Mg,Nb,Sr,Zn",0,0,0,0,0,1,0,1,0,0,1,0,0,0,1
"Cd,Fe,Sn,Zn",0,1,0,0,1,0,0,0,0,1,0,0,0,0,1
"Cd,Mg,Sn,V",0,1,0,0,0,1,0,0,0,1,0,0,0,1,0
"Mn,Ni,V,Zn",0,0,0,0,0,0,1,0,1,0,0,0,0,1,1
"Cd,Mg,Sr,Zn",0,1,0,0,0,1,0,0,0,0,1,0,0,0,1
"Nb,Ni,Sn,Ti",0,0,0,0,0,0,0,1,1,1,0,0,1,0,0
"Cd,Co,Ni,Zn",0,1,1,0,0,0,0,0,1,0,0,0,0,0,1
"Mg,Sn,V,Zn",0,0,0,0,0,1,0,0,0,1,0,0,0,1,1
"Ca,Fe,Mg,Zn",1,0,0,0,1,1,0,0,0,0,0,0,0,0,1
"Ca,Cd,Fe,Sn",1,1,0,0,1,0,0,0,0,1,0,0,0,0,0
"Ca,Mn,Nb,V",1,0,0,0,0,0,1,1,0,0,0,0,0,1,0
"Cd,Fe,Ni,Sr",0,1,0,0,1,0,0,0,1,0,1,0,0,0,0
"Ca,Mg,Nb,Ti",1,0,0,0,0,1,0,1,0,0,0,0,1,0,0
"Ca,Co,Mg,Sr",1,0,1,0,0,1,0,0,0,0,1,0,0,0,0
"Mg,Sr,Ti,Zn",0,0,0,0,0,1,0,0,0,0,1,0,1,0,1
"Cd,Mg,Mn,Nb",0,1,0,0,0,1,1,1,0,0,0,0,0,0,0
"Fe,Mn,Sr,Zn",0,0,0,0,1,0,1,0,0,0,1,0,0,0,1
"Cd,Fe,Mg,Zn",0,1,0,0,1,1,0,0,0,0,0,0,0,0,1
"Ca,Mn,Ni,Sr",1,0,0,0,0,0,1,0,1,0,1,0,0,0,0
"Cd,Mn,Nb,Sr",0,1,0,0,0,0,1,1,0,0,1,0,0,0,0
"Cd,Cu,Fe,Mg",0,1,0,1,1,1,0,0,0,0,0,0,0,0,0
"Ca,Sn,Ti,V",1,0,0,0,0,0,0,0,0,1,0,0,1,1,0
"Fe,Mg,Mn,Ni",0,0,0,0,1,1,1,0,1,0,0,0,0,0,0
"Cd,Fe,Ni,Sn",0,1,0,0,1,0,0,0,1,1,0,0,0,0,0
"Cd,Mg,V,Zn",0,1,0,0,0,1,0,0,0,0,0,0,0,1,1
"Ca,Mg,Mn,Ti",1,0,0,0,0,1,1,0,0,0,0,0,1,0,0
"Co,Cu,Fe,Ni",0,0,1,1,1,0,0,0,1,0,0,0,0,0,0
"Ca,Cd,Nb,Sn",1,1,0,0,0,0,0,1,0,1,0,0,0,0,0
"Fe,Mg,Nb,Sn",0,0,0,0,1,1,0,1,0,1,0,0,0,0,0
"Cu,Mg,V,Zn",0,0,0,1,0,1,0,0,0,0,0,0,0,1,1
"Fe,Mg,Nb,Sr",0,0,0,0,1,1,0,1,0,0,1,0,0,0,0
"Ca,Sn,Sr,Ti",1,0,0,0,0,0,0,0,0,1,1,0,1,0,0
"Cd,Mg,Sn,Zn",0,1,0,0,0,1,0,0,0,1,0,0,0,0,1
"Ca,Cd,Nb,Sr",1,1,0,0,0,0,0,1,0,0,1,0,0,0,0
"Cd,Fe,Sn,Ti",0,1,0,0,1,0,0,0,0,1,0,0,1,0,0
"Fe,Nb,Sn,Zn",0,0,0,0,1,0,0,1,0,1,0,0,0,0,1
"Cu,Nb,Sn,V",0,0,0,1,0,0,0,1,0,1,0,0,0,1,0
"Cd,Nb,Ti,V",0,1,0,0,0,0,0,1,0,0,0,0,1,1,0
"Cd,Fe,Mn,Ni",0,1,0,0,1,0,1,0,1,0,0,0,0,0,0
"Ca,Fe,Sn,Ti",1,0,0,0,1,0,0,0,0,1,0,0,1,0,0
"Ca,Cd,Mg,Ni",1,1,0,0,0,1,0,0,1,0,0,0,0,0,0
"Ca,Mg,Nb,Sr",1,0,0,0,0,1,0,1,0,0,1,0,0,0,0
"Mg,Ni,Sn,Zn",0,0,0,0,0,1,0,0,1,1,0,0,0,0,1
"Mg,Mn,Sn,Sr",0,0,0,0,0,1,1,0,0,1,1,0,0,0,0
"Fe,Mg,Ni,Sr",0,0,0,0,1,1,0,0,1,0,1,0,0,0,0
"Ca,Mg,Mn,V",1,0,0,0,0,1,1,0,0,0,0,0,0,1,0
"Co,Cu,Fe,V",0,0,1,1,1,0,0,0,0,0,0,0,0,1,0
"Ca,Co,Sn,Sr",1,0,1,0,0,0,0,0,0,1,1,0,0,0,0
"Fe,Mn,Ni,Zn",0,0,0,0,1,0,1,0,1,0,0,0,0,0,1
"Ca,Co,Mg,Mn",1,0,1,0,0,1,1,0,0,0,0,0,0,0,0
"Ca,Nb,Sn,Ti",1,0,0,0,0,0,0,1,0,1,0,0,1,0,0
"Ca,Cd,Sr,V",1,1,0,0,0,0,0,0,0,0,1,0,0,1,0
"Ca,Mg,Sn,Ti",1,0,0,0,0,1,0,0,0,1,0,0,1,0,0
"Mn,Nb,Ti,V",0,0,0,0,0,0,1,1,0,0,0,0,1,1,0
"Ca,Mg,Ni,Sn",1,0,0,0,0,1,0,0,1,1,0,0,0,0,0
"Cd,Cu,V,Zn",0,1,0,1,0,0,0,0,0,0,0,0,0,1,1
"Cd,Mg,Nb,Zn",0,1,0,0,0,1,0,1,0,0,0,0,0,0,1
"Cd,Co,Fe,Sn",0,1,1,0,1,0,0,0,0,1,0,0,0,0,0
"Nb,Sr,Tc,Ti",0,0,0,0,0,0,0,1,0,0,1,1,1,0,0
"Cu,Nb,Sn,Sr",0,0,0,1,0,0,0,1,0,1,1,0,0,0,0
"Ca,Cd,Mg,Ti",1,1,0,0,0,1,0,0,0,0,0,0,1,0,0
"Ca,Nb,Sr,V",1,0,0,0,0,0,0,1,0,0,1,0,0,1,0
"Cd,Fe,Nb,Sn",0,1,0,0,1,0,0,1,0,1,0,0,0,0,0
"Co,Mg,Ni,Sr",0,0,1,0,0,1,0,0,1,0,1,0,0,0,0
"Co,Mn,Sr,Zn",0,0,1,0,0,0,1,0,0,0,1,0,0,0,1
"Ca,Mn,Ti,V",1,0,0,0,0,0,1,0,0,0,0,0,1,1,0
"Ca,Cd,Co,Mg",1,1,1,0,0,1,0,0,0,0,0,0,0,0,0
"Mn,Sr,Ti,V",0,0,0,0,0,0,1,0,0,0,1,0,1,1,0
"Cd,Sr,Ti,Zn",0,1,0,0,0,0,0,0,0,0,1,0,1,0,1
"Fe,Ni,Sn,Zn",0,0,0,0,1,0,0,0,1,1,0,0,0,0,1
"Ca,Nb,Sn,Sr",1,0,0,0,0,0,0,1,0,1,1,0,0,0,0
"Cd,Mg,Nb,V",0,1,0,0,0,1,0,1,0,0,0,0,0,1,0
"Fe,Nb,Sn,Sr",0,0,0,0,1,0,0,1,0,1,1,0,0,0,0
"Ca,Cu,Mg,V",1,0,0,1,0,1,0,0,0,0,0,0,0,1,0
"Ca,Fe,Mg,Sr",1,0,0,0,1,1,0,0,0,0,1,0,0,0,0
"Ca,Sn,Sr,Zn",1,0,0,0,0,0,0,0,0,1,1,0,0,0,1
"Cd,Mn,Sr,Ti",0,1,0,0,0,0,1,0,0,0,1,0,1,0,0
"Mn,Ni,Sr,Zn",0,0,0,0,0,0,1,0,1,0,1,0,0,0,1
"Cd,Sr,V,Zn",0,1,0,0,0,0,0,0,0,0,1,0,0,1,1
"Co,Fe,Mg,Sn",0,0,1,0,1,1,0,0,0,1,0,0,0,0,0
"Cu,Sn,Ti,V",0,0,0,1,0,0,0,0,0,1,0,0,1,1,0
"Ca,Mn,Sr,Zn",1,0,0,0,0,0,1,0,0,0,1,0,0,0,1
"Mg,Nb,Ti,V",0,0,0,0,0,1,0,1,0,0,0,0,1,1,0
"Ca,Cd,Mn,Ni",1,1,0,0,0,0,1,0,1,0,0,0,0,0,0
"Co,Fe,Sn,Zn",0,0,1,0,1,0,0,0,0,1,0,0,0,0,1
"Mg,Nb,Sn,Sr",0,0,0,0,0,1,0,1,0,1,1,0,0,0,0
"Cd,Fe,Sr,Zn",0,1,0,0,1,0,0,0,0,0,1,0,0,0,1
"Ca,Fe,Sn,Zn",1,0,0,0,1,0,0,0,0,1,0,0,0,0,1
"Mg,Nb,Ti,Zn",0,0,0,0,0,1,0,1,0,0,0,0,1,0,1
"Ca,Cd,Mg,Mn",1,1,0,0,0,1,1,0,0,0,0,0,0,0,0
"Nb,Sn,Sr,Zn",0,0,0,0,0,0,0,1,0,1,1,0,0,0,1
"Ca,Mg,Sn,V",1,0,0,0,0,1,0,0,0,1,0,0,0,1,0
"Ca,Cd,Fe,Mg",1,1,0,0,1,1,0,0,0,0,0,0,0,0,0
"Ca,Cu,Mn,V",1,0,0,1,0,0,1,0,0,0,0,0,0,1,0
"Ca,Mg,Sr,Zn",1,0,0,0,0,1,0,0,0,0,1,0,0,0,1
"Cd,Co,Sn,Sr",0,1,1,0,0,0,0,0,0,1,1,0,0,0,0
"Mg,Nb,Sn,Ti",0,0,0,0,0,1,0,1,0,1,0,0,1,0,0
"Cd,Mg,Mn,Ni",0,1,0,0,0,1,1,0,1,0,0,0,0,0,0
"Mg,Mn,Ni,Sn",0,0,0,0,0,1,1,0,1,1,0,0,0,0,0
"Cd,Nb,Sn,Zn",0,1,0,0,0,0,0,1,0,1,0,0,0,0,1
"Cd,Co,Mn,Ni",0,1,1,0,0,0,1,0,1,0,0,0,0,0,0
"Ca,Fe,Mn,Sr",1,0,0,0,1,0,1,0,0,0,1,0,0,0,0
"Ca,Sn,Ti,Zn",1,0,0,0,0,0,0,0,0,1,0,0,1,0,1
"Ca,Nb,Sr,Ti",1,0,0,0,0,0,0,1,0,0,1,0,1,0,0
"Co,Fe,Ni,V",0,0,1,0,1,0,0,0,1,0,0,0,0,1,0
"Cd,Mg,Mn,Sn",0,1,0,0,0,1,1,0,0,1,0,0,0,0,0
"Co,Mg,Sr,Zn",0,0,1,0,0,1,0,0,0,0,1,0,0,0,1
"Ca,Sn,Sr,V",1,0,0,0,0,0,0,0,0,1,1,0,0,1,0
"Cu,Fe,Mg,Ti",0,0,0,1,1,1,0,0,0,0,0,0,1,0,0
"Cd,Mn,Nb,Sn",0,1,0,0,0,0,1,1,0,1,0,0,0,0,0
"Mg,Nb,Sn,Zn",0,0,0,0,0,1,0,1,0,1,0,0,0,0,1
"Ca,Cd,Co,Mn",1,1,1,0,0,0,1,0,0,0,0,0,0,0,0
"Cu,Fe,Mg,Zn",0,0,0,1,1,1,0,0,0,0,0,0,0,0,1
"Fe,Mn,Sn,Sr",0,0,0,0,1,0,1,0,0,1,1,0,0,0,0
"Mg,Mn,Ti,V",0,0,0,0,0,1,1,0,0,0,0,0,1,1,0
"Ca,Mg,Mn,Zn",1,0,0,0,0,1,1,0,0,0,0,0,0,0,1
"Cd,Sn,Sr,V",0,1,0,0,0,0,0,0,0,1,1,0,0,1,0
"Ca,Co,Ni,Sn",1,0,1,0,0,0,0,0,1,1,0,0,0,0,0
"Fe,Mn,Ni,Sr",0,0,0,0,1,0,1,0,1,0,1,0,0,0,0
"Ca,Cd,Mg,Sn",1,1,0,0,0,1,0,0,0,1,0,0,0,0,0
"Ca,Mn,Ti,Zn",1,0,0,0,0,0,1,0,0,0,0,0,1,0,1
"Mg,Mn,Sr,Zn",0,0,0,0,0,1,1,0,0,0,1,0,0,0,1
"Mn,Nb,Sn,V",0,0,0,0,0,0,1,1,0,1,0,0,0,1,0
"Mn,Sn,Sr,V",0,0,0,0,0,0,1,0,0,1,1,0,0,1,0
"Co,Nb,Sn,Sr",0,0,1,0,0,0,0,1,0,1,1,0,0,0,0
"Cd,Mn,Ti,Zn",0,1,0,0,0,0,1,0,0,0,0,0,1,0,1
"Ca,Mg,Ti,Zn",1,0,0,0,0,1,0,0,0,0,0,0,1,0,1
"Cd,Co,Mn,Sr",0,1,1,0,0,0,1,0,0,0,1,0,0,0,0
"Mg,Mn,Nb,Zn",0,0,0,0,0,1,1,1,0,0,0,0,0,0,1
"Ca,Co,Mn,Zn",1,0,1,0,0,0,1,0,0,0,0,0,0,0,1
"Cd,Fe,Nb,Sr",0,1,0,0,1,0,0,1,0,0,1,0,0,0,0
"Co,Ni,Sn,Zn",0,0,1,0,0,0,0,0,1,1,0,0,0,0,1
"Ca,Co,Fe,Mn",1,0,1,0,1,0,1,0,0,0,0,0,0,0,0
"Ca,Fe,Nb,Zn",1,0,0,0,1,0,0,1,0,0,0,0,0,0,1
"Fe,Nb,Ti,Zn",0,0,0,0,1,0,0,1,0,0,0,0,1,0,1
"Fe,Mg,Nb,Ti",0,0,0,0,1,1,0,1,0,0,0,0,1,0,0
"Fe,Mn,Ni,Sn",0,0,0,0,1,0,1,0,1,1,0,0,0,0,0
"Cu,Fe,Mn,Zn",0,0,0,1,1,0,1,0,0,0,0,0,0,0,1
"Mn,Sr,Ti,Zn",0,0,0,0,0,0,1,0,0,0,1,0,1,0,1
"Cd,Mg,Ni,Sr",0,1,0,0,0,1,0,0,1,0,1,0,0,0,0
"Mn,Sn,Ti,V",0,0,0,0,0,0,1,0,0,1,0,0,1,1,0
"Ca,Co,Mn,Ni",1,0,1,0,0,0,1,0,1,0,0,0,0,0,0
"Co,Ni,Sn,Sr",0,0,1,0,0,0,0,0,1,1,1,0,0,0,0
"Nb,Sr,Ti,V",0,0,0,0,0,0,0,1,0,0,1,0,1,1,0
"Cd,Co,Mn,Sn",0,1,1,0,0,0,1,0,0,1,0,0,0,0,0
"Ca,Cd,Fe,Sr",1,1,0,0,1,0,0,0,0,0,1,0,0,0,0
"Co,Mg,Ni,Zn",0,0,1,0,0,1,0,0,1,0,0,0,0,0,1
"Nb,Sn,Ti,Zn",0,0,0,0,0,0,0,1,0,1,0,0,1,0,1
"Cd,Fe,Mg,Sn",0,1,0,0,1,1,0,0,0,1,0,0,0,0,0
"Co,Ni,Sr,Zn",0,0,1,0,0,0,0,0,1,0,1,0,0,0,1
"Ca,Mn,Ni,Zn",1,0,0,0,0,0,1,0,1,0,0,0,0,0,1
"Fe,Sn,Ti,V",0,0,0,0,1,0,0,0,0,1,0,0,1,1,0
"Cd,Mn,Sn,Sr",0,1,0,0,0,0,1,0,0,1,1,0,0,0,0
"Cd,Co,Cu,Fe",0,1,1,1,1,0,0,0,0,0,0,0,0,0,0
"Co,Cu,Mn,Zn",0,0,1,1,0,0,1,0,0,0,0,0,0,0,1
"Co,Nb,Sn,Ti",0,0,1,0,0,0,0,1,0,1,0,0,1,0,0
"Cu,Mg,Ni,Sn",0,0,0,1,0,1,0,0,1,1,0,0,0,0,0
"Fe,Sn,Sr,Ti",0,0,0,0,1,0,0,0,0,1,1,0,1,0,0
"Co,Fe,Sr,Zn",0,0,1,0,1,0,0,0,0,0,1,0,0,0,1
"Mg,Mn,Ni,Zn",0,0,0,0,0,1,1,0,1,0,0,0,0,0,1
"Sn,Sr,V,Zn",0,0,0,0,0,0,0,0,0,1,1,0,0,1,1
"Cd,Mg,Mn,Zn",0,1,0,0,0,1,1,0,0,0,0,0,0,0,1
"Fe,Mn,Ni,V",0,0,0,0,1,0,1,0,1,0,0,0,0,1,0
"Ca,Co,Ni,Zn",1,0,1,0,0,0,0,0,1,0,0,0,0,0,1
"Cd,Ni,Sn,Sr",0,1,0,0,0,0,0,0,1,1,1,0,0,0,0
"Cd,Nb,Sr,Zn",0,1,0,0,0,0,0,1,0,0,1,0,0,0,1
"Fe,Mg,Sn,Ti",0,0,0,0,1,1,0,0,0,1,0,0,1,0,0
"Ca,Cd,Mn,V",1,1,0,0,0,0,1,0,0,0,0,0,0,1,0
"Fe,Mg,Ti,Zn",0,0,0,0,1,1,0,0,0,0,0,0,1,0,1
"Mg,Nb,Sn,Tc",0,0,0,0,0,1,0,1,0,1,0,1,0,0,0
"Ca,Mg,V,Zn",1,0,0,0,0,1,0,0,0,0,0,0,0,1,1
"Cd,Fe,Mn,Sr",0,1,0,0,1,0,1,0,0,0,1,0,0,0,0
"Co,Mn,V,Zn",0,0,1,0,0,0,1,0,0,0,0,0,0,1,1
"Nb,Sr,V,Zn",0,0,0,0,0,0,0,1,0,0,1,0,0,1,1
"Co,Mg,V,Zn",0,0,1,0,0,1,0,0,0,0,0,0,0,1,1
"Mg,Mn,Nb,Ti",0,0,0,0,0,1,1,1,0,0,0,0,1,0,0
"Ca,Fe,Nb,Ti",1,0,0,0,1,0,0,1,0,0,0,0,1,0,0
"Ca,Mg,Sr,Ti",1,0,0,0,0,1,0,0,0,0,1,0,1,0,0
"Cd,Nb,Sr,V",0,1,0,0,0,0,0,1,0,0,1,0,0,1,0
"Mn,Nb,Sn,Zn",0,0,0,0,0,0,1,1,0,1,0,0,0,0,1
"Ca,Cd,Sn,Sr",1,1,0,0,0,0,0,0,0,1,1,0,0,0,0
"Cd,Mn,Sn,Ti",0,1,0,0,0,0,1,0,0,1,0,0,1,0,0
"Fe,Sn,Ti,Zn",0,0,0,0,1,0,0,0,0,1,0,0,1,0,1
"Fe,Mg,Sr,Ti",0,0,0,0,1,1,0,0,0,0,1,0,1,0,0
"Mg,Sn,Sr,V",0,0,0,0,0,1,0,0,0,1,1,0,0,1,0
"Ca,Co,Fe,Sn",1,0,1,0,1,0,0,0,0,1,0,0,0,0,0
"Ca,Mg,Sr,V",1,0,0,0,0,1,0,0,0,0,1,0,0,1,0
"Mn,Sn,Sr,Ti",0,0,0,0,0,0,1,0,0,1,1,0,1,0,0
"Ca,Mn,Nb,Sn",1,0,0,0,0,0,1,1,0,1,0,0,0,0,0
"Mg,Ni,Sn,Sr",0,0,0,0,0,1,0,0,1,1,1,0,0,0,0
"Ca,Mn,Sn,Ti",1,0,0,0,0,0,1,0,0,1,0,0,1,0,0
"Ca,Sr,Ti,V",1,0,0,0,0,0,0,0,0,0,1,0,1,1,0
"Cu,Mn,Ni,Sn",0,0,0,1,0,0,1,0,1,1,0,0,0,0,0
"Fe,Nb,Sr,Zn",0,0,0,0,1,0,0,1,0,0,1,0,0,0,1
"Ca,Mg,Nb,V",1,0,0,0,0,1,0,1,0,0,0,0,0,1,0
"Ca,Cd,Sr,Ti",1,1,0,0,0,0,0,0,0,0,1,0,1,0,0
"Cd,Mg,Mn,V",0,1,0,0,0,1,1,0,0,0,0,0,0,1,0
"Nb,Sn,V,Zn",0,0,0,0,0,0,0,1,0,1,0,0,0,1,1
"Co,Mn,Ni,Sr",0,0,1,0,0,0,1,0,1,0,1,0,0,0,0
"Fe,Sr,Ti,Zn",0,0,0,0,1,0,0,0,0,0,1,0,1,0,1
"Cu,Mg,Mn,V",0,0,0,1,0,1,1,0,0,0,0,0,0,1,0
"Mn,Sr,V,Zn",0,0,0,0,0,0,1,0,0,0,1,0,0,1,1
"Co,Cu,Fe,Mg",0,0,1,1,1,1,0,0,0,0,0,0,0,0,0
"Fe,Mg,Ni,Sn",0,0,0,0,1,1,0,0,1,1,0,0,0,0,0
"Co,Cu,Mn,Ni",0,0,1,1,0,0,1,0,1,0,0,0,0,0,0
"Fe,Mg,Nb,Zn",0,0,0,0,1,1,0,1,0,0,0,0,0,0,1
"Mg,Sr,V,Zn",0,0,0,0,0,1,0,0,0,0,1,0,0,1,1
"Ca,Cd,Co,Sn",1,1,1,0,0,0,0,0,0,1,0,0,0,0,0
"Cd,Mn,Ni,Sr",0,1,0,0,0,0,1,0,1,0,1,0,0,0,0
"Ca,Nb,Sn,V",1,0,0,0,0,0,0,1,0,1,0,0,0,1,0
"Co,Mn,Ni,Sn",0,0,1,0,0,0,1,0,1,1,0,0,0,0,0
"Mn,Sn,V,Zn",0,0,0,0,0,0,1,0,0,1,0,0,0,1,1
"Cd,Mn,Nb,V",0,1,0,0,0,0,1,1,0,0,0,0,0,1,0
"Cd,Co,Fe,Mg",0,1,1,0,1,1,0,0,0,0,0,0,0,0,0
"Sn,Sr,Ti,Zn",0,0,0,0,0,0,0,0,0,1,1,0,1,0,1
"Ca,Cd,Sn,V",1,1,0,0,0,0,0,0,0,1,0,0,0,1,0
"Cu,Mg,Mn,Zn",0,0,0,1,0,1,1,0,0,0,0,0,0,0,1
"Cd,Mg,Sr,Ti",0,1,0,0,0,1,0,0,0,0,1,0,1,0,0
"Co,Mn,Ni,Zn",0,0,1,0,0,0,1,0,1,0,0,0,0,0,1
"Mn,Nb,Sn,Tc",0,0,0,0,0,0,1,1,0,1,0,1,0,0,0
"Cd,Co,Fe,Ni",0,1,1,0,1,0,0,0,1,0,0,0,0,0,0
"Fe,Mg,Ni,Zn",0,0,0,0,1,1,0,0,1,0,0,0,0,0,1
"Mg,Mn,Sn,V",0,0,0,0,0,1,1,0,0,1,0,0,0,1,0
"Cd,Nb,V,Zn",0,1,0,0,0,0,0,1,0,0,0,0,0,1,1
"Ca,Cd,Co,Sr",1,1,1,0,0,0,0,0,0,0,1,0,0,0,0
"Ca,Mg,Ni,Zn",1,0,0,0,0,1,0,0,1,0,0,0,0,0,1
"Ca,Fe,Sr,Zn",1,0,0,0,1,0,0,0,0,0,1,0,0,0,1
"Ca,Mn,Sr,V",1,0,0,0,0,0,1,0,0,0,1,0,0,1,0
"Mn,Nb,Sr,Zn",0,0,0,0,0,0,1,1,0,0,1,0,0,0,1
"Mg,Nb,Sr,Ti",0,0,0,0,0,1,0,1,0,0,1,0,1,0,0
"Cd,Ni,Sr,Zn",0,1,0,0,0,0,0,0,1,0,1,0,0,0,1
"Cd,Cu,Mn,Ni",0,1,0,1,0,0,1,0,1,0,0,0,0,0,0
"Ca,Mn,Sn,V",1,0,0,0,0,0,1,0,0,1,0,0,0,1,0
"Co,Cu,Fe,Mn",0,0,1,1,1,0,1,0,0,0,0,0,0,0,0
"Ca,Cd,Ti,Zn",1,1,0,0,0,0,0,0,0,0,0,0,1,0,1
"Cd,Co,Ni,Sr",0,1,1,0,0,0,0,0,1,0,1,0,0,0,0
"Ca,Co,Fe,Ni",1,0,1,0,1,0,0,0,1,0,0,0,0,0,0
"Cd,Mn,Sr,Zn",0,1,0,0,0,0,1,0,0,0,1,0,0,0,1
"Cd,Co,Mg,Sn",0,1,1,0,0,1,0,0,0,1,0,0,0,0,0
"Mg,Mn,Sn,Zn",0,0,0,0,0,1,1,0,0,1,0,0,0,0,1
"Ca,Ni,Sr,Zn",1,0,0,0,0,0,0,0,1,0,1,0,0,0,1
"Ca,Cd,Fe,Nb",1,1,0,0,1,0,0,1,0,0,0,0,0,0,0
"Co,Mg,Mn,Zn",0,0,1,0,0,1,1,0,0,0,0,0,0,0,1
"Mn,Sn,Ti,Zn",0,0,0,0,0,0,1,0,0,1,0,0,1,0,1
"Ca,Nb,Ti,Zn",1,0,0,0,0,0,0,1,0,0,0,0,1,0,1
"Ca,Co,Sr,Zn",1,0,1,0,0,0,0,0,0,0,1,0,0,0,1
"Co,Sn,Sr,Zn",0,0,1,0,0,0,0,0,0,1,1,0,0,0,1
"Ca,Cd,Nb,V",1,1,0,0,0,0,0,1,0,0,0,0,0,1,0
"Ca,Sr,Ti,Zn",1,0,0,0,0,0,0,0,0,0,1,0,1,0,1
"Cd,Mn,Ti,V",0,1,0,0,0,0,1,0,0,0,0,0,1,1,0
"Ca,Cd,Co,Ni",1,1,1,0,0,0,0,0,1,0,0,0,0,0,0
"Cd,Cu,Mg,Zn",0,1,0,1,0,1,0,0,0,0,0,0,0,0,1
"Mn,Ni,Sn,Zn",0,0,0,0,0,0,1,0,1,1,0,0,0,0,1
"Mg,Mn,Sr,Ti",0,0,0,0,0,1,1,0,0,0,1,0,1,0,0
"Ca,Co,Mg,Ni",1,0,1,0,0,1,0,0,1,0,0,0,0,0,0
"Co,Fe,Mg,Sr",0,0,1,0,1,1,0,0,0,0,1,0,0,0,0
"Co,Fe,Ni,Sn",0,0,1,0,1,0,0,0,1,1,0,0,0,0,0
"Cd,Nb,Ti,Zn",0,1,0,0,0,0,0,1,0,0,0,0,1,0,1
"Cd,Mg,Mn,Ti",0,1,0,0,0,1,1,0,0,0,0,0,1,0,0
"Nb,Sr,Ti,Zn",0,0,0,0,0,0,0,1,0,0,1,0,1,0,1
"Fe,Ni,V,Zn",0,0,0,0,1,0,0,0,1,0,0,0,0,1,1
"Ca,Nb,Sr,Zn",1,0,0,0,0,0,0,1,0,0,1,0,0,0,1
"Co,Fe,Mn,Sn",0,0,1,0,1,0,1,0,0,1,0,0,0,0,0
"Nb,Sn,Tc,Ti",0,0,0,0,0,0,0,1,0,1,0,1,1,0,0
"Cd,Mg,Nb,Ti",0,1,0,0,0,1,0,1,0,0,0,0,1,0,0
"Ca,Cd,Ti,V",1,1,0,0,0,0,0,0,0,0,0,0,1,1,0
"Ca,Mn,Ni,Sn",1,0,0,0,0,0,1,0,1,1,0,0,0,0,0
"Cu,Mg,Mn,Ni",0,0,0,1,0,1,1,0,1,0,0,0,0,0,0
"Fe,Sn,Sr,Zn",0,0,0,0,1,0,0,0,0,1,1,0,0,0,1
"Co,Fe,Mg,Zn",0,0,1,0,1,1,0,0,0,0,0,0,0,0,1
"Fe,Ni,Sr,Zn",0,0,0,0,1,0,0,0,1,0,1,0,0,0,1
"Ca,Co,Mn,Sn",1,0,1,0,0,0,1,0,0,1,0,0,0,0,0
"Ca,Mn,V,Zn",1,0,0,0,0,0,1,0,0,0,0,0,0,1,1
"Ca,Cd,Fe,Mn",1,1,0,0,1,0,1,0,0,0,0,0,0,0,0
"Mn,Nb,Sn,Sr",0,0,0,0,0,0,1,1,0,1,1,0,0,0,0
"Co,Fe,V,Zn",0,0,1,0,1,0,0,0,0,0,0,0,0,1,1
"Co,Fe,Mg,Ni",0,0,1,0,1,1,0,0,1,0,0,0,0,0,0
"Ca,Cd,Co,Zn",1,1,1,0,0,0,0,0,0,0,0,0,0,0,1
"Nb,Sn,Tc,V",0,0,0,0,0,0,0,1,0,1,0,1,0,1,0
"Ca,Cd,Mn,Zn",1,1,0,0,0,0,1,0,0,0,0,0,0,0,1
"Ca,Co,Mg,Zn",1,0,1,0,0,1,0,0,0,0,0,0,0,0,1
"Cu,Fe,Ni,Zn",0,0,0,1,1,0,0,0,1,0,0,0,0,0,1
"Cd,Mg,Nb,Sr",0,1,0,0,0,1,0,1,0,0,1,0,0,0,0
"Ca,Nb,Sn,Zn",1,0,0,0,0,0,0,1,0,1,0,0,0,0,1
"Ca,Fe,Ni,Zn",1,0,0,0,1,0,0,0,1,0,0,0,0,0,1
"Co,Fe,Mg,Mn",0,0,1,0,1,1,1,0,0,0,0,0,0,0,0
"Fe,Nb,Sr,Ti",0,0,0,0,1,0,0,1,0,0,1,0,1,0,0
"Cd,Nb,Sn,Ti",0,1,0,0,0,0,0,1,0,1,0,0,1,0,0
"Mn,Nb,Sr,Ti",0,0,0,0,0,0,1,1,0,0,1,0,1,0,0
"Ca,Ti,V,Zn",1,0,0,0,0,0,0,0,0,0,0,0,1,1,1
"Mn,Nb,V,Zn",0,0,0,0,0,0,1,1,0,0,0,0,0,1,1
"Cd,Cu,Fe,Mn",0,1,0,1,1,0,1,0,0,0,0,0,0,0,0
"Mg,Ni,V,Zn",0,0,0,0,0,1,0,0,1,0,0,0,0,1,1
"Ca,Co,Fe,Sr",1,0,1,0,1,0,0,0,0,0,1,0,0,0,0
"Ca,Fe,Ni,Sn",1,0,0,0,1,0,0,0,1,1,0,0,0,0,0
"Fe,Mg,Mn,Zn",0,0,0,0,1,1,1,0,0,0,0,0,0,0,1
"Ca,Fe,Mg,Nb",1,0,0,0,1,1,0,1,0,0,0,0,0,0,0
"Ca,Cd,Ni,Zn",1,1,0,0,0,0,0,0,1,0,0,0,0,0,1
"Cu,Fe,Mg,Mn",0,0,0,1,1,1,1,0,0,0,0,0,0,0,0
"Mn,Ti,V,Zn",0,0,0,0,0,0,1,0,0,0,0,0,1,1,1
"Cd,Cu,Ni,Zn",0,1,0,1,0,0,0,0,1,0,0,0,0,0,1
"Cd,Sn,Sr,Ti",0,1,0,0,0,0,0,0,0,1,1,0,1,0,0
"Cd,Nb,Sn,V",0,1,0,0,0,0,0,1,0,1,0,0,0,1,0
"Cd,Fe,Mg,Mn",0,1,0,0,1,1,1,0,0,0,0,0,0,0,0
"Cd,Mg,Mn,Sr",0,1,0,0,0,1,1,0,0,0,1,0,0,0,0
"Co,Mn,Ni,V",0,0,1,0,0,0,1,0,1,0,0,0,0,1,0
"Ca,Co,Sn,Zn",1,0,1,0,0,0,0,0,0,1,0,0,0,0,1
"Co,Cu,Sn,Zn",0,0,1,1,0,0,0,0,0,1,0,0,0,0,1
"Mg,Sr,Ti,V",0,0,0,0,0,1,0,0,0,0,1,0,1,1,0
"Ca,Cd,Sn,Ti",1,1,0,0,0,0,0,0,0,1,0,0,1,0,0
"Ca,Fe,Mg,Mn",1,0,0,0,1,1,1,0,0,0,0,0,0,0,0
"Cd,Fe,Sn,Sr",0,1,0,0,1,0,0,0,0,1,1,0,0,0,0
"Ca,Fe,Mn,Ni",1,0,0,0,1,0,1,0,1,0,0,0,0,0,0
"Mg,Ti,V,Zn",0,0,0,0,0,1,0,0,0,0,0,0,1,1,1
"Nb,Ti,V,Zn",0,0,0,0,0,0,0,1,0,0,0,0,1,1,1
"Ca,Mg,Sn,Sr",1,0,0,0,0,1,0,0,0,1,1,0,0,0,0
"Cd,Co,Fe,Mn",0,1,1,0,1,0,1,0,0,0,0,0,0,0,0
"Ca,Sn,V,Zn",1,0,0,0,0,0,0,0,0,1,0,0,0,1,1
"Mg,Mn,Ni,Sr",0,0,0,0,0,1,1,0,1,0,1,0,0,0,0
"Ca,Cd,Fe,Zn",1,1,0,0,1,0,0,0,0,0,0,0,0,0,1
"Co,Fe,Ni,Zn",0,0,1,0,1,0,0,0,1,0,0,0,0,0,1
"Ca,Cd,Ni,Sr",1,1,0,0,0,0,0,0,1,0,1,0,0,0,0
"Cd,Fe,Mn,Zn",0,1,0,0,1,0,1,0,0,0,0,0,0,0,1
"Mg,Mn,Nb,V",0,0,0,0,0,1,1,1,0,0,0,0,0,1,0
"Fe,Nb,Sn,Ti",0,0,0,0,1,0,0,1,0,1,0,0,1,0,0
"Mn,Ni,Sn,Sr",0,0,0,0,0,0,1,0,1,1,1,0,0,0,0
"Co,Cu,Fe,Sn",0,0,1,1,1,0,0,0,0,1,0,0,0,0,0
"Mg,Sn,Sr,Zn",0,0,0,0,0,1,0,0,0,1,1,0,0,0,1
"Fe,Mg,Sn,Zn",0,0,0,0,1,1,0,0,0,1,0,0,0,0,1
"Ca,Mn,Sn,Sr",1,0,0,0,0,0,1,0,0,1,1,0,0,0,0
"Cu,Ni,Ti,Zn",0,0,0,1,0,0,0,0,1,0,0,0,1,0,1
"Ca,Fe,Ti,Zn",1,0,0,0,1,0,0,0,0,0,0,0,1,0,1
"Mg,Nb,Sn,V",0,0,0,0,0,1,0,1,0,1,0,0,0,1,0
"Ca,Nb,V,Zn",1,0,0,0,0,0,0,1,0,0,0,0,0,1,1
"Cd,Co,Mg,Mn",0,1,1,0,0,1,1,0,0,0,0,0,0,0,0
"Cd,Sn,V,Zn",0,1,0,0,0,0,0,0,0,1,0,0,0,1,1
"Cd,Sn,Ti,Zn",0,1,0,0,0,0,0,0,0,1,0,0,1,0,1
"Sr,Ti,V,Zn",0,0,0,0,0,0,0,0,0,0,1,0,1,1,1
"Mg,Mn,Ti,Zn",0,0,0,0,0,1,1,0,0,0,0,0,1,0,1
"Cd,Fe,Ni,Zn",0,1,0,0,1,0,0,0,1,0,0,0,0,0,1
"Ca,Cd,Mn,Ti",1,1,0,0,0,0,1,0,0,0,0,0,1,0,0
"Ca,Sr,V,Zn",1,0,0,0,0,0,0,0,0,0,1,0,0,1,1
"Co,Cu,Mn,V",0,0,1,1,0,0,1,0,0,0,0,0,0,1,0
"Ca,Cd,Ni,Sn",1,1,0,0,0,0,0,0,1,1,0,0,0,0,0
"Co,Fe,Mn,Sr",0,0,1,0,1,0,1,0,0,0,1,0,0,0,0
"Cd,Mn,Sn,Zn",0,1,0,0,0,0,1,0,0,1,0,0,0,0,1
"Cd,Fe,Mg,Ti",0,1,0,0,1,1,0,0,0,0,0,0,1,0,0
"Ca,Co,Fe,Mg",1,0,1,0,1,1,0,0,0,0,0,0,0,0,0
"Cd,Nb,Sn,Sr",0,1,0,0,0,0,0,1,0,1,1,0,0,0,0
"Mn,Nb,Sr,V",0,0,0,0,0,0,1,1,0,0,1,0,0,1,0
"Ca,Cd,Mn,Nb",1,1,0,0,0,0,1,1,0,0,0,0,0,0,0
"Ca,Ni,Sn,Zn",1,0,0,0,0,0,0,0,1,1,0,0,0,0,1
"Fe,Ni,Sn,Sr",0,0,0,0,1,0,0,0,1,1,1,0,0,0,0
"Ca,Cd,Fe,Ti",1,1,0,0,1,0,0,0,0,0,0,0,1,0,0
"Ca,Cd,Sr,Zn",1,1,0,0,0,0,0,0,0,0,1,0,0,0,1
"Co,Cu,Fe,Zn",0,0,1,1,1,0,0,0,0,0,0,0,0,0,1
"Cd,Fe,Mn,Sn",0,1,0,0,1,0,1,0,0,1,0,0,0,0,0
"Cu,Mn,Ni,Zn",0,0,0,1,0,0,1,0,1,0,0,0,0,0,1
