component,explained_variance,explained_variance_ratio
PC1,10.075686903437322,0.5292450377237139
PC2,1.8633112109971197,0.0978740428921789
PC3,1.6013445043726044,0.08411373246782956
PC4,1.128475860018448,0.05927538785489805
PC5,0.9668951763059744,0.050788048394433294
PC6,0.6654587186470624,0.034954512583533034
PC7,0.6284150093965795,0.03300871975694075
PC8,0.45968222908547773,0.024145702521807023
PC9,0.43042735629933787,0.022609033468898976
PC10,0.4024771560218522,0.021140894875271498
PC11,0.3065074499479952,0.01609989953687282
PC12,0.15555046533040026,0.008170590519604573
PC13,0.13093338736813379,0.006877530653845677
PC14,0.08010983679130537,0.004207924879066159
PC15,0.05306091834287058,0.0027871278652423373
PC16,0.043704591562479536,0.0022956686161310787
PC17,0.029063427186286257,0.001526613000681772
PC18,0.010810108685647865,0.0005678219692576359
PC19,0.005934295780800118,0.00031171041979299554
