descriptor,figure_label,PC1_loading,PC2_loading,PC1_rank
delta_radius_covalent_PT,delta_r-Pauling,0.295546461889794,0.07023986326603573,1
delta_electronegativity_Pearson,delta_chi-Pearson,0.2934511434745031,0.0420871718669659,2
delta_radii_Slatter,delta_r-Slater,0.2892414021371318,0.14627701529004658,3
delta_radii_Pyykko,delta_r-Pyykko,0.2836181861380075,0.26050649833509854,4
delta_radius_PT,delta_r-vdw,0.2823197478512057,-0.18265161880779088,5
delta_electronegativity_Allen,delta_chi-Allen,0.27520951477759714,0.08611644180568744,6
delta_electronegativity_Pauling,delta_chi-Pauling,0.27429903442141346,0.0543733181781808,7
delta_radius_Saxena,delta_r-Saxena,0.27121871496659344,0.20098899536154907,8
delta_radii_Ghosh08,delta_r-Ghosh,0.26766616145447913,-0.2926998769086562,9
delta_radius_covalent,delta_r-Cordero,0.2510758307511026,0.1584864548600247,10
param_geo_radii_Slatter,Lambda-Slater,-0.1923440984164855,-0.08976384343887447,11
param_geo_radii_Ghosh08,Lambda-Ghosh,-0.1860095156906555,0.4299782046857202,12
param_geo_radius_covalent_PT,Lambda-Pauling,-0.1791486186708957,0.02825753922110699,13
param_geo_radius_covalent,Lambda-Cordero,-0.1783296021987054,-0.15252485057250198,14
param_geo_radius_PT,Lambda-vdw,-0.15770531727373324,0.3452204330504254,15
VEC,VEC,-0.15375419843449584,0.3642396772404378,16
param_geo_radii_Pyykko,Lambda-Pyykko,-0.1203747392595642,-0.28587798833577904,17
param_geo_radius_Saxena,Lambda-Saxena,-0.11887847297625284,-0.04673551802850342,18
delta_electronegativity_Ghosh,delta_chi-Ghosh,0.10433301991227698,-0.3954153785577162,19
