name,PC1_score,PC2_score,delta_electronegativity_Ghosh,delta_radii_Ghosh08,lat_distortion_misfit_mean,lat_distortion_misfit_stdev,imputed_descriptors
Ca_svCdCoFe_pvO:PAW_PBE/AB_cF8_225_a_b.AB:POCC_P0-1xE_P1-0.25xA-0.25xB-0.25xC-0.25xD,1.5475778515873826,1.287118877100129,0.35750480766,13.28127190438,0.08947777046787,0.055631912073,0
Ca_svFe_pvMn_pvOZn:PAW_PBE/AB_cF8_225_a_b.AB:POCC_P0-1xD_P1-0.25xA-0.25xB-0.25xC-0.25xE,1.9561919004892374,1.0146971240454246,0.3853926569098,15.60743262045,0.04143623890601,0.01866252879685,0
CoMg_pvMn_pvOSr_sv:PAW_PBE/AB_cF8_225_a_b.AB:POCC_P0-1xD_P1-0.25xA-0.25xB-0.25xC-0.25xE,4.039619156224927,0.7858270361991185,0.2733599961589,23.56422565497,0.1369897836383,0.0600225905048,0
CoMg_pvMn_pvNi_pvO:PAW_PBE/AB_cF8_225_a_b.AB:POCC_P0-1xE_P1-0.25xA-0.25xB-0.25xC-0.25xD,-2.525151924965448,1.6174052236326124,0.2655808492719,6.736276672803,0.04099467482553,0.03416586666927,0
Fe_pvMg_pvMn_pvOSr_sv:PAW_PBE/AB_cF8_225_a_b.AB:POCC_P0-1xD_P1-0.25xA-0.25xB-0.25xC-0.25xE,3.4057813963131522,0.5630943406853733,0.2387471204015,22.93703965014,0.1355112328323,0.05527485658926,0
Mg_pvOSnSr_svTi_sv:PAW_PBE/AB_cF8_225_a_b.AB:POCC_P0-1xB_P1-0.25xA-0.25xC-0.25xD-0.25xE,3.2621942820684406,-1.7690909634875567,0.6718271262014,27.46657749639,0.2655170214877,0.07416391208587,0
Ca_svNi_pvOSnSr_sv:PAW_PBE/AB_cF8_225_a_b.AB:POCC_P0-1xC_P1-0.25xA-0.25xB-0.25xD-0.25xE,5.077561683657754,-0.5580092196937924,0.6892421109451,26.62262520007,0.1602322379827,0.1113435299821,0
Cu_pvFe_pvMn_pvOV_sv:PAW_PBE/AB_cF8_225_a_b.AB:POCC_P0-1xD_P1-0.25xA-0.25xB-0.25xC-0.25xE,-4.331179688268507,-0.08723291704752568,0.2338268590218,8.585359414686,0.185187653919,0.09245232300998,0
CoMg_pvOSnZn:PAW_PBE/AB_cF8_225_a_b.AB:POCC_P0-1xC_P1-0.25xA-0.25xB-0.25xD-0.25xE,-3.2306663185681956,0.8679776818858699,0.5548083002263,7.590525415009,0.1174998924979,0.08164659883766,0
CdFe_pvOTi_svZn:PAW_PBE/AB_cF8_225_a_b.AB:POCC_P0-1xC_P1-0.25xA-0.25xB-0.25xD-0.25xE,-2.452775737853018,0.18430501766565072,0.332893657945,11.4947551834,0.08874730800297,0.03356513532012,0
Ca_svNb_svOTi_svV_sv:PAW_PBE/AB_cF8_225_a_b.AB:POCC_P0-1xC_P1-0.25xA-0.25xB-0.25xD-0.25xE,-2.1295645353278636,0.738980446456455,0.1369733094438,6.571830852328,0.1078658624989,0.04909618031854,0
Mg_pvNb_svOSr_svV_sv:PAW_PBE/AB_cF8_225_a_b.AB:POCC_P0-1xC_P1-0.25xA-0.25xB-0.25xD-0.25xE,1.7241410165473423,0.05881728169175497,0.1082459583541,20.36690243105,0.141092103823,0.04529954294575,0
Ca_svMn_pvOSnZn:PAW_PBE/AB_cF8_225_a_b.AB:POCC_P0-1xC_P1-0.25xA-0.25xB-0.25xD-0.25xE,2.46836519765695,-0.2686042681887914,0.6327586427699,20.6866631328,0.1497934274848,0.09784772085128,0
Ca_svFe_pvMg_pvOSn:PAW_PBE/AB_cF8_225_a_b.AB:POCC_P0-1xD_P1-0.25xA-0.25xB-0.25xC-0.25xE,1.91281569407019,-1.3299921831057095,0.6641690296905,20.70420936833,0.1867787636738,0.1112462469781,0
CdMg_pvOSr_svV_sv:PAW_PBE/AB_cF8_225_a_b.AB:POCC_P0-1xC_P1-0.25xA-0.25xB-0.25xD-0.25xE,2.2014325142062954,-0.1238487927801783,0.340013510761,22.05488018115,0.1365764750038,0.06879823786753,0
Ca_svMg_pvMn_pvNb_svO:PAW_PBE/AB_cF8_225_a_b.AB:POCC_P0-1xE_P1-0.25xA-0.25xB-0.25xC-0.25xD,0.5209605221064282,-0.24917013179243247,0.2011355264492,17.10969393244,0.1428144202131,0.05572871745138,0
Ca_svCdMg_pvNb_svO:PAW_PBE/AB_cF8_225_a_b.AB:POCC_P0-1xE_P1-0.25xA-0.25xB-0.25xC-0.25xD,-0.044661121236977144,-0.8430412135590569,0.3596449638185,17.65589003587,0.1063042087796,0.0539591405863,0
Ca_svMg_pvNi_pvOSr_sv:PAW_PBE/AB_cF8_225_a_b.AB:POCC_P0-1xD_P1-0.25xA-0.25xB-0.25xC-0.25xE,4.131909202821481,0.15940645537769443,0.3430561178583,23.92963767739,0.102975188836,0.03698609786858,0
Ca_svCoFe_pvOZn:PAW_PBE/AB_cF8_225_a_b.AB:POCC_P0-1xD_P1-0.25xA-0.25xB-0.25xC-0.25xE,2.4518360379539534,1.2032766519481997,0.3928861158147,16.41092118033,0.08064166055257,0.04190228349242,0
CdCu_pvMg_pvMn_pvO:PAW_PBE/AB_cF8_225_a_b.AB:POCC_P0-1xE_P1-0.25xA-0.25xB-0.25xC-0.25xD,-3.2985551677736957,0.8913211475842558,0.3309368330966,7.825077225013,0.198352630307,0.1895403467137,0
Nb_svOSnSr_svV_sv:PAW_PBE/AB_cF8_225_a_b.AB:POCC_P0-1xB_P1-0.25xA-0.25xC-0.25xD-0.25xE,2.8844800913097144,-1.1136142982783916,0.6375735251718,23.4738055359,0.1425227470862,0.1130510971497,0
Fe_pvMg_pvMn_pvNi_pvOZn:PAW_PBE/AB_cF8_225_a_b.AB:POCC_P0-1xE_P1-0.2xA-0.2xB-0.2xC-0.2xD-0.2xF,-2.8514700867548495,1.1982255021043122,0.3080523332163,7.654840912897,0.04598146734206,0.04762863721433,0
Mg_pvNb_svOSnTi_svV_sv:PAW_PBE/AB_cF8_225_a_b.AB:POCC_P0-1xC_P1-0.2xA-0.2xB-0.2xD-0.2xE-0.2xF,-2.3396555481234023,-3.3975504761369724,0.5799888274786,19.51365295755,0.1783418002896,0.1574106418866,0
CdOSr_svTi_svV_sv:PAW_PBE/AB_cF8_225_a_b.AB:POCC_P0-1xB_P1-0.25xA-0.25xC-0.25xD-0.25xE,1.4917124023312327,0.44568904158881406,0.3331846334992,16.1087381513,0.2563515307844,0.07876991556671,0
Ca_svCdMn_pvOSr_sv:PAW_PBE/AB_cF8_225_a_b.AB:POCC_P0-1xD_P1-0.25xA-0.25xB-0.25xC-0.25xE,2.4687413937439593,0.5070146585479806,0.3823626387345,17.6392854949,0.07400017935913,0.03696587383959,0
CoCu_pvMg_pvMn_pvO:PAW_PBE/AB_cF8_225_a_b.AB:POCC_P0-1xE_P1-0.25xA-0.25xB-0.25xC-0.25xD,-2.7491445497384612,1.234958335007706,0.2965378348542,7.260213828004,0.1062184778999,0.07032951626955,0
CdCu_pvFe_pvOZn:PAW_PBE/AB_cF8_225_a_b.AB:POCC_P0-1xD_P1-0.25xA-0.25xB-0.25xC-0.25xE,-4.0950227198946685,1.7435357914067087,0.160818803316,6.818949037602,0.1477582280217,0.09414528633204,0
CoCu_pvFe_pvMg_pvOZn:PAW_PBE/AB_cF8_225_a_b.AB:POCC_P0-1xE_P1-0.2xA-0.2xB-0.2xC-0.2xD-0.2xF,-3.8402079379295637,1.901075030288583,0.3174179579041,6.011233317422,0.1075802028063,0.04809217962427,0
Ca_svCoMn_pvOSr_sv:PAW_PBE/AB_cF8_225_a_b.AB:POCC_P0-1xD_P1-0.25xA-0.25xB-0.25xC-0.25xE,4.102362628323204,1.172422779058148,0.3141586979538,18.81111201223,0.1508270773831,0.06402542141061,0
CdCoFe_pvOSr_sv:PAW_PBE/AB_cF8_225_a_b.AB:POCC_P0-1xD_P1-0.25xA-0.25xB-0.25xC-0.25xE,3.7757568501532948,1.4185130832208708,0.322645316098,21.12243543976,0.1415834400025,0.06538037187307,0
CdCoOSr_svZn:PAW_PBE/AB_cF8_225_a_b.AB:POCC_P0-1xC_P1-0.25xA-0.25xB-0.25xD-0.25xE,4.157721673458626,1.3464442204236575,0.3840327948236,24.0405533021,0.1442251463769,0.08172319608912,0
CoCu_pvMn_pvNi_pvOZn:PAW_PBE/AB_cF8_225_a_b.AB:POCC_P0-1xE_P1-0.2xA-0.2xB-0.2xC-0.2xD-0.2xF,-5.946625064308196,0.6009068220770485,0.1860662247696,6.621529415304,0.1042404672479,0.0701548203551,0
Ca_svMg_pvNb_svOSn:PAW_PBE/AB_cF8_225_a_b.AB:POCC_P0-1xD_P1-0.25xA-0.25xB-0.25xC-0.25xE,1.4075531193980597,-2.284574679725803,0.6750648117033,23.60144694076,0.2563431569618,0.08040782269327,0
CdMn_pvOSnV_sv:PAW_PBE/AB_cF8_225_a_b.AB:POCC_P0-1xC_P1-0.25xA-0.25xB-0.25xD-0.25xE,-3.3003838557588874,-1.1229473662306102,0.5265206548655,13.38784460812,0.227775673304,0.1106325750272,0
Mg_pvNb_svOSnV_svZn:PAW_PBE/AB_cF8_225_a_b.AB:POCC_P0-1xC_P1-0.2xA-0.2xB-0.2xD-0.2xE-0.2xF,-1.0310802400107968,-2.072091174916991,0.5831420410157,20.80501538662,0.1854006535941,0.1172171274611,0
Mg_pvNi_pvOSr_svZn:PAW_PBE/AB_cF8_225_a_b.AB:POCC_P0-1xC_P1-0.25xA-0.25xB-0.25xD-0.25xE,4.743646391070593,0.5766179418580853,0.4309504031788,27.11783957158,0.1479507266425,0.06066546784622,0
CdMn_pvNi_pvOZn:PAW_PBE/AB_cF8_225_a_b.AB:POCC_P0-1xD_P1-0.25xA-0.25xB-0.25xC-0.25xE,-3.11793648640882,1.785906791520243,0.1998241414344,7.312610971387,0.1067684068524,0.1020756319029,0
CdMn_pvOSr_svV_sv:PAW_PBE/AB_cF8_225_a_b.AB:POCC_P0-1xC_P1-0.25xA-0.25xB-0.25xD-0.25xE,2.3190129965905504,0.8808054618396638,0.3191535680515,17.90468665947,0.1656941689861,0.08156449026287,0
Cu_pvFe_pvOSnZn:PAW_PBE/AB_cF8_225_a_b.AB:POCC_P0-1xC_P1-0.25xA-0.25xB-0.25xD-0.25xE,-4.1657710462143855,0.6364633123347617,0.3827070518033,9.087464176084,0.1512287339196,0.07469252490882,0
Ca_svMg_pvMn_pvNi_pvO:PAW_PBE/AB_cF8_225_a_b.AB:POCC_P0-1xE_P1-0.25xA-0.25xB-0.25xC-0.25xD,2.139466687770847,0.6141596211232747,0.3349858205954,16.67630439153,0.06466509643725,0.03743543646034,0
Ca_svCdFe_pvNi_pvO:PAW_PBE/AB_cF8_225_a_b.AB:POCC_P0-1xE_P1-0.25xA-0.25xB-0.25xC-0.25xD,1.7448126394506454,1.2762686082777168,0.3728648381116,14.09765134228,0.1102304767529,0.07015061624231,0
Ca_svMg_pvNb_svOZn:PAW_PBE/AB_cF8_225_a_b.AB:POCC_P0-1xD_P1-0.25xA-0.25xB-0.25xC-0.25xE,1.5602577251325715,-0.5548549024664287,0.4126277832381,20.97938004285,0.1086766700621,0.03926333419695,0
Nb_svOTc_pvTi_svV_sv:PAW_PBE/AB_cF8_225_a_b.AB:POCC_P0-1xB_P1-0.25xA-0.25xC-0.25xD-0.25xE,-4.774468405434452,0.2053798367615757,0.1082716491054,5.740118789694,0.1764929378943,0.09678204328181,3
Fe_pvNb_svOSnTi_svV_sv:PAW_PBE/AB_cF8_225_a_b.AB:POCC_P0-1xC_P1-0.2xA-0.2xB-0.2xD-0.2xE-0.2xF,-2.4880985808392957,-2.3428539818169254,0.5475671283048,17.26113023494,0.1818411964625,0.1199040319518,0
Ca_svCu_pvMg_pvMn_pvO:PAW_PBE/AB_cF8_225_a_b.AB:POCC_P0-1xE_P1-0.25xA-0.25xB-0.25xC-0.25xD,1.9002904279416744,0.3406611137163434,0.3739471887847,17.37391610974,0.09253259868772,0.05386694989543,0
CoMg_pvMn_pvOSn:PAW_PBE/AB_cF8_225_a_b.AB:POCC_P0-1xD_P1-0.25xA-0.25xB-0.25xC-0.25xE,-2.143182984696779,-0.3335719896642619,0.5667170259486,10.9830487466,0.1310713551384,0.09022880923714,0
CoMg_pvOSnSr_svTi_sv:PAW_PBE/AB_cF8_225_a_b.AB:POCC_P0-1xC_P1-0.2xA-0.2xB-0.2xD-0.2xE-0.2xF,3.5883406069603137,-0.8348191085679993,0.6068964985893,25.64311149498,0.2420605986113,0.1362967074069,0
CoMg_pvNi_pvOSn:PAW_PBE/AB_cF8_225_a_b.AB:POCC_P0-1xD_P1-0.25xA-0.25xB-0.25xC-0.25xE,-3.3962239232931704,1.4690135932720125,0.5477104047761,7.983424293617,0.135143930024,0.09416323569068,0
CdCoMg_pvOSr_sv:PAW_PBE/AB_cF8_225_a_b.AB:POCC_P0-1xD_P1-0.25xA-0.25xB-0.25xC-0.25xE,3.607658272643596,0.4684319366848931,0.3715093370294,23.96538151967,0.1045558513455,0.04522793089673,0
CdMg_pvNb_svOSn:PAW_PBE/AB_cF8_225_a_b.AB:POCC_P0-1xD_P1-0.25xA-0.25xB-0.25xC-0.25xE,-2.5014701186290806,-3.3962265553811495,0.6012854459406,21.10734284498,0.08844324186469,0.03789139315969,0
Ca_svMn_pvNb_svOSr_sv:PAW_PBE/AB_cF8_225_a_b.AB:POCC_P0-1xD_P1-0.25xA-0.25xB-0.25xC-0.25xE,1.5041923251938356,0.626411881693102,0.214021465045,13.49360376404,0.1719628123221,0.09969688276923,0
Cu_pvMg_pvMn_pvOV_svZn:PAW_PBE/AB_cF8_225_a_b.AB:POCC_P0-1xD_P1-0.2xA-0.2xB-0.2xC-0.2xE-0.2xF,-2.126463431400916,0.0335309167693014,0.356034492711,11.49965083615,0.1727396005106,0.06482030044101,0
Mg_pvOSnTi_svV_sv:PAW_PBE/AB_cF8_225_a_b.AB:POCC_P0-1xB_P1-0.25xA-0.25xC-0.25xD-0.25xE,-3.0322653607868943,-4.62280069256241,0.6379981876934,17.68790653307,0.2949332923444,0.03233220004457,0
CoCu_pvMg_pvNi_pvOZn:PAW_PBE/AB_cF8_225_a_b.AB:POCC_P0-1xE_P1-0.2xA-0.2xB-0.2xC-0.2xD-0.2xF,-5.1935487086097725,3.7332687828607614,0.3186676011144,4.196981072824,0.1074598617054,0.07004383475819,0
CdFe_pvOSr_svTi_sv:PAW_PBE/AB_cF8_225_a_b.AB:POCC_P0-1xC_P1-0.25xA-0.25xB-0.25xD-0.25xE,2.447786747666012,0.6982083073925119,0.3454779298305,18.41857484868,0.1374031826377,0.09241039100239,0
Ca_svCdOSnZn:PAW_PBE/AB_cF8_225_a_b.AB:POCC_P0-1xC_P1-0.25xA-0.25xB-0.25xD-0.25xE,1.8430201735595788,-0.3310531562400247,0.6101348211666,20.73905770443,0.1360365985536,0.1116310046346,0
Ca_svCdMg_pvNi_pvOZn:PAW_PBE/AB_cF8_225_a_b.AB:POCC_P0-1xE_P1-0.2xA-0.2xB-0.2xC-0.2xD-0.2xF,1.5263423378717875,0.5295280706445897,0.4406989902416,16.95545122137,0.07618835708011,0.02034446130641,0
CdCoOSnZn:PAW_PBE/AB_cF8_225_a_b.AB:POCC_P0-1xC_P1-0.25xA-0.25xB-0.25xD-0.25xE,-3.450412063214767,0.5096329528235102,0.3547022518959,9.954132882137,0.1606542019765,0.1374395171398,0
Cu_pvMn_pvOV_svZn:PAW_PBE/AB_cF8_225_a_b.AB:POCC_P0-1xC_P1-0.25xA-0.25xB-0.25xD-0.25xE,-3.558181099564851,-0.3088458974454827,0.3093132514135,11.3368803097,0.1558392668721,0.08015233628586,0
CdNi_pvOSnZn:PAW_PBE/AB_cF8_225_a_b.AB:POCC_P0-1xC_P1-0.25xA-0.25xB-0.25xD-0.25xE,-3.3817455473175198,0.753607489356273,0.3288908443542,9.524003967963,0.1714022179567,0.1361282714011,0
Ca_svMg_pvMn_pvOSn:PAW_PBE/AB_cF8_225_a_b.AB:POCC_P0-1xD_P1-0.25xA-0.25xB-0.25xC-0.25xE,1.7881961903754333,-1.3508046348649496,0.6650830775174,20.62289587253,0.1909123994704,0.1314239227015,0
CoCu_pvMg_pvNi_pvO:PAW_PBE/AB_cF8_225_a_b.AB:POCC_P0-1xE_P1-0.25xA-0.25xB-0.25xC-0.25xD,-4.9580867217717435,4.050291946551834,0.3104821854793,3.961942545782,0.07658751920503,0.06356625492493,0
Fe_pvMn_pvOSnZn:PAW_PBE/AB_cF8_225_a_b.AB:POCC_P0-1xC_P1-0.25xA-0.25xB-0.25xD-0.25xE,-3.173057963617019,-0.20373810463599754,0.457574788969,11.57924570833,0.1777963570761,0.09779450922077,0
Ca_svMn_pvNb_svOZn:PAW_PBE/AB_cF8_225_a_b.AB:POCC_P0-1xD_P1-0.25xA-0.25xB-0.25xC-0.25xE,1.7483186640067898,0.44085054823773956,0.3918462708767,17.21179592811,0.122727121302,0.07163929343076,0
Ca_svMg_pvOTi_svV_sv:PAW_PBE/AB_cF8_225_a_b.AB:POCC_P0-1xC_P1-0.25xA-0.25xB-0.25xD-0.25xE,-0.4793259109861433,-0.2701695563429837,0.1171302693585,14.60719011557,0.08916319854359,0.06231009266402,0
Mn_pvNb_svOTi_svZn:PAW_PBE/AB_cF8_225_a_b.AB:POCC_P0-1xC_P1-0.25xA-0.25xB-0.25xD-0.25xE,-1.8606687883998707,-0.6888933566551628,0.3301373767085,15.67413143535,0.2254723301412,0.0473107997568,0
CdFe_pvNb_svOTi_sv:PAW_PBE/AB_cF8_225_a_b.AB:POCC_P0-1xD_P1-0.25xA-0.25xB-0.25xC-0.25xE,-3.1062696862210974,-0.8054808286159689,0.2849561369755,12.08424814804,0.1487870667696,0.03772049477488,0
Nb_svOSnSr_svTi_sv:PAW_PBE/AB_cF8_225_a_b.AB:POCC_P0-1xB_P1-0.25xA-0.25xC-0.25xD-0.25xE,2.616008116510987,-1.3152090557575826,0.6514192198577,23.05934357617,0.2677520418213,0.1023557174227,0
Cu_pvNb_svOSnTc_pv:PAW_PBE/AB_cF8_225_a_b.AB:POCC_P0-1xC_P1-0.25xA-0.25xB-0.25xD-0.25xE,-0.7573603180530363,-1.441126406373407,0.5257611149562,21.50120965687,0.341134746257,0.05725301496678,3
Mg_pvMn_pvNb_svOSr_sv:PAW_PBE/AB_cF8_225_a_b.AB:POCC_P0-1xD_P1-0.25xA-0.25xB-0.25xC-0.25xE,2.400543385178271,0.20892517562248208,0.1749005074321,21.67938979775,0.1906336050917,0.07449892196162,0
Cu_pvMn_pvOSnZn:PAW_PBE/AB_cF8_225_a_b.AB:POCC_P0-1xC_P1-0.25xA-0.25xB-0.25xD-0.25xE,-3.0807191791072253,0.2785887928644594,0.4160855531018,10.74231396593,0.1768831937767,0.1210290965389,0
Ca_svMn_pvOSr_svTi_sv:PAW_PBE/AB_cF8_225_a_b.AB:POCC_P0-1xC_P1-0.25xA-0.25xB-0.25xD-0.25xE,1.6017656705186265,0.5873029430946158,0.2057503037665,14.30277116028,0.1918747726954,0.1020324834661,0
CdCoMg_pvOZn:PAW_PBE/AB_cF8_225_a_b.AB:POCC_P0-1xD_P1-0.25xA-0.25xB-0.25xC-0.25xE,-3.0484677506666875,1.138128847295166,0.3491135202194,6.781234272865,0.07497899889891,0.06527319846428,0
CoMg_pvMn_pvOV_sv:PAW_PBE/AB_cF8_225_a_b.AB:POCC_P0-1xD_P1-0.25xA-0.25xB-0.25xC-0.25xE,-2.1694974303834718,0.30863812197348145,0.2216657111508,9.992212325648,0.05771060328803,0.03312873880068,0
CoFe_pvMn_pvOZn:PAW_PBE/AB_cF8_225_a_b.AB:POCC_P0-1xD_P1-0.25xA-0.25xB-0.25xC-0.25xE,-5.16425749845654,0.19545703822225097,0.2024504569024,6.885355267319,0.06496230667333,0.04319547325539,0
CdMg_pvOSnSr_sv:PAW_PBE/AB_cF8_225_a_b.AB:POCC_P0-1xC_P1-0.25xA-0.25xB-0.25xD-0.25xE,3.3082315392160058,-1.3445711582267161,0.6576410019912,28.23195737318,0.1476425133536,0.09886360136891,0
Cu_pvMg_pvNi_pvOZn:PAW_PBE/AB_cF8_225_a_b.AB:POCC_P0-1xD_P1-0.25xA-0.25xB-0.25xC-0.25xE,-6.008131277489416,6.758806019032981,0.3562137700876,2.906454517911,0.04945195167277,0.03751534678189,0
Ca_svCdMg_pvOZn:PAW_PBE/AB_cF8_225_a_b.AB:POCC_P0-1xD_P1-0.25xA-0.25xB-0.25xC-0.25xE,1.1904231010181625,-0.09075696220240632,0.4723152416554,18.23491689915,0.05251220398729,0.02463822665885,0
CoMg_pvOSnSr_sv:PAW_PBE/AB_cF8_225_a_b.AB:POCC_P0-1xC_P1-0.25xA-0.25xB-0.25xD-0.25xE,4.6324141406318775,-0.8361275282637554,0.6462733071232,28.7571485982,0.1623521322568,0.07975377873615,0
CdMg_pvOTi_svV_sv:PAW_PBE/AB_cF8_225_a_b.AB:POCC_P0-1xC_P1-0.25xA-0.25xB-0.25xD-0.25xE,-5.202406121896331,-4.578512257476063,0.3149471185771,11.97330559893,0.03560871843579,0.0329818517903,0
Mg_pvNb_svOV_svZn:PAW_PBE/AB_cF8_225_a_b.AB:POCC_P0-1xC_P1-0.25xA-0.25xB-0.25xD-0.25xE,-1.3786956567544206,-1.2633383423588889,0.3538195161378,18.74534595138,0.2344218343121,0.1084827069757,0
Cu_pvNb_svOSnTi_sv:PAW_PBE/AB_cF8_225_a_b.AB:POCC_P0-1xC_P1-0.25xA-0.25xB-0.25xD-0.25xE,-1.0346125540247593,-1.9593228366240427,0.5906496423431,21.19737675976,0.3560646252743,0.07957868025604,0
CdMn_pvOV_svZn:PAW_PBE/AB_cF8_225_a_b.AB:POCC_P0-1xC_P1-0.25xA-0.25xB-0.25xD-0.25xE,-3.0375611507750153,0.45263837507899235,0.305486804134,9.738640565727,0.07479099541135,0.05476169602273,0
CoMn_pvOSnSr_sv:PAW_PBE/AB_cF8_225_a_b.AB:POCC_P0-1xC_P1-0.25xA-0.25xB-0.25xD-0.25xE,4.624877348955621,0.05553139660068331,0.5907715294426,26.11467095123,0.1772251234075,0.07611835327812,0
Ca_svCdOV_svZn:PAW_PBE/AB_cF8_225_a_b.AB:POCC_P0-1xC_P1-0.25xA-0.25xB-0.25xD-0.25xE,1.0912929490685164,0.5173462671231736,0.4450162918366,15.45307716314,0.07750043227791,0.0503202383896,0
Mg_pvMn_pvNb_svOSn:PAW_PBE/AB_cF8_225_a_b.AB:POCC_P0-1xD_P1-0.25xA-0.25xB-0.25xC-0.25xE,-1.2397763882651733,-2.437636250488645,0.6003854491075,21.03395114936,0.1081953659719,0.05895563696705,0
Ca_svFe_pvOSnSr_sv:PAW_PBE/AB_cF8_225_a_b.AB:POCC_P0-1xC_P1-0.25xA-0.25xB-0.25xD-0.25xE,4.232150038620729,-0.9158016423747529,0.6797556086565,25.20083621454,0.1877136298557,0.1216121724167,0
CdCoMn_pvOZn:PAW_PBE/AB_cF8_225_a_b.AB:POCC_P0-1xD_P1-0.25xA-0.25xB-0.25xC-0.25xE,-3.318274238652266,1.769892581731122,0.2045976233977,6.978242045829,0.08959161653775,0.06830613303098,0
CoMn_pvOSnZn:PAW_PBE/AB_cF8_225_a_b.AB:POCC_P0-1xC_P1-0.25xA-0.25xB-0.25xD-0.25xE,-2.8923015866987023,0.17408849755778916,0.4392245297112,11.03000817541,0.1232162057348,0.1004163840855,0
Ca_svFe_pvNb_svOSn:PAW_PBE/AB_cF8_225_a_b.AB:POCC_P0-1xD_P1-0.25xA-0.25xB-0.25xC-0.25xE,1.7821047578155107,-1.202178133248203,0.6375932774897,20.91724646474,0.2505931115055,0.06375154638469,0
Mn_pvOSnSr_svZn:PAW_PBE/AB_cF8_225_a_b.AB:POCC_P0-1xB_P1-0.25xA-0.25xC-0.25xD-0.25xE,4.570694946051702,-0.0630997576114674,0.6052918201165,27.99695259753,0.1720373736123,0.0658949346782,0
CdCoFe_pvOZn:PAW_PBE/AB_cF8_225_a_b.AB:POCC_P0-1xD_P1-0.25xA-0.25xB-0.25xC-0.25xE,-4.1030196069319915,2.0389004797237162,0.1681240241607,6.051594026713,0.1312651253792,0.08690983061918,0
CdMg_pvNi_pvOZn:PAW_PBE/AB_cF8_225_a_b.AB:POCC_P0-1xD_P1-0.25xA-0.25xB-0.25xC-0.25xE,-2.9422565510144967,1.353040641891836,0.3534943422461,6.462224944306,0.04905090857311,0.02127169755248,0
Mn_pvNb_svOSnTi_sv:PAW_PBE/AB_cF8_225_a_b.AB:POCC_P0-1xC_P1-0.25xA-0.25xB-0.25xD-0.25xE,-2.216646157843463,-2.493281296162681,0.5904667645177,18.89239518984,0.1958782781401,0.1440769901497,0
Ca_svCdMg_pvOSr_sv:PAW_PBE/AB_cF8_225_a_b.AB:POCC_P0-1xD_P1-0.25xA-0.25xB-0.25xC-0.25xE,1.9849766133069444,-0.6653133242617204,0.3806303981555,22.20819524053,0.06082229013999,0.02770506546985,0
Ca_svCdMn_pvOSn:PAW_PBE/AB_cF8_225_a_b.AB:POCC_P0-1xD_P1-0.25xA-0.25xB-0.25xC-0.25xE,1.3175744726889878,-0.5502807049151602,0.6223975317271,18.50938461756,0.1238249349561,0.108717573676,0
CdOSnSr_svZn:PAW_PBE/AB_cF8_225_a_b.AB:POCC_P0-1xB_P1-0.25xA-0.25xC-0.25xD-0.25xE,3.996302460515662,-0.09116877944140218,0.5778249626833,28.29543362516,0.1422285072509,0.07371541867755,0
CdMn_pvNi_pvOSn:PAW_PBE/AB_cF8_225_a_b.AB:POCC_P0-1xD_P1-0.25xA-0.25xB-0.25xC-0.25xE,-2.6878665513665174,0.44255492161652765,0.4263554854813,10.93638693908,0.1646680122901,0.112734502058,0
Nb_svOSnTi_svV_sv:PAW_PBE/AB_cF8_225_a_b.AB:POCC_P0-1xB_P1-0.25xA-0.25xC-0.25xD-0.25xE,-2.637757075573651,-3.1670252392734057,0.6121984972213,18.41747389485,0.199137243607,0.1106598597595,0
Ca_svFe_pvNb_svOSr_sv:PAW_PBE/AB_cF8_225_a_b.AB:POCC_P0-1xD_P1-0.25xA-0.25xB-0.25xC-0.25xE,2.1998874919884766,0.6109739448777718,0.2531752110693,14.82413960331,0.2148382928366,0.08765330652952,0
CdOTi_svV_svZn:PAW_PBE/AB_cF8_225_a_b.AB:POCC_P0-1xB_P1-0.25xA-0.25xC-0.25xD-0.25xE,-2.8257733787915464,-0.46112946547233385,0.3779599019737,12.08527966067,0.06787998334309,0.02503759299185,0
OSnSr_svTi_svV_sv:PAW_PBE/AB_cF8_225_a_b.AB:POCC_P0-1xA_P1-0.25xB-0.25xC-0.25xD-0.25xE,2.920327132400107,-1.1313129398484085,0.6533391156207,23.28650159225,0.2446574663607,0.04539326749281,0
Ca_svCdMg_pvOV_sv:PAW_PBE/AB_cF8_225_a_b.AB:POCC_P0-1xD_P1-0.25xA-0.25xB-0.25xC-0.25xE,-0.024019017884484985,-0.41359127226867437,0.3600548569316,15.35349634326,0.05379791498887,0.02611693391123,0
Mg_pvMn_pvOV_svZn:PAW_PBE/AB_cF8_225_a_b.AB:POCC_P0-1xC_P1-0.25xA-0.25xB-0.25xD-0.25xE,-2.1053183143063623,-0.29021249187021886,0.3451264261108,12.04664506599,0.05540021421649,0.04017710557699,0
CdCoMg_pvNi_pvO:PAW_PBE/AB_cF8_225_a_b.AB:POCC_P0-1xE_P1-0.25xA-0.25xB-0.25xC-0.25xD,-3.1250770762088385,1.9252252479115124,0.3060338012377,5.540196451583,0.07816649400483,0.05561399451844,0
Fe_pvMg_pvOSr_svZn:PAW_PBE/AB_cF8_225_a_b.AB:POCC_P0-1xC_P1-0.25xA-0.25xB-0.25xD-0.25xE,4.1420967580912755,0.37002408267076464,0.4006248244929,26.06593399882,0.1239491422864,0.04686572728005,0
CoFe_pvOSnSr_sv:PAW_PBE/AB_cF8_225_a_b.AB:POCC_P0-1xC_P1-0.25xA-0.25xB-0.25xD-0.25xE,4.697679842005914,0.07598342873873606,0.582,26.55232350699,0.150327479939,0.09303654143612,0
CdFe_pvMg_pvOSr_sv:PAW_PBE/AB_cF8_225_a_b.AB:POCC_P0-1xD_P1-0.25xA-0.25xB-0.25xC-0.25xE,3.038149473406112,0.2288555379123738,0.3547614515417,23.36270280651,0.09856570313917,0.03424645547862,0
OSnTi_svV_svZn:PAW_PBE/AB_cF8_225_a_b.AB:POCC_P0-1xA_P1-0.25xB-0.25xC-0.25xD-0.25xE,-1.7004652173385988,-1.7924503283996513,0.6041321771765,17.75527390142,0.08656571828287,0.1388494277285,0
CdFe_pvMg_pvNi_pvO:PAW_PBE/AB_cF8_225_a_b.AB:POCC_P0-1xE_P1-0.25xA-0.25xB-0.25xC-0.25xD,-3.1095093385142634,1.5749017328390347,0.3033532388157,6.143935995121,0.164424347121,0.104099502755,0
Ca_svFe_pvMg_pvNi_pvO:PAW_PBE/AB_cF8_225_a_b.AB:POCC_P0-1xE_P1-0.25xA-0.25xB-0.25xC-0.25xD,2.2667022353681787,0.5808832589883306,0.349772068639,16.91018616683,0.0728013944048,0.03785659518676,0
Mg_pvMn_pvOSnTi_sv:PAW_PBE/AB_cF8_225_a_b.AB:POCC_P0-1xC_P1-0.25xA-0.25xB-0.25xD-0.25xE,-1.8227659791975526,-2.135964902980175,0.6209916968044,16.53240840462,0.2996799981594,0.05859923763462,0
Ca_svMg_pvOSnZn:PAW_PBE/AB_cF8_225_a_b.AB:POCC_P0-1xC_P1-0.25xA-0.25xB-0.25xD-0.25xE,2.241507900136975,-1.189515163261927,0.6929442167303,22.16101755631,0.1658039994549,0.1148068686508,0
Ca_svFe_pvMg_pvOTi_sv:PAW_PBE/AB_cF8_225_a_b.AB:POCC_P0-1xD_P1-0.25xA-0.25xB-0.25xC-0.25xE,0.685832690054906,-0.12884641265500202,0.2391997073577,15.83271137315,0.1530501070977,0.08955214014778,0
OSnTc_pvTi_svV_sv:PAW_PBE/AB_cF8_225_a_b.AB:POCC_P0-1xA_P1-0.25xB-0.25xC-0.25xD-0.25xE,-2.6485701786431544,-2.728390704449671,0.5950653325476,16.48939534413,0.01570232766426,0.0,3
CdMn_pvNb_svOZn:PAW_PBE/AB_cF8_225_a_b.AB:POCC_P0-1xD_P1-0.25xA-0.25xB-0.25xC-0.25xE,-1.831389925665638,-0.056430195024178016,0.2989894437936,15.93970966705,0.09114660485101,0.08214888964076,0
CdOSnTi_svV_sv:PAW_PBE/AB_cF8_225_a_b.AB:POCC_P0-1xB_P1-0.25xA-0.25xC-0.25xD-0.25xE,-4.002943123539124,-4.211756950172265,0.5932849231187,15.55551992322,0.07124402886117,0.04073218645315,0
CdMg_pvOSnTi_sv:PAW_PBE/AB_cF8_225_a_b.AB:POCC_P0-1xC_P1-0.25xA-0.25xB-0.25xD-0.25xE,-4.352781072345719,-5.830867246933366,0.6271396873903,16.33902430668,0.05603290200816,0.05309219910667,0
Mg_pvMn_pvOSr_svV_sv:PAW_PBE/AB_cF8_225_a_b.AB:POCC_P0-1xC_P1-0.25xA-0.25xB-0.25xD-0.25xE,2.610639167737177,0.40114301695745663,0.1734003676467,21.54233008407,0.1135012157184,0.05674191396714,0
CdFe_pvNb_svOZn:PAW_PBE/AB_cF8_225_a_b.AB:POCC_P0-1xD_P1-0.25xA-0.25xB-0.25xC-0.25xE,-1.9421604872610907,-0.10847770135814912,0.2852405782844,16.2953720647,0.3958338123544,0.1690123616883,0
Ca_svCoNi_pvOSr_sv:PAW_PBE/AB_cF8_225_a_b.AB:POCC_P0-1xD_P1-0.25xA-0.25xB-0.25xC-0.25xE,5.240034092384341,1.290612398596604,0.3873101954506,21.45440256705,0.1632532926478,0.06439505814489,0
Ca_svCdNb_svOTi_sv:PAW_PBE/AB_cF8_225_a_b.AB:POCC_P0-1xD_P1-0.25xA-0.25xB-0.25xC-0.25xE,-1.0554493962307414,-0.07545961943792538,0.3537360421275,10.65202657679,0.05909245002076,0.005951585312097,0
CdMg_pvNi_pvOSn:PAW_PBE/AB_cF8_225_a_b.AB:POCC_P0-1xD_P1-0.25xA-0.25xB-0.25xC-0.25xE,-2.8178809446855313,-0.30524371124152133,0.5437822978914,9.487310669204,0.1332301344818,0.1075853034181,0
Cu_pvFe_pvMg_pvNi_pvO:PAW_PBE/AB_cF8_225_a_b.AB:POCC_P0-1xE_P1-0.25xA-0.25xB-0.25xC-0.25xD,-3.598384599549737,2.148941516492494,0.3082785874822,5.480545823694,0.06017698190457,0.04279586212492,0
Ca_svCu_pvMg_pvOZn:PAW_PBE/AB_cF8_225_a_b.AB:POCC_P0-1xD_P1-0.25xA-0.25xB-0.25xC-0.25xE,2.362632998752357,0.24758993366945098,0.4766279340324,19.50918233654,0.08134874866286,0.05932286285118,0
CdMg_pvOTi_svZn:PAW_PBE/AB_cF8_225_a_b.AB:POCC_P0-1xC_P1-0.25xA-0.25xB-0.25xD-0.25xE,-2.2434912603200585,-0.7521918701059389,0.4148496715679,13.68886719899,0.1030373470455,0.02198840448471,0
CdFe_pvMg_pvNb_svO:PAW_PBE/AB_cF8_225_a_b.AB:POCC_P0-1xE_P1-0.25xA-0.25xB-0.25xC-0.25xD,-2.233544275645839,-1.0834444365460223,0.2987108760993,16.20723864463,0.1253353768449,0.05534017323313,0
Cu_pvFe_pvOV_svZn:PAW_PBE/AB_cF8_225_a_b.AB:POCC_P0-1xC_P1-0.25xA-0.25xB-0.25xD-0.25xE,-4.329481748439826,-0.526005939551674,0.296044232337,11.03945688926,0.2863598599017,0.1512788609615,0
Ca_svMn_pvNb_svOTi_sv:PAW_PBE/AB_cF8_225_a_b.AB:POCC_P0-1xD_P1-0.25xA-0.25xB-0.25xC-0.25xE,-1.3044913602623045,-0.029114231446211204,0.1966232120071,9.49009649429,0.1549350383131,0.05729684142197,0
CoFe_pvNi_pvOSr_sv:PAW_PBE/AB_cF8_225_a_b.AB:POCC_P0-1xD_P1-0.25xA-0.25xB-0.25xC-0.25xE,4.804597445072383,1.7009936016382563,0.3008388272813,22.6431741283,0.2321364595283,0.098493100401,0
Ca_svFe_pvMn_pvOSn:PAW_PBE/AB_cF8_225_a_b.AB:POCC_P0-1xD_P1-0.25xA-0.25xB-0.25xC-0.25xE,1.8546457865160215,-0.5186027708077373,0.617586178197,18.57226352391,0.174666814786,0.101876499441,0
Ca_svCdNb_svOZn:PAW_PBE/AB_cF8_225_a_b.AB:POCC_P0-1xD_P1-0.25xA-0.25xB-0.25xC-0.25xE,1.2207836186549041,0.20197616369894456,0.4421136731656,17.7541839241,0.1788982606527,0.09350414042471,0
Ni_pvOSnSr_svZn:PAW_PBE/AB_cF8_225_a_b.AB:POCC_P0-1xB_P1-0.25xA-0.25xC-0.25xD-0.25xE,5.148785316411295,0.2762899112062059,0.579203494033,29.31791271014,0.232385215475,0.1267883603062,0
Ca_svCoMg_pvOSn:PAW_PBE/AB_cF8_225_a_b.AB:POCC_P0-1xD_P1-0.25xA-0.25xB-0.25xC-0.25xE,2.457120146010083,-1.0084614749809124,0.6665429468534,20.9247940302,0.1201566164559,0.1014071273598,0
Ca_svMg_pvMn_pvOSr_sv:PAW_PBE/AB_cF8_225_a_b.AB:POCC_P0-1xD_P1-0.25xA-0.25xB-0.25xC-0.25xE,2.5349482762277065,0.007469818510231423,0.2063988856559,21.60438912147,0.1070086504958,0.0559059207771,0
CoFe_pvMn_pvNi_pvO:PAW_PBE/AB_cF8_225_a_b.AB:POCC_P0-1xE_P1-0.25xA-0.25xB-0.25xC-0.25xD,-6.317220449626213,2.1761043729440233,0.120747670785,4.39322922606,0.06037116628199,0.0325667428014,0
CdMn_pvNb_svOTi_sv:PAW_PBE/AB_cF8_225_a_b.AB:POCC_P0-1xD_P1-0.25xA-0.25xB-0.25xC-0.25xE,-3.3865417731637133,-0.7091836941564286,0.2784869835378,11.17404963088,0.02890820512662,0.002775831161793,0
Nb_svOSnTc_pvZn:PAW_PBE/AB_cF8_225_a_b.AB:POCC_P0-1xB_P1-0.25xA-0.25xC-0.25xD-0.25xE,-0.47927855285285864,-1.408877906904499,0.5323731656461,22.21334467643,0.1658195324487,0.07767195687411,3
Fe_pvNb_svOSnV_sv:PAW_PBE/AB_cF8_225_a_b.AB:POCC_P0-1xC_P1-0.25xA-0.25xB-0.25xD-0.25xE,-2.0627213030209064,-2.252859845974081,0.5627459462315,18.99270898145,0.08849940009512999,0.09472017660251,0
Ca_svFe_pvOSr_svTi_sv:PAW_PBE/AB_cF8_225_a_b.AB:POCC_P0-1xC_P1-0.25xA-0.25xB-0.25xD-0.25xE,2.2878858862841627,0.5642081763220222,0.2497072035405,15.49558106612,0.2038985299818,0.09289977712752,0
Mg_pvOSnTi_svZn:PAW_PBE/AB_cF8_225_a_b.AB:POCC_P0-1xB_P1-0.25xA-0.25xC-0.25xD-0.25xE,-1.2866548202737254,-1.8510683006294542,0.6393686338882,17.14986255185,0.2251200236916,0.07851894094103,0
Ca_svFe_pvNi_pvOSr_sv:PAW_PBE/AB_cF8_225_a_b.AB:POCC_P0-1xD_P1-0.25xA-0.25xB-0.25xC-0.25xE,4.670521864197022,1.0992685672129812,0.3665551629701,20.60760381289,0.1347795554856,0.03944955204446,0
CdNb_svOSr_svTi_sv:PAW_PBE/AB_cF8_225_a_b.AB:POCC_P0-1xC_P1-0.25xA-0.25xB-0.25xD-0.25xE,1.0652149283759011,0.30186782027983167,0.3322453912397,15.30880263435,0.05414426984299,0.01236872861764,0
Fe_pvMg_pvOSnSr_sv:PAW_PBE/AB_cF8_225_a_b.AB:POCC_P0-1xC_P1-0.25xA-0.25xB-0.25xD-0.25xE,4.134576430839091,-1.1042643452400291,0.6447151987506,28.30859305109,0.1758799104053,0.06199579898768,0
CdCoNi_pvOSn:PAW_PBE/AB_cF8_225_a_b.AB:POCC_P0-1xD_P1-0.25xA-0.25xB-0.25xC-0.25xE,-3.6179211410299676,0.6895231612516111,0.3731313441672,9.471708516292,0.1590517239313,0.1286373294637,0
Mg_pvNb_svOSr_svZn:PAW_PBE/AB_cF8_225_a_b.AB:POCC_P0-1xC_P1-0.25xA-0.25xB-0.25xD-0.25xE,3.300754763472454,-0.17650858177557044,0.3932534170227,25.62297734675,0.1490022849648,0.09085675090586,0
CdFe_pvOSnZn:PAW_PBE/AB_cF8_225_a_b.AB:POCC_P0-1xC_P1-0.25xA-0.25xB-0.25xD-0.25xE,-3.342314365418722,0.2666887480289631,0.3844895154617,10.68699393284,0.2454845287004,0.1312722025063,0
CdMg_pvOSnV_sv:PAW_PBE/AB_cF8_225_a_b.AB:POCC_P0-1xC_P1-0.25xA-0.25xB-0.25xD-0.25xE,-4.610672362073888,-4.3552968783461505,0.6050633747799,14.52795930285,0.03362417579939,0.03595074456772,0
Mn_pvNi_pvOV_svZn:PAW_PBE/AB_cF8_225_a_b.AB:POCC_P0-1xC_P1-0.25xA-0.25xB-0.25xD-0.25xE,-3.3830392532257667,-0.07787146439497415,0.2911240070829,10.64422972852,0.1140049016456,0.1206648829081,0
CdMg_pvOSr_svZn:PAW_PBE/AB_cF8_225_a_b.AB:POCC_P0-1xC_P1-0.25xA-0.25xB-0.25xD-0.25xE,3.342979966820488,0.09770555279605588,0.4483394361419,25.97945446807,0.1053454074681,0.05169717513499,0
Nb_svNi_pvOSnTi_sv:PAW_PBE/AB_cF8_225_a_b.AB:POCC_P0-1xC_P1-0.25xA-0.25xB-0.25xD-0.25xE,-0.6668573748016446,-1.711139839970983,0.5850230764679,20.52639581754,0.07489865561861,0.0,0
CdCoNi_pvOZn:PAW_PBE/AB_cF8_225_a_b.AB:POCC_P0-1xD_P1-0.25xA-0.25xB-0.25xC-0.25xE,-4.386855360122432,2.312941907796558,0.1191582456232,5.658137022029,0.09021922212924,0.08254517749803,0
Mg_pvOSnV_svZn:PAW_PBE/AB_cF8_225_a_b.AB:POCC_P0-1xB_P1-0.25xA-0.25xC-0.25xD-0.25xE,-1.7588951847581438,-1.583097040226626,0.6163183025029,14.90857413827,0.2467264448235,0.07974760470281,0
Ca_svFe_pvMg_pvOZn:PAW_PBE/AB_cF8_225_a_b.AB:POCC_P0-1xD_P1-0.25xA-0.25xB-0.25xC-0.25xE,1.9848845483382784,0.20164266920455873,0.4234898906704,18.27696754835,0.05117665612016,0.02190901501318,0
Ca_svCdFe_pvOSn:PAW_PBE/AB_cF8_225_a_b.AB:POCC_P0-1xD_P1-0.25xA-0.25xB-0.25xC-0.25xE,1.4013489669169537,-0.5316107912341697,0.6128565798782,18.74591733281,0.17453777848,0.1239067022262,0
Ca_svMn_pvNb_svOV_sv:PAW_PBE/AB_cF8_225_a_b.AB:POCC_P0-1xD_P1-0.25xA-0.25xB-0.25xC-0.25xE,-0.5921833240493146,0.4093275772957423,0.1941009724345,10.05906079542,0.1660460675795,0.07319992835783,0
CdFe_pvNi_pvOSr_sv:PAW_PBE/AB_cF8_225_a_b.AB:POCC_P0-1xD_P1-0.25xA-0.25xB-0.25xC-0.25xE,3.9446037221676455,1.4255516875610834,0.3378919945781,21.87900553391,0.125621569205,0.04303010887035,0
Ca_svMg_pvNb_svOTi_sv:PAW_PBE/AB_cF8_225_a_b.AB:POCC_P0-1xD_P1-0.25xA-0.25xB-0.25xC-0.25xE,-0.6382935135552545,-0.6624284970986344,0.1235495851875,15.90114188065,0.1401007498782,0.04606197645877,0
Ca_svCoMg_pvOSr_sv:PAW_PBE/AB_cF8_225_a_b.AB:POCC_P0-1xD_P1-0.25xA-0.25xB-0.25xC-0.25xE,3.8775154987085814,0.2128251050278661,0.2971270771909,23.13313867228,0.1126044709907,0.05473392170251,0
Mg_pvOSr_svTi_svZn:PAW_PBE/AB_cF8_225_a_b.AB:POCC_P0-1xB_P1-0.25xA-0.25xC-0.25xD-0.25xE,3.224341026499912,-0.17595868346232518,0.403177690355,25.03157073875,0.1808564662554,0.07927315089888,0
CdMg_pvMn_pvNb_svO:PAW_PBE/AB_cF8_225_a_b.AB:POCC_P0-1xE_P1-0.25xA-0.25xB-0.25xC-0.25xD,-2.2911421020304368,-0.9780623393537885,0.2914595812458,15.84744352572,0.1243504354815,0.0572110121015,0
Fe_pvMn_pvOSr_svZn:PAW_PBE/AB_cF8_225_a_b.AB:POCC_P0-1xC_P1-0.25xA-0.25xB-0.25xD-0.25xE,4.124642428316015,1.2161998058306651,0.3546014488126,23.0166253717,0.1357824122396,0.06311834597922,0
CdFe_pvMg_pvOZn:PAW_PBE/AB_cF8_225_a_b.AB:POCC_P0-1xD_P1-0.25xA-0.25xB-0.25xC-0.25xE,-3.0726273309312053,0.8151050826506787,0.3509647418189,7.517125988916,0.08455687711414,0.08138457541623,0
Ca_svMn_pvNi_pvOSr_sv:PAW_PBE/AB_cF8_225_a_b.AB:POCC_P0-1xD_P1-0.25xA-0.25xB-0.25xC-0.25xE,4.3500730723482315,1.1201002482173745,0.350842111925,19.7903336729,0.1275201695531,0.04193981110264,0
CdMn_pvNb_svOSr_sv:PAW_PBE/AB_cF8_225_a_b.AB:POCC_P0-1xD_P1-0.25xA-0.25xB-0.25xC-0.25xE,2.0645331953098713,0.7338881617899726,0.3168974597563,17.70478249891,0.1868555148014,0.07979654971041,0
CdCu_pvFe_pvMg_pvO:PAW_PBE/AB_cF8_225_a_b.AB:POCC_P0-1xE_P1-0.25xA-0.25xB-0.25xC-0.25xD,-3.8034624840419733,0.8920285342220103,0.3245314892272,6.718301684291,0.1484411572793,0.08054740935619,0
Ca_svOSnTi_svV_sv:PAW_PBE/AB_cF8_225_a_b.AB:POCC_P0-1xB_P1-0.25xA-0.25xC-0.25xD-0.25xE,0.8362845079865194,-1.530994746082012,0.670351913177,18.17038972299,0.2446403233606,0.06620294623331,0
Fe_pvMg_pvMn_pvNi_pvO:PAW_PBE/AB_cF8_225_a_b.AB:POCC_P0-1xE_P1-0.25xA-0.25xB-0.25xC-0.25xD,-2.8298319369446476,1.3021738801324183,0.2516697985456,7.086522967016,0.03418883193286,0.01244388436002,0
CdFe_pvNi_pvOSn:PAW_PBE/AB_cF8_225_a_b.AB:POCC_P0-1xD_P1-0.25xA-0.25xB-0.25xC-0.25xE,-3.4898187027425194,0.502024944691157,0.3978894318778,10.04520088515,0.1778964618199,0.1082393520548,0
CdMg_pvOV_svZn:PAW_PBE/AB_cF8_225_a_b.AB:POCC_P0-1xC_P1-0.25xA-0.25xB-0.25xD-0.25xE,-2.6338164905683037,-0.4725679301083485,0.3915459743121,11.7519920189,0.04875832869938,0.02669728720147,0
Ca_svMg_pvMn_pvOTi_sv:PAW_PBE/AB_cF8_225_a_b.AB:POCC_P0-1xD_P1-0.25xA-0.25xB-0.25xC-0.25xE,0.22726178971649716,-0.07648866906795453,0.1958149636774,15.25623152677,0.1044588827003,0.06595313728372,0
CoCu_pvFe_pvNi_pvO:PAW_PBE/AB_cF8_225_a_b.AB:POCC_P0-1xE_P1-0.25xA-0.25xB-0.25xC-0.25xD,-10.861172425449599,0.5264815557975525,0.120747670785,4.224058305085,0.1270548685105,0.1089947110012,0
Ca_svCdNb_svOSn:PAW_PBE/AB_cF8_225_a_b.AB:POCC_P0-1xD_P1-0.25xA-0.25xB-0.25xC-0.25xE,0.9307262223745975,-1.4308779854300748,0.64802715028,20.80601814581,0.06794256449839,0.008372222929294,0
Fe_pvMg_pvNb_svOSn:PAW_PBE/AB_cF8_225_a_b.AB:POCC_P0-1xD_P1-0.25xA-0.25xB-0.25xC-0.25xE,-1.3323792152379264,-2.5000611656178147,0.5954747580712,21.13789112587,0.05127854929423,0.02250364207339,0
Cu_pvMg_pvOV_svZn:PAW_PBE/AB_cF8_225_a_b.AB:POCC_P0-1xC_P1-0.25xA-0.25xB-0.25xD-0.25xE,-1.9663493614239453,-0.2618007657709654,0.395712332383,12.19566514333,0.1375879654603,0.07163842342907,0
Fe_pvMg_pvNb_svOSr_sv:PAW_PBE/AB_cF8_225_a_b.AB:POCC_P0-1xD_P1-0.25xA-0.25xB-0.25xC-0.25xE,2.8338527704472276,0.16636665598348388,0.2158418112878,22.43213121776,0.2597908256375,0.1108404796082,0
Ca_svOSnSr_svTi_sv:PAW_PBE/AB_cF8_225_a_b.AB:POCC_P0-1xB_P1-0.25xA-0.25xC-0.25xD-0.25xE,2.9181498790149876,-1.5695424407738539,0.6989861854858,23.01189342283,0.2243251700031,0.08202372380953,0
CdMg_pvOSnZn:PAW_PBE/AB_cF8_225_a_b.AB:POCC_P0-1xC_P1-0.25xA-0.25xB-0.25xD-0.25xE,-3.080027778406102,-0.5550303026985302,0.5460844714877,9.477395254715,0.1906796648591,0.1231822781668,0
Ca_svCdNb_svOSr_sv:PAW_PBE/AB_cF8_225_a_b.AB:POCC_P0-1xD_P1-0.25xA-0.25xB-0.25xC-0.25xE,1.1274303254511224,0.08745287263361286,0.3729231656789,14.57897119153,0.1663379259019,0.06818165782874,0
CdFe_pvOSnTi_sv:PAW_PBE/AB_cF8_225_a_b.AB:POCC_P0-1xC_P1-0.25xA-0.25xB-0.25xD-0.25xE,-2.7203057075653283,-1.4480461135640816,0.5428812024744,14.79882541992,0.06561260363896,0.01903870731089,0
Fe_pvNb_svOSnZn:PAW_PBE/AB_cF8_225_a_b.AB:POCC_P0-1xC_P1-0.25xA-0.25xB-0.25xD-0.25xE,-1.2049526249556555,-1.3960317415727606,0.510877859669,21.19908301583,0.3735154835203,0.03839606360734,0
Cu_pvNb_svOSnV_sv:PAW_PBE/AB_cF8_225_a_b.AB:POCC_P0-1xC_P1-0.25xA-0.25xB-0.25xD-0.25xE,-1.2890341617940122,-1.837359355094579,0.5648291777166,20.73446330206,0.3095979478146,0.04938028833315,0
CdNb_svOTi_svV_sv:PAW_PBE/AB_cF8_225_a_b.AB:POCC_P0-1xC_P1-0.25xA-0.25xB-0.25xD-0.25xE,-4.646060589756599,-1.4269890872005841,0.2887680730275,9.86266886687,0.06455632283764,0.004149092056436,0
CdFe_pvMn_pvNi_pvO:PAW_PBE/AB_cF8_225_a_b.AB:POCC_P0-1xE_P1-0.25xA-0.25xB-0.25xC-0.25xD,-4.491440697775431,3.485870941164944,0.164544826719,4.247090901058,0.09878379762065,0.1055434328896,0
Ca_svFe_pvOSnTi_sv:PAW_PBE/AB_cF8_225_a_b.AB:POCC_P0-1xC_P1-0.25xA-0.25xB-0.25xD-0.25xE,1.5803403813502366,-1.0976796831451359,0.6562782851047,19.05342064466,0.3469891289931,0.2531227532823,0
Ca_svCdMg_pvNi_pvO:PAW_PBE/AB_cF8_225_a_b.AB:POCC_P0-1xE_P1-0.25xA-0.25xB-0.25xC-0.25xD,1.6575462878390488,0.32379251298402684,0.4175218557154,16.85388552954,0.05577079467708,0.02031463719226,0
Ca_svMg_pvNb_svOSr_sv:PAW_PBE/AB_cF8_225_a_b.AB:POCC_P0-1xD_P1-0.25xA-0.25xB-0.25xC-0.25xE,1.1856366112128376,-0.4131824385093242,0.127622490181,19.45260185419,0.09340563561999,0.02657929101655,0
Mg_pvNi_pvOSnZn:PAW_PBE/AB_cF8_225_a_b.AB:POCC_P0-1xC_P1-0.25xA-0.25xB-0.25xD-0.25xE,-3.910025752040053,2.6896791558396793,0.5483960703725,6.24118798104,0.1017191736867,0.06360210852411,0
Mg_pvMn_pvOSnSr_sv:PAW_PBE/AB_cF8_225_a_b.AB:POCC_P0-1xC_P1-0.25xA-0.25xB-0.25xD-0.25xE,3.9477983505240744,-1.138952578520381,0.646544807032,27.93206751445,0.1749428597897,0.0756824297,0
Fe_pvMg_pvNi_pvOSr_sv:PAW_PBE/AB_cF8_225_a_b.AB:POCC_P0-1xD_P1-0.25xA-0.25xB-0.25xC-0.25xE,4.433945630531571,0.7348429993069389,0.3252732505141,24.70596131151,0.1414136334391,0.07472042884607,0
Ca_svMg_pvMn_pvOV_sv:PAW_PBE/AB_cF8_225_a_b.AB:POCC_P0-1xD_P1-0.25xA-0.25xB-0.25xC-0.25xE,0.4250171354531975,0.119204427509012,0.1993000250878,14.94387867587,0.04951010958426,0.03043348973785,0
CoCu_pvFe_pvOV_sv:PAW_PBE/AB_cF8_225_a_b.AB:POCC_P0-1xD_P1-0.25xA-0.25xB-0.25xC-0.25xE,-4.872057284784167,-0.24955547037939704,0.2338268590218,8.897633344031,0.3563279980879,0.2499613102847,0
Ca_svCoOSnSr_sv:PAW_PBE/AB_cF8_225_a_b.AB:POCC_P0-1xC_P1-0.25xA-0.25xB-0.25xD-0.25xE,4.8915214220563135,-0.5975887008659928,0.6829159446813,25.90156855231,0.1371518238887,0.1046653669013,0
Fe_pvMn_pvNi_pvOZn:PAW_PBE/AB_cF8_225_a_b.AB:POCC_P0-1xD_P1-0.25xA-0.25xB-0.25xC-0.25xE,-4.881880901665745,0.36216565919652527,0.207749097471,7.198133070337,0.04589441337017,0.07016397580045,0
Ca_svCoMg_pvMn_pvO:PAW_PBE/AB_cF8_225_a_b.AB:POCC_P0-1xE_P1-0.25xA-0.25xB-0.25xC-0.25xD,1.920754633026004,0.6452438965662762,0.2982758790114,16.0466116905,0.06081683910264,0.03904271753993,0
Ca_svNb_svOSnTi_sv:PAW_PBE/AB_cF8_225_a_b.AB:POCC_P0-1xC_P1-0.25xA-0.25xB-0.25xD-0.25xE,0.7594272465744907,-1.8557405896409915,0.6686398040051,19.44549021993,0.2653383852462,0.0302900166721,0
Ca_svCdOSr_svV_sv:PAW_PBE/AB_cF8_225_a_b.AB:POCC_P0-1xC_P1-0.25xA-0.25xB-0.25xD-0.25xE,1.7813613495406924,0.26241667642119787,0.3730337618769,15.95069640251,0.1725784280939,0.1124465873026,0
Ca_svMg_pvOSnTi_sv:PAW_PBE/AB_cF8_225_a_b.AB:POCC_P0-1xC_P1-0.25xA-0.25xB-0.25xD-0.25xE,1.185163891890144,-2.1256668759133976,0.687185928261,21.51986101876,0.2392581442072,0.08056214750047,0
Mn_pvNb_svOTi_svV_sv:PAW_PBE/AB_cF8_225_a_b.AB:POCC_P0-1xC_P1-0.25xA-0.25xB-0.25xD-0.25xE,-5.984009461667184,-2.0510758879127025,0.1168588892639,8.825679610742,0.1379131928164,0.08432622499684,0
Ca_svMg_pvNi_pvOSn:PAW_PBE/AB_cF8_225_a_b.AB:POCC_P0-1xD_P1-0.25xA-0.25xB-0.25xC-0.25xE,2.6112719676131246,-0.9411697755178973,0.6721699933797,21.25603337679,0.1166941610069,0.09916306128677,0
CdCu_pvOV_svZn:PAW_PBE/AB_cF8_225_a_b.AB:POCC_P0-1xC_P1-0.25xA-0.25xB-0.25xD-0.25xE,-2.890812803421528,0.4198486577104367,0.2975167012119,11.07208940273,0.154276432207,0.1007826391168,0
CdMg_pvNb_svOZn:PAW_PBE/AB_cF8_225_a_b.AB:POCC_P0-1xD_P1-0.25xA-0.25xB-0.25xC-0.25xE,-1.615119392726013,-1.0259270808428174,0.387696079423,18.68009842558,0.0572685831535,0.07109318421419,0
CdCoFe_pvOSn:PAW_PBE/AB_cF8_225_a_b.AB:POCC_P0-1xD_P1-0.25xA-0.25xB-0.25xC-0.25xE,-3.7250154871737626,0.3824145596949483,0.4124499969693,10.07103556561,0.1642603612315,0.1276784018879,0
Nb_svOSr_svTc_pvTi_sv:PAW_PBE/AB_cF8_225_a_b.AB:POCC_P0-1xB_P1-0.25xA-0.25xC-0.25xD-0.25xE,0.42645594596176273,1.0158029405434101,0.1603207722037,10.37193762713,0.3537247239031,0.1143433931179,3
Cu_pvNb_svOSnSr_sv:PAW_PBE/AB_cF8_225_a_b.AB:POCC_P0-1xC_P1-0.25xA-0.25xB-0.25xD-0.25xE,4.172443066671865,-0.5589708174784654,0.6255173858495,27.44659181359,0.5168053325037,0.1727484775263,0
Ca_svCdMg_pvOTi_sv:PAW_PBE/AB_cF8_225_a_b.AB:POCC_P0-1xD_P1-0.25xA-0.25xB-0.25xC-0.25xE,-0.278546829260537,-0.6704815553817918,0.3658203110818,15.71538875849,0.1210139337965,0.08115766913733,0
Ca_svNb_svOSr_svV_sv:PAW_PBE/AB_cF8_225_a_b.AB:POCC_P0-1xC_P1-0.25xA-0.25xB-0.25xD-0.25xE,0.6052929955718009,0.7369420576437593,0.1494730326848,10.69645267238,0.1631299745429,0.09937980162338,0
CdFe_pvNb_svOSn:PAW_PBE/AB_cF8_225_a_b.AB:POCC_P0-1xD_P1-0.25xA-0.25xB-0.25xC-0.25xE,-2.172943772492756,-1.660674048310325,0.5052682455884,19.14698875212,0.162275007168,0.02452526747574,0
CoMg_pvNi_pvOSr_sv:PAW_PBE/AB_cF8_225_a_b.AB:POCC_P0-1xD_P1-0.25xA-0.25xB-0.25xC-0.25xE,4.862837386753068,0.8957021994205031,0.3451871774849,25.25006888947,0.1872820037849,0.08211604754803,0
CoMn_pvOSr_svZn:PAW_PBE/AB_cF8_225_a_b.AB:POCC_P0-1xC_P1-0.25xA-0.25xB-0.25xD-0.25xE,4.587808948499843,1.4232826283291966,0.3621542316472,23.6412764971,0.1261532816635,0.06659588126999,0
Ca_svMn_pvOTi_svV_sv:PAW_PBE/AB_cF8_225_a_b.AB:POCC_P0-1xC_P1-0.25xA-0.25xB-0.25xD-0.25xE,-0.878605901100194,0.7169405196772626,0.1950466290403,8.459812840047,0.1101336132652,0.05995321465834,0
Ca_svCdCoMg_pvO:PAW_PBE/AB_cF8_225_a_b.AB:POCC_P0-1xE_P1-0.25xA-0.25xB-0.25xC-0.25xD,1.4496715506892937,0.3132231100426131,0.3957770837226,16.2620507263,0.05652462502871,0.02043168480097,0
Mn_pvOSr_svTi_svV_sv:PAW_PBE/AB_cF8_225_a_b.AB:POCC_P0-1xB_P1-0.25xA-0.25xC-0.25xD-0.25xE,1.77073015972147,0.9123424171437587,0.1670059879166,15.28019209542,0.1994500467371,0.1092881695135,0
CdOSr_svTi_svZn:PAW_PBE/AB_cF8_225_a_b.AB:POCC_P0-1xB_P1-0.25xA-0.25xC-0.25xD-0.25xE,2.9767246194566224,0.549682668998272,0.4381366082628,21.97583110821,0.1902537768634,0.08329488501151,0
Fe_pvNi_pvOSnZn:PAW_PBE/AB_cF8_225_a_b.AB:POCC_P0-1xC_P1-0.25xA-0.25xB-0.25xD-0.25xE,-3.8642729017353834,0.6893277879883046,0.3945011882111,9.260896871131,0.1761330696813,0.143610331184,0
Ca_svNb_svOSnSr_sv:PAW_PBE/AB_cF8_225_a_b.AB:POCC_P0-1xC_P1-0.25xA-0.25xB-0.25xD-0.25xE,2.818171272878206,-1.558080717653947,0.6880622700744,22.74173218986,0.1213719202256,0.03841911037889,0
CdMg_pvNb_svOV_sv:PAW_PBE/AB_cF8_225_a_b.AB:POCC_P0-1xD_P1-0.25xA-0.25xB-0.25xC-0.25xE,-3.1750143142127563,-1.9149364199113552,0.2991850388973,15.71541116073,0.2114561462484,0.1116980652709,0
Fe_pvNb_svOSnSr_sv:PAW_PBE/AB_cF8_225_a_b.AB:POCC_P0-1xC_P1-0.25xA-0.25xB-0.25xD-0.25xE,3.637384892889104,-0.7335333235365225,0.6157946086156,25.28225206981,0.2544841842241,0.04495635374876,0
Ca_svCu_pvMg_pvOV_sv:PAW_PBE/AB_cF8_225_a_b.AB:POCC_P0-1xD_P1-0.25xA-0.25xB-0.25xC-0.25xE,1.576285745098026,-0.014844401938180573,0.3682723177215,17.58084733324,0.1644938217346,0.09103881569215,0
Ca_svFe_pvMg_pvOSr_sv:PAW_PBE/AB_cF8_225_a_b.AB:POCC_P0-1xD_P1-0.25xA-0.25xB-0.25xC-0.25xE,3.1115536416718528,-0.018009335920605232,0.2515064611496,22.35142346358,0.1273956540461,0.05738633872993,0
Ca_svOSnSr_svZn:PAW_PBE/AB_cF8_225_a_b.AB:POCC_P0-1xB_P1-0.25xA-0.25xC-0.25xD-0.25xE,4.727569846188373,-0.8466987794332129,0.7111395784233,28.09021910907,0.167780929308,0.09149149816685,0
CdMn_pvOSr_svTi_sv:PAW_PBE/AB_cF8_225_a_b.AB:POCC_P0-1xC_P1-0.25xA-0.25xB-0.25xD-0.25xE,2.092662180557455,0.694747749247408,0.3349626844889,17.57179269208,0.1221112223141,0.1145274211838,0
Mn_pvNi_pvOSr_svZn:PAW_PBE/AB_cF8_225_a_b.AB:POCC_P0-1xC_P1-0.25xA-0.25xB-0.25xD-0.25xE,4.744162260948895,1.4401232318566635,0.375424010287,24.30654578391,0.1499291506248,0.06756505701451,0
CdOSr_svV_svZn:PAW_PBE/AB_cF8_225_a_b.AB:POCC_P0-1xB_P1-0.25xA-0.25xC-0.25xD-0.25xE,3.1569445192264753,0.7504456258032308,0.4175154937245,22.13974437287,0.1939398569256,0.122239877879,0
CoFe_pvMg_pvOSn:PAW_PBE/AB_cF8_225_a_b.AB:POCC_P0-1xD_P1-0.25xA-0.25xB-0.25xC-0.25xE,-2.912172129557864,-0.008171703110722146,0.5565372292129,9.688734181239,0.165544306823,0.0988122695152,0
Cu_pvOSnTi_svV_sv:PAW_PBE/AB_cF8_225_a_b.AB:POCC_P0-1xB_P1-0.25xA-0.25xC-0.25xD-0.25xE,-1.8662608730254606,-1.7363743527439681,0.5946360231268,17.09478091002,0.1516635177916,0.06350299343876,0
Ca_svMn_pvOSr_svZn:PAW_PBE/AB_cF8_225_a_b.AB:POCC_P0-1xC_P1-0.25xA-0.25xB-0.25xD-0.25xE,4.014008673400472,0.6644046643033492,0.4304979674749,21.69632360048,0.1283153107401,0.06391617463887,0
Mg_pvNb_svOTi_svV_sv:PAW_PBE/AB_cF8_225_a_b.AB:POCC_P0-1xC_P1-0.25xA-0.25xB-0.25xD-0.25xE,-3.599787256848186,-1.8426513004157015,0.07301840521403,14.88549579176,0.1942229840571,0.08808278399612,0
Ca_svCdMn_pvNi_pvO:PAW_PBE/AB_cF8_225_a_b.AB:POCC_P0-1xE_P1-0.25xA-0.25xB-0.25xC-0.25xD,1.6630290997891328,1.3076283916611526,0.3734617617642,13.65468491044,0.09508230860327,0.06435090370181,0
CoFe_pvOSnZn:PAW_PBE/AB_cF8_225_a_b.AB:POCC_P0-1xC_P1-0.25xA-0.25xB-0.25xD-0.25xE,-3.8989968599908056,0.42580208908112605,0.4113048595628,9.73105268642,0.1704689357812,0.106705917114,0
Mg_pvNb_svOSnSr_sv:PAW_PBE/AB_cF8_225_a_b.AB:POCC_P0-1xC_P1-0.25xA-0.25xB-0.25xD-0.25xE,3.285523520898508,-1.796269991575343,0.6583917431894,28.11187320238,0.08964829328217,0.05331119648722,0
CdFe_pvOSr_svZn:PAW_PBE/AB_cF8_225_a_b.AB:POCC_P0-1xC_P1-0.25xA-0.25xB-0.25xD-0.25xE,3.732832526109223,1.1351916415278056,0.3842260890413,23.44029201732,0.1322023376718,0.06176536801515,0
Ca_svFe_pvOSnZn:PAW_PBE/AB_cF8_225_a_b.AB:POCC_P0-1xC_P1-0.25xA-0.25xB-0.25xD-0.25xE,2.4846546409049566,-0.24295955905526198,0.6219778934978,20.76524300348,0.1728653292515,0.1039124650434,0
Mg_pvNb_svOTi_svZn:PAW_PBE/AB_cF8_225_a_b.AB:POCC_P0-1xC_P1-0.25xA-0.25xB-0.25xD-0.25xE,-1.3636374814377312,-1.4298426102471595,0.3684728619587,19.19891095692,0.18354267445,0.05292143827869,0
Ca_svCdMg_pvMn_pvO:PAW_PBE/AB_cF8_225_a_b.AB:POCC_P0-1xE_P1-0.25xA-0.25xB-0.25xC-0.25xD,0.5254537830986469,0.019832284495524207,0.3665944625877,15.42955331659,0.04837776512224,0.03479662871287,0
Nb_svOSnSr_svZn:PAW_PBE/AB_cF8_225_a_b.AB:POCC_P0-1xB_P1-0.25xA-0.25xC-0.25xD-0.25xE,4.138431140409247,-0.6326806183319482,0.635752850957,28.18458824061,0.1978305292272,0.03609738729963,0
Ca_svMg_pvOSnV_sv:PAW_PBE/AB_cF8_225_a_b.AB:POCC_P0-1xC_P1-0.25xA-0.25xB-0.25xD-0.25xE,1.340396499129708,-1.8695275888015295,0.6766738505366,20.99901356691,0.2035356493623,0.09091219204484,0
Ca_svCdFe_pvMg_pvO:PAW_PBE/AB_cF8_225_a_b.AB:POCC_P0-1xE_P1-0.25xA-0.25xB-0.25xC-0.25xD,0.7893766298888959,0.010787961228231639,0.3785875063971,15.77366839891,0.06103536797811,0.02725998691804,0
Ca_svCu_pvMn_pvOV_sv:PAW_PBE/AB_cF8_225_a_b.AB:POCC_P0-1xD_P1-0.25xA-0.25xB-0.25xC-0.25xE,1.469305866197626,0.8373408185901938,0.353395935885,13.98712098683,0.1739306914519,0.06658481687166,0
Ca_svMg_pvOSr_svZn:PAW_PBE/AB_cF8_225_a_b.AB:POCC_P0-1xC_P1-0.25xA-0.25xB-0.25xD-0.25xE,3.5447458961246894,-0.3881086898751742,0.4358774913895,25.5308133906,0.1009462517908,0.04796901282112,0
CdCoOSnSr_sv:PAW_PBE/AB_cF8_225_a_b.AB:POCC_P0-1xC_P1-0.25xA-0.25xB-0.25xD-0.25xE,4.1258191383719565,0.028950655104393788,0.5772798281596,26.46444378715,0.1952650440944,0.1536670067579,0
Mg_pvNb_svOSnTi_sv:PAW_PBE/AB_cF8_225_a_b.AB:POCC_P0-1xC_P1-0.25xA-0.25xB-0.25xD-0.25xE,-2.0928589605002923,-3.892440344833583,0.6358649129336,21.83075730989,0.2900552979804,0.03043189512594,0
CdMg_pvMn_pvNi_pvO:PAW_PBE/AB_cF8_225_a_b.AB:POCC_P0-1xE_P1-0.25xA-0.25xB-0.25xC-0.25xD,-2.551556591498177,1.3057957422138908,0.3078371119602,7.200922672277,0.1100525549029,0.104341994667,0
Mg_pvMn_pvNi_pvOSn:PAW_PBE/AB_cF8_225_a_b.AB:POCC_P0-1xD_P1-0.25xA-0.25xB-0.25xC-0.25xE,-1.9285465834551752,-0.19464902586954422,0.5669194717947,10.71875745934,0.1470170200588,0.08766946385863,0
CdNb_svOSnZn:PAW_PBE/AB_cF8_225_a_b.AB:POCC_P0-1xC_P1-0.25xA-0.25xB-0.25xD-0.25xE,-1.5184586107205715,-1.287741492013858,0.483005370053,21.16904217677,0.3977887012329,0.07499977455228,0
CdCoMn_pvNi_pvO:PAW_PBE/AB_cF8_225_a_b.AB:POCC_P0-1xE_P1-0.25xA-0.25xB-0.25xC-0.25xD,-4.002134571644983,3.402589124034525,0.1539480431834,4.475336372678,0.1570839440773,0.1295725628264,0
Ca_svFe_pvMn_pvOSr_sv:PAW_PBE/AB_cF8_225_a_b.AB:POCC_P0-1xD_P1-0.25xA-0.25xB-0.25xC-0.25xE,3.2260654474918455,0.8530582162810296,0.2804909757907,17.82360617407,0.141739696226,0.06314036870668,0
Ca_svOSnTi_svZn:PAW_PBE/AB_cF8_225_a_b.AB:POCC_P0-1xB_P1-0.25xA-0.25xC-0.25xD-0.25xE,2.1832449516413663,-0.9484036368193615,0.6835265174081,21.59026792378,0.1420426243623,0.09499500062895,0
Ca_svNb_svOSr_svTi_sv:PAW_PBE/AB_cF8_225_a_b.AB:POCC_P0-1xC_P1-0.25xA-0.25xB-0.25xD-0.25xE,-0.18953672886301573,0.6531509699080508,0.1310407856356,9.284352571341,0.1551836026736,0.0998500514239,0
CoFe_pvNi_pvOV_sv:PAW_PBE/AB_cF8_225_a_b.AB:POCC_P0-1xD_P1-0.25xA-0.25xB-0.25xC-0.25xE,-4.727191400239671,0.17556601072537373,0.2020494988858,7.924434725838,0.3048964928082,0.2566859557615,0
CdMg_pvMn_pvOSn:PAW_PBE/AB_cF8_225_a_b.AB:POCC_P0-1xD_P1-0.25xA-0.25xB-0.25xC-0.25xE,-5.788560082215958,-0.6492754495344419,0.5699286687823,11.66126596075,0.1902384632415,0.1361305061719,0
CoMg_pvOSr_svZn:PAW_PBE/AB_cF8_225_a_b.AB:POCC_P0-1xC_P1-0.25xA-0.25xB-0.25xD-0.25xE,4.57998549905216,0.557415800245031,0.4134274422435,26.56659243542,0.1687936575777,0.07560840794582,0
Ca_svOSnSr_svV_sv:PAW_PBE/AB_cF8_225_a_b.AB:POCC_P0-1xB_P1-0.25xA-0.25xC-0.25xD-0.25xE,3.3211097833402885,-1.319770389073072,0.689486901616,23.41502035472,0.2039858081158,0.1243103624895,0
Cu_pvFe_pvMg_pvOTi_sv:PAW_PBE/AB_cF8_225_a_b.AB:POCC_P0-1xD_P1-0.25xA-0.25xB-0.25xC-0.25xE,-1.7693437826316039,-0.4472755394872376,0.3297342680099,12.94329307268,0.2475487593054,0.1377532859864,0
CdMn_pvNb_svOSn:PAW_PBE/AB_cF8_225_a_b.AB:POCC_P0-1xD_P1-0.25xA-0.25xB-0.25xC-0.25xE,-1.9255580261454055,-1.5714496382003826,0.521285910034,18.89246707209,0.04145196281456,0.0646476210466,0
Mg_pvNb_svOSnZn:PAW_PBE/AB_cF8_225_a_b.AB:POCC_P0-1xC_P1-0.25xA-0.25xB-0.25xD-0.25xE,-0.622302233460386,-2.1496463879501335,0.6123465113806,22.64089169232,0.1618067946891,0.1216140718117,0
Ca_svCdCoMn_pvO:PAW_PBE/AB_cF8_225_a_b.AB:POCC_P0-1xE_P1-0.25xA-0.25xB-0.25xC-0.25xD,1.4422103702303268,1.3306523233081837,0.35608592713,12.77160329224,0.07479522287858,0.02983616611273,0
Cu_pvFe_pvMg_pvOZn:PAW_PBE/AB_cF8_225_a_b.AB:POCC_P0-1xD_P1-0.25xA-0.25xB-0.25xC-0.25xE,-3.379061003072255,1.5070945574013872,0.35446614789,6.205527678698,0.0857230242716,0.04504670484046,0
Fe_pvMn_pvOSnSr_sv:PAW_PBE/AB_cF8_225_a_b.AB:POCC_P0-1xC_P1-0.25xA-0.25xB-0.25xD-0.25xE,4.079925883897376,-0.2441764995991194,0.593302620928,25.55776301146,0.1651529098092,0.06708338379863,0
Mg_pvMn_pvOTi_svV_sv:PAW_PBE/AB_cF8_225_a_b.AB:POCC_P0-1xC_P1-0.25xA-0.25xB-0.25xD-0.25xE,-3.3946947302349297,-0.8722927073532064,0.1429971590627,11.68629482213,0.08828593951491,0.05014073382738,0
Ca_svMg_pvMn_pvOZn:PAW_PBE/AB_cF8_225_a_b.AB:POCC_P0-1xD_P1-0.25xA-0.25xB-0.25xC-0.25xE,1.7917041572458912,0.19490144683151167,0.4149074444982,18.11768304843,0.03841403415575,0.0166494066048,0
CdOSnSr_svV_sv:PAW_PBE/AB_cF8_225_a_b.AB:POCC_P0-1xB_P1-0.25xA-0.25xC-0.25xD-0.25xE,3.0686485759563267,-0.7073079292374367,0.6274806769933,24.81556619053,0.1802657708498,0.08590108382125,0
Ca_svCoNi_pvOSn:PAW_PBE/AB_cF8_225_a_b.AB:POCC_P0-1xD_P1-0.25xA-0.25xB-0.25xC-0.25xE,2.971155471170252,0.13182042234540814,0.604372970524,19.90800423502,0.15738932764,0.1200430121186,0
Fe_pvMn_pvNi_pvOSr_sv:PAW_PBE/AB_cF8_225_a_b.AB:POCC_P0-1xD_P1-0.25xA-0.25xB-0.25xC-0.25xE,4.265808173250546,1.5357881353915903,0.2847946628713,21.40946928418,0.1798187042539,0.1217957086629,0
Ca_svCdMg_pvOSn:PAW_PBE/AB_cF8_225_a_b.AB:POCC_P0-1xD_P1-0.25xA-0.25xB-0.25xC-0.25xE,1.0228356713848161,-1.6413151796513297,0.6791056618819,20.67750318182,0.1399017287113,0.1184637211972,0
Ca_svMn_pvOTi_svZn:PAW_PBE/AB_cF8_225_a_b.AB:POCC_P0-1xC_P1-0.25xA-0.25xB-0.25xD-0.25xE,1.499609947785534,0.5407187082046735,0.4074598139694,15.36127648899,0.1688724452941,0.09603208932732,0
Mg_pvMn_pvOSr_svZn:PAW_PBE/AB_cF8_225_a_b.AB:POCC_P0-1xC_P1-0.25xA-0.25xB-0.25xD-0.25xE,3.8854030227114733,0.35128321667728335,0.3930041348383,25.63698951207,0.1303920175307,0.06855880939474,0
Mn_pvNb_svOSnV_sv:PAW_PBE/AB_cF8_225_a_b.AB:POCC_P0-1xC_P1-0.25xA-0.25xB-0.25xD-0.25xE,-2.0037544093848014,-2.1842958635974195,0.5697789044884,18.59194018317,0.1380537512781,0.1711290418616,0
Mn_pvOSnSr_svV_sv:PAW_PBE/AB_cF8_225_a_b.AB:POCC_P0-1xB_P1-0.25xA-0.25xC-0.25xD-0.25xE,3.5700082882013273,-0.6013449941980501,0.6222885182936,24.36755618413,0.1322191551432,0.10731586427,0
CoNb_svOSnSr_sv:PAW_PBE/AB_cF8_225_a_b.AB:POCC_P0-1xC_P1-0.25xA-0.25xB-0.25xD-0.25xE,4.234519638459571,-0.4302095714086558,0.6155095450113,25.98762164329,0.2576126665452,0.05233744036711,0
CdMn_pvOTi_svZn:PAW_PBE/AB_cF8_225_a_b.AB:POCC_P0-1xC_P1-0.25xA-0.25xB-0.25xD-0.25xE,-2.395430851818804,0.2155047202427368,0.3422319206328,11.38333216107,0.0824056186172,0.06844185757112,0
Ca_svMg_pvOTi_svZn:PAW_PBE/AB_cF8_225_a_b.AB:POCC_P0-1xC_P1-0.25xA-0.25xB-0.25xD-0.25xE,1.275010940085059,-0.42718366554014336,0.4204826839479,18.87542400355,0.1079231782813,0.07014649172377,0
CdCoMn_pvOSr_sv:PAW_PBE/AB_cF8_225_a_b.AB:POCC_P0-1xD_P1-0.25xA-0.25xB-0.25xC-0.25xE,3.624220136167103,1.4204348745973383,0.3228544563731,20.49685889649,0.1393371360306,0.06898671282519,0
Mg_pvMn_pvNb_svOZn:PAW_PBE/AB_cF8_225_a_b.AB:POCC_P0-1xD_P1-0.25xA-0.25xB-0.25xC-0.25xE,-0.9854261192189528,-0.7836644732796911,0.3422605002042,18.54502405278,0.1515341172834,0.04589855392803,0
Ca_svCoMn_pvOZn:PAW_PBE/AB_cF8_225_a_b.AB:POCC_P0-1xD_P1-0.25xA-0.25xB-0.25xC-0.25xE,2.411912062357156,1.2176452812540055,0.3938127727741,16.13430890677,0.06745720316213,0.03728004345212,0
CdFe_pvNb_svOSr_sv:PAW_PBE/AB_cF8_225_a_b.AB:POCC_P0-1xD_P1-0.25xA-0.25xB-0.25xC-0.25xE,2.416127140593477,0.7385083950243193,0.3253475065219,18.63594843144,0.1964642394558,0.08469324460773,0
CoNi_pvOSnZn:PAW_PBE/AB_cF8_225_a_b.AB:POCC_P0-1xC_P1-0.25xA-0.25xB-0.25xD-0.25xE,-4.893842150106662,1.1210208604953449,0.3671521312753,8.011633891443,0.1188564037461,0.08459543487672,0
Ca_svCoFe_pvMn_pvO:PAW_PBE/AB_cF8_225_a_b.AB:POCC_P0-1xE_P1-0.25xA-0.25xB-0.25xC-0.25xD,1.8343221624805115,1.4200511042879347,0.2912167362979,12.89098438398,0.07428305065605,0.03682996769822,0
Ca_svFe_pvNb_svOZn:PAW_PBE/AB_cF8_225_a_b.AB:POCC_P0-1xD_P1-0.25xA-0.25xB-0.25xC-0.25xE,1.9891136254615294,0.4277240250048845,0.3979654507617,17.88718003169,0.175379928795,0.08560964924086,0
Fe_pvNb_svOTi_svZn:PAW_PBE/AB_cF8_225_a_b.AB:POCC_P0-1xC_P1-0.25xA-0.25xB-0.25xD-0.25xE,-1.7421492129794633,-0.752527624024026,0.3330077889479,16.25390001091,0.123452628492,0.08072665194812,0
Fe_pvMg_pvNb_svOTi_sv:PAW_PBE/AB_cF8_225_a_b.AB:POCC_P0-1xD_P1-0.25xA-0.25xB-0.25xC-0.25xE,-2.2401491068441035,-1.3195607910046745,0.18669811863,16.15500023584,0.1698906021544,0.07893491449554,0
Fe_pvMn_pvNi_pvOSn:PAW_PBE/AB_cF8_225_a_b.AB:POCC_P0-1xD_P1-0.25xA-0.25xB-0.25xC-0.25xE,-3.517144841509964,0.0005804391277407602,0.4568183446404,10.82575064013,0.1650285000843,0.1030741414502,0
Cu_pvFe_pvMn_pvOZn:PAW_PBE/AB_cF8_225_a_b.AB:POCC_P0-1xD_P1-0.25xA-0.25xB-0.25xC-0.25xE,-5.213520825493086,-0.35624796409683224,0.2229510876852,7.794803943262,0.2159200783208,0.1763017031937,0
Mn_pvOSr_svTi_svZn:PAW_PBE/AB_cF8_225_a_b.AB:POCC_P0-1xB_P1-0.25xA-0.25xC-0.25xD-0.25xE,3.446227298146926,0.765000403342458,0.3844843137242,21.43426915773,0.2743547704753,0.1194504746296,0
CdMg_pvNi_pvOSr_sv:PAW_PBE/AB_cF8_225_a_b.AB:POCC_P0-1xD_P1-0.25xA-0.25xB-0.25xC-0.25xE,3.7981819087035937,0.4764390533742104,0.3931369831242,24.61112402683,0.1001784334565,0.03936854565586,0
Mn_pvOSnTi_svV_sv:PAW_PBE/AB_cF8_225_a_b.AB:POCC_P0-1xB_P1-0.25xA-0.25xC-0.25xD-0.25xE,-2.7051715683347575,-2.1148100980197175,0.5935452804968,15.3905483748,0.1281444429956,0.1357994037841,0
Ca_svCoMn_pvNi_pvO:PAW_PBE/AB_cF8_225_a_b.AB:POCC_P0-1xE_P1-0.25xA-0.25xB-0.25xC-0.25xD,2.51224543247485,1.545707050615022,0.3332839442577,14.40078059973,0.08199557846897,0.03188717920228,0
CoNi_pvOSnSr_sv:PAW_PBE/AB_cF8_225_a_b.AB:POCC_P0-1xC_P1-0.25xA-0.25xB-0.25xD-0.25xE,5.195098474959978,0.34824352438454087,0.5755623337224,27.61377013364,0.1585271850502,0.06759958963278,0
Nb_svOSr_svTi_svV_sv:PAW_PBE/AB_cF8_225_a_b.AB:POCC_P0-1xB_P1-0.25xA-0.25xC-0.25xD-0.25xE,0.6107257197038789,0.839187099528173,0.1034021276377,11.94110521321,0.1455945233772,0.04119577249857,0
CdCoMn_pvOSn:PAW_PBE/AB_cF8_225_a_b.AB:POCC_P0-1xD_P1-0.25xA-0.25xB-0.25xC-0.25xE,-2.9250423353845543,0.35863936747423164,0.4383149552548,10.84782871125,0.2753999966761,0.2335450208705,0
Ca_svCdFe_pvOSr_sv:PAW_PBE/AB_cF8_225_a_b.AB:POCC_P0-1xD_P1-0.25xA-0.25xB-0.25xC-0.25xE,2.9273369789553567,0.521853107969304,0.3953298464574,18.56518976208,0.1046455195997,0.04566631611883,0
CoMg_pvNi_pvOZn:PAW_PBE/AB_cF8_225_a_b.AB:POCC_P0-1xD_P1-0.25xA-0.25xB-0.25xC-0.25xE,-4.1261609278008,2.7386738892632634,0.337612573818,4.65110646549,0.02079986555891,0.009596050723659,0
Nb_svOSnTi_svZn:PAW_PBE/AB_cF8_225_a_b.AB:POCC_P0-1xB_P1-0.25xA-0.25xC-0.25xD-0.25xE,-0.9861646677578951,-2.036273613746238,0.5999818226413,21.90119929805,0.1078571150112,0.04477767311508,0
CdFe_pvMg_pvOSn:PAW_PBE/AB_cF8_225_a_b.AB:POCC_P0-1xD_P1-0.25xA-0.25xB-0.25xC-0.25xE,-4.497080141232744,-1.5431475080707848,0.5574389540569,10.63827573872,0.2352264601234,0.1580609204076,0
CoNi_pvOSr_svZn:PAW_PBE/AB_cF8_225_a_b.AB:POCC_P0-1xC_P1-0.25xA-0.25xB-0.25xD-0.25xE,5.160343782717066,1.6103915523323284,0.3723549214124,25.32041346528,0.189602279812,0.08860239621172,0
Ca_svMn_pvNi_pvOZn:PAW_PBE/AB_cF8_225_a_b.AB:POCC_P0-1xD_P1-0.25xA-0.25xB-0.25xC-0.25xE,2.5745564226376536,1.2303614912661442,0.4074598139694,16.75929645955,0.06672589456162,0.03522523606194,0
Fe_pvOSnTi_svV_sv:PAW_PBE/AB_cF8_225_a_b.AB:POCC_P0-1xB_P1-0.25xA-0.25xC-0.25xD-0.25xE,-2.7747191959889452,-2.2245019155856713,0.5882677961609,15.61041734174,0.2914310616443,0.04841204155933,0
CdMn_pvOSnSr_sv:PAW_PBE/AB_cF8_225_a_b.AB:POCC_P0-1xC_P1-0.25xA-0.25xB-0.25xD-0.25xE,3.495585644683696,-0.2981069304272487,0.595603895219,25.45992191956,0.1867353403803,0.1460413331297,0
CdCoCu_pvFe_pvO:PAW_PBE/AB_cF8_225_a_b.AB:POCC_P0-1xE_P1-0.25xA-0.25xB-0.25xC-0.25xD,-4.917937699110076,2.8233601555343784,0.1356760848492,4.702514015431,0.1426013025128,0.08740960903902,0
CoCu_pvMn_pvOZn:PAW_PBE/AB_cF8_225_a_b.AB:POCC_P0-1xD_P1-0.25xA-0.25xB-0.25xC-0.25xE,-5.170335256404645,0.2944201167914194,0.2076841050731,7.353218242865,0.1190581183475,0.07082297601717,0
CoNb_svOSnTi_sv:PAW_PBE/AB_cF8_225_a_b.AB:POCC_P0-1xC_P1-0.25xA-0.25xB-0.25xD-0.25xE,-0.8695059466224603,-1.7796635695249323,0.5831046218304,19.90311304343,0.05234970952189,0.02353944138194,0
Cu_pvMg_pvNi_pvOSn:PAW_PBE/AB_cF8_225_a_b.AB:POCC_P0-1xD_P1-0.25xA-0.25xB-0.25xC-0.25xE,-5.454112573271904,5.047965061418933,0.5441246984837,6.453873422567,0.1740542192732,0.1394527091814,0
Fe_pvOSnSr_svTi_sv:PAW_PBE/AB_cF8_225_a_b.AB:POCC_P0-1xB_P1-0.25xA-0.25xC-0.25xD-0.25xE,3.6484229258761007,-0.7527137010819891,0.6361910090531,24.81613794146,0.2777560206361,0.05609395282746,0
CoFe_pvOSr_svZn:PAW_PBE/AB_cF8_225_a_b.AB:POCC_P0-1xC_P1-0.25xA-0.25xB-0.25xD-0.25xE,4.698171892304303,1.4299569845123312,0.3595541509981,24.13988725932,0.1718295323444,0.07448052974537,0
Mg_pvMn_pvNi_pvOZn:PAW_PBE/AB_cF8_225_a_b.AB:POCC_P0-1xD_P1-0.25xA-0.25xB-0.25xC-0.25xE,-2.2899509047033066,1.0650855215776334,0.3443432154116,7.875691207119,0.02324085313588,0.008028314174524,0
OSnSr_svV_svZn:PAW_PBE/AB_cF8_225_a_b.AB:POCC_P0-1xA_P1-0.25xB-0.25xC-0.25xD-0.25xE,4.240444898668718,-0.4560348826089101,0.6394131586854,27.55175822296,0.2613358276091,0.2132403413899,0
CdMg_pvMn_pvOZn:PAW_PBE/AB_cF8_225_a_b.AB:POCC_P0-1xD_P1-0.25xA-0.25xB-0.25xC-0.25xE,-2.686318455821344,0.6343954020921982,0.3589515984085,8.627223552366,0.04432586497906,0.02184900643836,0
Fe_pvMn_pvNi_pvOV_sv:PAW_PBE/AB_cF8_225_a_b.AB:POCC_P0-1xD_P1-0.25xA-0.25xB-0.25xC-0.25xE,-4.090493673984838,0.5269454864882092,0.1946997688751,7.408704482531,0.22304949841,0.1955702820846,0
Ca_svCoNi_pvOZn:PAW_PBE/AB_cF8_225_a_b.AB:POCC_P0-1xD_P1-0.25xA-0.25xB-0.25xC-0.25xE,2.849463118324711,1.3507068321927942,0.4074598139694,17.36861954713,0.06866315735841,0.0265391071838,0
CdNi_pvOSnSr_sv:PAW_PBE/AB_cF8_225_a_b.AB:POCC_P0-1xC_P1-0.25xA-0.25xB-0.25xD-0.25xE,4.266043950542743,0.09546720159384647,0.5736436175885,27.04558865011,0.1772666987847,0.121262812603,0
CdNb_svOSr_svZn:PAW_PBE/AB_cF8_225_a_b.AB:POCC_P0-1xC_P1-0.25xA-0.25xB-0.25xD-0.25xE,2.9758184760882003,0.5933586510500407,0.414163841372,22.37739091732,0.2491620545648,0.05880392327711,0
Fe_pvMg_pvOSnTi_sv:PAW_PBE/AB_cF8_225_a_b.AB:POCC_P0-1xC_P1-0.25xA-0.25xB-0.25xD-0.25xE,-1.9464645201101485,-2.2143804579099418,0.6176456811959,16.31448703035,0.1744686693513,0.1412984796084,0
Ca_svCdMn_pvOV_sv:PAW_PBE/AB_cF8_225_a_b.AB:POCC_P0-1xD_P1-0.25xA-0.25xB-0.25xC-0.25xE,-0.04872211619808043,0.759228949019873,0.3461664159043,10.63119863713,0.06790430104917,0.05113587720547,0
Fe_pvMg_pvOTi_svZn:PAW_PBE/AB_cF8_225_a_b.AB:POCC_P0-1xC_P1-0.25xA-0.25xB-0.25xD-0.25xE,-1.6520252424419775,-0.5302294151890157,0.3696055329672,13.68153858691,0.1492576183036,0.06015565570056,0
Mg_pvNb_svOSnTc_pv:PAW_PBE/AB_cF8_225_a_b.AB:POCC_P0-1xC_P1-0.25xA-0.25xB-0.25xD-0.25xE,-0.8162889589043542,-2.651654027015555,0.6018265427015,22.14219967327,0.1556979112581,0.1057517764917,3
Ca_svMg_pvOV_svZn:PAW_PBE/AB_cF8_225_a_b.AB:POCC_P0-1xC_P1-0.25xA-0.25xB-0.25xD-0.25xE,1.4184151611514388,-0.21269396013393804,0.4133753590866,18.38080409747,0.05794446670418,0.0392997056913,0
CdFe_pvMn_pvOSr_sv:PAW_PBE/AB_cF8_225_a_b.AB:POCC_P0-1xD_P1-0.25xA-0.25xB-0.25xC-0.25xE,2.999415201753756,1.1457749866066989,0.3115766358378,19.73556713501,0.1229221638097,0.06507417103884,0
CoMn_pvOV_svZn:PAW_PBE/AB_cF8_225_a_b.AB:POCC_P0-1xC_P1-0.25xA-0.25xB-0.25xD-0.25xE,-3.594001001175709,-0.08744204009415653,0.2796527981265,10.10022132827,0.1727371723854,0.2197616756331,0
Nb_svOSr_svV_svZn:PAW_PBE/AB_cF8_225_a_b.AB:POCC_P0-1xB_P1-0.25xA-0.25xC-0.25xD-0.25xE,2.985718717888734,0.537314620681195,0.3738170508417,20.46545030114,0.224257806584,0.09435591386091,0
CoMg_pvOV_svZn:PAW_PBE/AB_cF8_225_a_b.AB:POCC_P0-1xC_P1-0.25xA-0.25xB-0.25xD-0.25xE,-1.8876065002132878,-0.11111981116734444,0.3593080154965,11.65235538762,0.08175575349582,0.06453300519226,0
Mg_pvMn_pvNb_svOTi_sv:PAW_PBE/AB_cF8_225_a_b.AB:POCC_P0-1xD_P1-0.25xA-0.25xB-0.25xC-0.25xE,-2.603368280089856,-1.2167818339262977,0.1436686726465,15.57013285512,0.1672513589248,0.05793673969931,0
Ca_svFe_pvNb_svOTi_sv:PAW_PBE/AB_cF8_225_a_b.AB:POCC_P0-1xD_P1-0.25xA-0.25xB-0.25xC-0.25xE,-0.2466176202603841,0.1823497999913004,0.234885477414,10.91527326983,0.1878777731288,0.1006726927831,0
Ca_svMg_pvOSr_svTi_sv:PAW_PBE/AB_cF8_225_a_b.AB:POCC_P0-1xC_P1-0.25xA-0.25xB-0.25xD-0.25xE,1.1587539443206663,-0.3140362829081947,0.08294275134091,19.82815530174,0.07855831647166,0.03005541090973,0
CdNb_svOSr_svV_sv:PAW_PBE/AB_cF8_225_a_b.AB:POCC_P0-1xC_P1-0.25xA-0.25xB-0.25xD-0.25xE,1.4355266365548085,0.48852506264696816,0.3204559252066,15.99907533875,0.2044533388814,0.1530312166399,0
Mn_pvNb_svOSnZn:PAW_PBE/AB_cF8_225_a_b.AB:POCC_P0-1xC_P1-0.25xA-0.25xB-0.25xD-0.25xE,-0.9266587122389727,-1.3517922019977104,0.5283755175063,21.09781196829,0.1253258106187,0.1400647860855,0
Ca_svCdOSnSr_sv:PAW_PBE/AB_cF8_225_a_b.AB:POCC_P0-1xC_P1-0.25xA-0.25xB-0.25xD-0.25xE,3.2726269488318533,-1.218828473530861,0.6966790419555,25.07328336038,0.07635769359972,0.08256559447948,0
CdMn_pvOSnTi_sv:PAW_PBE/AB_cF8_225_a_b.AB:POCC_P0-1xC_P1-0.25xA-0.25xB-0.25xD-0.25xE,-2.4894706510435785,-1.3237985672039605,0.5562688199063,14.80112361019,0.1323054235342,0.1055197844776,0
Fe_pvOSnTi_svZn:PAW_PBE/AB_cF8_225_a_b.AB:POCC_P0-1xB_P1-0.25xA-0.25xC-0.25xD-0.25xE,-1.8166521612652935,-1.19640418699655,0.5499856248121,16.37330549893,0.2751882214037,0.05876472731269,0
Fe_pvMg_pvOSr_svTi_sv:PAW_PBE/AB_cF8_225_a_b.AB:POCC_P0-1xC_P1-0.25xA-0.25xB-0.25xD-0.25xE,2.783956046060097,0.18063129391452276,0.2180910073799,22.01981254423,0.195144816683,0.07852889289978,0
Mg_pvOSnSr_svV_sv:PAW_PBE/AB_cF8_225_a_b.AB:POCC_P0-1xB_P1-0.25xA-0.25xC-0.25xD-0.25xE,3.49608229133163,-1.5422218837953556,0.660202383743,27.48341586715,0.255083995336,0.1022013086661,0
Ca_svCoFe_pvOSn:PAW_PBE/AB_cF8_225_a_b.AB:POCC_P0-1xD_P1-0.25xA-0.25xB-0.25xC-0.25xE,2.50037924638583,-0.14029631740255277,0.6086244223657,19.16189471305,0.1845841679352,0.1252206644685,0
Ca_svMg_pvOSr_svV_sv:PAW_PBE/AB_cF8_225_a_b.AB:POCC_P0-1xC_P1-0.25xA-0.25xB-0.25xD-0.25xE,1.7874401503040043,-0.13090013528135994,0.1200520720354,20.30883326796,0.07129030700304,0.02599597027232,0
Mn_pvOSnSr_svTi_sv:PAW_PBE/AB_cF8_225_a_b.AB:POCC_P0-1xB_P1-0.25xA-0.25xC-0.25xD-0.25xE,3.4157262117056773,-0.788201997625219,0.6385420894506,24.22389136638,0.1155660706743,0.1044890166512,0
Ca_svMn_pvNb_svOSn:PAW_PBE/AB_cF8_225_a_b.AB:POCC_P0-1xD_P1-0.25xA-0.25xB-0.25xC-0.25xE,1.5613782313062086,-1.232472538921504,0.640392604189,20.35790333962,0.2610580115687,0.0727247368317,0
Mg_pvNi_pvOSnSr_sv:PAW_PBE/AB_cF8_225_a_b.AB:POCC_P0-1xC_P1-0.25xA-0.25xB-0.25xD-0.25xE,4.781665418432785,-0.7816933173236029,0.6511948153203,29.25802241362,0.1854839515452,0.08500015035469,0
Ca_svMn_pvOSnTi_sv:PAW_PBE/AB_cF8_225_a_b.AB:POCC_P0-1xC_P1-0.25xA-0.25xB-0.25xD-0.25xE,1.3632942815691198,-1.1217793319204987,0.6576858577619,18.60881518076,0.2856601537615,0.02827431207414,0
Ca_svOSr_svTi_svV_sv:PAW_PBE/AB_cF8_225_a_b.AB:POCC_P0-1xB_P1-0.25xA-0.25xC-0.25xD-0.25xE,0.7518235051345021,0.6536729094605439,0.1241538863669,11.93057396717,0.1133258330913,0.08267321860135,0
Cu_pvMn_pvNi_pvOSn:PAW_PBE/AB_cF8_225_a_b.AB:POCC_P0-1xD_P1-0.25xA-0.25xB-0.25xC-0.25xE,-3.37217285488205,0.30770264685217064,0.4257041226016,10.42319658089,0.3768326735428,0.2174689097159,0
Fe_pvNb_svOSr_svZn:PAW_PBE/AB_cF8_225_a_b.AB:POCC_P0-1xC_P1-0.25xA-0.25xB-0.25xD-0.25xE,3.749988250278131,0.8169132792211079,0.3710440506193,22.52099879558,0.2359831767279,0.05952815607151,0
Ca_svMg_pvNb_svOV_sv:PAW_PBE/AB_cF8_225_a_b.AB:POCC_P0-1xD_P1-0.25xA-0.25xB-0.25xC-0.25xE,-0.2091931040802862,-0.4676115596181006,0.1388794441233,16.11543821268,0.1493517793582,0.06573475599991,0
Ca_svCdOSr_svTi_sv:PAW_PBE/AB_cF8_225_a_b.AB:POCC_P0-1xC_P1-0.25xA-0.25xB-0.25xD-0.25xE,1.2625603557446867,0.03305988451131111,0.377083130755,15.27346022395,0.2154897253732,0.09938104980005,0
CdMg_pvMn_pvOV_sv:PAW_PBE/AB_cF8_225_a_b.AB:POCC_P0-1xD_P1-0.25xA-0.25xB-0.25xC-0.25xE,-3.7712143328958745,-0.35011673656606046,0.2942723016188,9.620972260329,0.05804226975534,0.02993740915013,0
Nb_svOSnV_svZn:PAW_PBE/AB_cF8_225_a_b.AB:POCC_P0-1xB_P1-0.25xA-0.25xC-0.25xD-0.25xE,-1.149344168191192,-1.8685053566099672,0.5732989512462,21.41708449892,0.2940644899542,0.02037379367794,0
CoMn_pvNi_pvOSr_sv:PAW_PBE/AB_cF8_225_a_b.AB:POCC_P0-1xD_P1-0.25xA-0.25xB-0.25xC-0.25xE,4.727889801201993,1.7186540524084626,0.2990836003528,22.0916856878,0.1945640775976,0.1122289476805,0
Fe_pvOSr_svTi_svZn:PAW_PBE/AB_cF8_225_a_b.AB:POCC_P0-1xB_P1-0.25xA-0.25xC-0.25xD-0.25xE,3.725879174959758,0.7733563324109303,0.391460965487,22.10614621258,0.2552829873338,0.08058831358471,0
Cu_pvMg_pvMn_pvOV_sv:PAW_PBE/AB_cF8_225_a_b.AB:POCC_P0-1xD_P1-0.25xA-0.25xB-0.25xC-0.25xE,-2.285283424614395,-0.13862518725729267,0.3020408705788,11.24733685308,0.1447813843804,0.07197598300034,0
Mn_pvOSr_svV_svZn:PAW_PBE/AB_cF8_225_a_b.AB:POCC_P0-1xB_P1-0.25xA-0.25xC-0.25xD-0.25xE,3.5913810748407817,0.9286494858940313,0.3684368161571,21.6295804209,0.2273257467385,0.1528235911703,0
CoCu_pvFe_pvMg_pvO:PAW_PBE/AB_cF8_225_a_b.AB:POCC_P0-1xE_P1-0.25xA-0.25xB-0.25xC-0.25xD,-3.7287677575473714,1.8726006302616296,0.2939084678943,5.764460362374,0.0991069097159,0.08861999507262,0
Fe_pvMg_pvNi_pvOSn:PAW_PBE/AB_cF8_225_a_b.AB:POCC_P0-1xD_P1-0.25xA-0.25xB-0.25xC-0.25xE,-2.747780819102144,0.2645750539562795,0.5554324328845,9.225357008232,0.09585727145287,0.1060549414781,0
CoCu_pvMn_pvNi_pvO:PAW_PBE/AB_cF8_225_a_b.AB:POCC_P0-1xE_P1-0.25xA-0.25xB-0.25xC-0.25xD,-5.905046376592367,0.8789185400729452,0.1597341541437,5.792628503885,0.1263405207326,0.1058535684009,0
Fe_pvMg_pvNb_svOZn:PAW_PBE/AB_cF8_225_a_b.AB:POCC_P0-1xD_P1-0.25xA-0.25xB-0.25xC-0.25xE,-0.9632552186793603,-0.825978188000803,0.3459483342929,18.72567412223,0.1718972106666,0.06160477066511,0
Mg_pvOSr_svV_svZn:PAW_PBE/AB_cF8_225_a_b.AB:POCC_P0-1xB_P1-0.25xA-0.25xC-0.25xD-0.25xE,3.4626158283770803,0.022292357009977795,0.3943073040155,25.08970192961,0.1493499589176,0.08661993377181,0
Ca_svCdCoOSn:PAW_PBE/AB_cF8_225_a_b.AB:POCC_P0-1xD_P1-0.25xA-0.25xB-0.25xC-0.25xE,1.9642515527401425,-0.19051408252492952,0.6067797685322,19.11625490917,0.1332585503618,0.1307211969754,0
CdMn_pvNi_pvOSr_sv:PAW_PBE/AB_cF8_225_a_b.AB:POCC_P0-1xD_P1-0.25xA-0.25xB-0.25xC-0.25xE,3.810551206724905,1.4223511239611921,0.3402410909928,21.28767028048,0.1246280645847,0.0493461297997,0
Ca_svNb_svOSnV_sv:PAW_PBE/AB_cF8_225_a_b.AB:POCC_P0-1xC_P1-0.25xA-0.25xB-0.25xD-0.25xE,0.9966726797355621,-1.6364886038351023,0.6560332975543,19.58266364441,0.1718726684491,0.06445762987896,0
CoMn_pvNi_pvOSn:PAW_PBE/AB_cF8_225_a_b.AB:POCC_P0-1xD_P1-0.25xA-0.25xB-0.25xC-0.25xE,-3.219604204625288,0.3418056993286792,0.4417646432208,10.4155275885,0.1362247074061,0.09231309024436,0
Mn_pvOSnV_svZn:PAW_PBE/AB_cF8_225_a_b.AB:POCC_P0-1xB_P1-0.25xA-0.25xC-0.25xD-0.25xE,-2.127513474875031,-0.9829815438694197,0.533842849067,14.93338946444,0.2035272868178,0.1012311196246,0
CdMn_pvNb_svOV_sv:PAW_PBE/AB_cF8_225_a_b.AB:POCC_P0-1xD_P1-0.25xA-0.25xB-0.25xC-0.25xE,-3.5423174417802636,-0.5782931274512856,0.2523965134466,11.03989740224,0.1925366029776,0.163950006121,0
CdCoFe_pvMg_pvO:PAW_PBE/AB_cF8_225_a_b.AB:POCC_P0-1xE_P1-0.25xA-0.25xB-0.25xC-0.25xD,-3.424817821834976,1.6045958119726995,0.2882701640822,5.919983699872,0.1172152877684,0.06940461442255,0
OSnSr_svTi_svZn:PAW_PBE/AB_cF8_225_a_b.AB:POCC_P0-1xA_P1-0.25xB-0.25xC-0.25xD-0.25xE,4.125656601729624,-0.655934213510564,0.6607917126448,27.53652733852,0.1849933212302,0.1371710844314,0
Ca_svCdOSnV_sv:PAW_PBE/AB_cF8_225_a_b.AB:POCC_P0-1xC_P1-0.25xA-0.25xB-0.25xD-0.25xE,0.886277652677292,-1.0541613773323446,0.6512078681189,18.57915348231,0.1802074350144,0.1065272655811,0
Cu_pvMg_pvMn_pvOZn:PAW_PBE/AB_cF8_225_a_b.AB:POCC_P0-1xD_P1-0.25xA-0.25xB-0.25xC-0.25xE,-2.5256159377969984,0.8885574295671387,0.3627481908983,8.071212218546,0.08632516274316,0.06326223537392,0
CdMg_pvOSr_svTi_sv:PAW_PBE/AB_cF8_225_a_b.AB:POCC_P0-1xC_P1-0.25xA-0.25xB-0.25xD-0.25xE,1.877009700006547,-0.34960855071542407,0.3477667141921,21.88893259288,0.2030506170291,0.06833624050227,0
CoMn_pvNi_pvOZn:PAW_PBE/AB_cF8_225_a_b.AB:POCC_P0-1xD_P1-0.25xA-0.25xB-0.25xC-0.25xE,-5.072888877643991,0.6629887429524407,0.1950466290403,6.843817975116,0.04766961373765,0.04854793740073,0
Mn_pvNb_svOSnTc_pv:PAW_PBE/AB_cF8_225_a_b.AB:POCC_P0-1xC_P1-0.25xA-0.25xB-0.25xD-0.25xE,-1.414963354182972,-1.8146940139582104,0.5408481764784,19.12469901029,0.03323606845344,0.0,3
CdCoFe_pvNi_pvO:PAW_PBE/AB_cF8_225_a_b.AB:POCC_P0-1xE_P1-0.25xA-0.25xB-0.25xC-0.25xD,-5.482769040789631,4.949648849592618,0.1141709244948,3.355085460708,0.1307810821373,0.08707374593342,0
Fe_pvMg_pvNi_pvOZn:PAW_PBE/AB_cF8_225_a_b.AB:POCC_P0-1xD_P1-0.25xA-0.25xB-0.25xC-0.25xE,-3.1206224879277227,1.67825772665264,0.3377724825974,6.15421653472,0.02876671277833,0.006760445281364,0
Mg_pvMn_pvOSnV_sv:PAW_PBE/AB_cF8_225_a_b.AB:POCC_P0-1xC_P1-0.25xA-0.25xB-0.25xD-0.25xE,-2.3986402840985455,-1.8817540231317567,0.6033159930749,14.87253155437,0.2582072708706,0.07419660389128,0
CdNb_svOV_svZn:PAW_PBE/AB_cF8_225_a_b.AB:POCC_P0-1xC_P1-0.25xA-0.25xB-0.25xD-0.25xE,-2.386939261670962,-0.6414366773551154,0.3443569187631,15.81390203654,0.1382343660679,0.01928702903563,0
Ca_svCdCoOSr_sv:PAW_PBE/AB_cF8_225_a_b.AB:POCC_P0-1xD_P1-0.25xA-0.25xB-0.25xC-0.25xE,3.679325789684638,0.8098121765209242,0.4132120369738,19.5095873351,0.09848867340022,0.04199260906423,0
Ca_svMg_pvNi_pvOZn:PAW_PBE/AB_cF8_225_a_b.AB:POCC_P0-1xD_P1-0.25xA-0.25xB-0.25xC-0.25xE,2.5535186749574965,0.4131091178158495,0.4548150036004,19.00288640906,0.0538187510461,0.01805418849941,0
Ca_svFe_pvOSr_svZn:PAW_PBE/AB_cF8_225_a_b.AB:POCC_P0-1xC_P1-0.25xA-0.25xB-0.25xD-0.25xE,4.390623841365332,0.6807138488001776,0.4400812424996,22.44020921847,0.154395896754,0.06446237083636,0
Ca_svMn_pvOSr_svV_sv:PAW_PBE/AB_cF8_225_a_b.AB:POCC_P0-1xC_P1-0.25xA-0.25xB-0.25xD-0.25xE,2.1138373259380265,0.7837433208939394,0.2117963349541,15.04329437908,0.07688247462837,0.03163589944023,0
Mn_pvNb_svOSr_svZn:PAW_PBE/AB_cF8_225_a_b.AB:POCC_P0-1xC_P1-0.25xA-0.25xB-0.25xD-0.25xE,3.4789582387768982,0.8093210140634592,0.3660439693534,21.77139755044,0.2620645182079,0.1100420187219,0
Mg_pvNb_svOSr_svTi_sv:PAW_PBE/AB_cF8_225_a_b.AB:POCC_P0-1xC_P1-0.25xA-0.25xB-0.25xD-0.25xE,1.28811377206138,-0.10946495556923232,0.09403024779293,19.87429508855,0.1717883404061,0.06924252765987,0
CdNi_pvOSr_svZn:PAW_PBE/AB_cF8_225_a_b.AB:POCC_P0-1xC_P1-0.25xA-0.25xB-0.25xD-0.25xE,4.308310897913836,1.3849239773918656,0.3894954268024,24.68400597448,0.1222061998425,0.05363079379857,0
CdCu_pvMn_pvNi_pvO:PAW_PBE/AB_cF8_225_a_b.AB:POCC_P0-1xE_P1-0.25xA-0.25xB-0.25xC-0.25xD,-3.5538943065241364,2.162879991197378,0.1734128022956,6.204140011239,0.1576042887536,0.1051161450418,0
Ca_svMn_pvOSnV_sv:PAW_PBE/AB_cF8_225_a_b.AB:POCC_P0-1xC_P1-0.25xA-0.25xB-0.25xD-0.25xE,1.42566453840338,-0.9186327995285605,0.6428103822279,18.27371563736,0.3828201844501,0.2103572775345,0
CoCu_pvFe_pvMn_pvO:PAW_PBE/AB_cF8_225_a_b.AB:POCC_P0-1xE_P1-0.25xA-0.25xB-0.25xC-0.25xD,-6.205669279786074,0.7467281682313723,0.1597341541437,5.620597173083,0.132274781983,0.07124320350022,0
Ca_svCdOTi_svZn:PAW_PBE/AB_cF8_225_a_b.AB:POCC_P0-1xC_P1-0.25xA-0.25xB-0.25xD-0.25xE,1.009075870391883,0.3041094507035158,0.4631808502086,15.81618190382,0.1724089314863,0.06995242824461,0
CdCoNi_pvOSr_sv:PAW_PBE/AB_cF8_225_a_b.AB:POCC_P0-1xD_P1-0.25xA-0.25xB-0.25xC-0.25xE,4.363471355704072,1.6168290564662648,0.3419824556903,22.53403871127,0.1420409462042,0.06591036258821,0
Ca_svCoFe_pvNi_pvO:PAW_PBE/AB_cF8_225_a_b.AB:POCC_P0-1xE_P1-0.25xA-0.25xB-0.25xC-0.25xD,2.522247079171186,1.5001327296812752,0.3365689936699,14.76990832869,0.1017062871256,0.07506011639666,0
CdMn_pvOSr_svZn:PAW_PBE/AB_cF8_225_a_b.AB:POCC_P0-1xC_P1-0.25xA-0.25xB-0.25xD-0.25xE,3.5521661001544875,1.1061157091197003,0.3900669013131,22.9059362443,0.116568505277,0.05040245237065,0
CdCoMg_pvOSn:PAW_PBE/AB_cF8_225_a_b.AB:POCC_P0-1xD_P1-0.25xA-0.25xB-0.25xC-0.25xE,-3.0981486690475877,-0.5843901766381746,0.5486635467206,9.910835420968,0.2571967416219,0.2227670386242,0
Mg_pvMn_pvOSnZn:PAW_PBE/AB_cF8_225_a_b.AB:POCC_P0-1xC_P1-0.25xA-0.25xB-0.25xD-0.25xE,-2.054058556152752,-0.4222618039422163,0.5788628939568,10.91385137719,0.1890432032767,0.103136272078,0
Ca_svNi_pvOSr_svZn:PAW_PBE/AB_cF8_225_a_b.AB:POCC_P0-1xC_P1-0.25xA-0.25xB-0.25xD-0.25xE,5.1619888310913,0.9017042570454764,0.4727361843566,24.01275137932,0.1347571932486,0.0603813687248,0
Ca_svCdFe_pvNb_svO:PAW_PBE/AB_cF8_225_a_b.AB:POCC_P0-1xE_P1-0.25xA-0.25xB-0.25xC-0.25xD,0.44383794308325064,0.3109232608973737,0.3538123619943,13.68711562086,0.1034626251331,0.08036149822258,0
CoMg_pvMn_pvOZn:PAW_PBE/AB_cF8_225_a_b.AB:POCC_P0-1xD_P1-0.25xA-0.25xB-0.25xC-0.25xE,-2.419617613728109,0.959373213530055,0.3315603263359,8.002436386113,0.0362486655931,0.01846275767969,0
Mn_pvOSnTi_svZn:PAW_PBE/AB_cF8_225_a_b.AB:POCC_P0-1xB_P1-0.25xA-0.25xC-0.25xD-0.25xE,-1.5714513504960792,-1.183693063851974,0.564748339971,16.5946216707,0.1404748483294,0.1332142921114,0
Ca_svNb_svOTi_svZn:PAW_PBE/AB_cF8_225_a_b.AB:POCC_P0-1xC_P1-0.25xA-0.25xB-0.25xD-0.25xE,1.0611341295101064,-0.018878649526468675,0.4065568840888,16.01535623968,0.1145035625137,0.05460213849293,0
Ca_svCoOSr_svZn:PAW_PBE/AB_cF8_225_a_b.AB:POCC_P0-1xC_P1-0.25xA-0.25xB-0.25xD-0.25xE,4.963439848485172,0.8988208362217248,0.4543000110059,23.21896903006,0.1478129848211,0.06912312664639,0
CoOSnSr_svZn:PAW_PBE/AB_cF8_225_a_b.AB:POCC_P0-1xB_P1-0.25xA-0.25xC-0.25xD-0.25xE,5.03184572265471,0.20574159659400093,0.584297173962,28.81862788644,0.1904822802333,0.09778638013794,0
Ca_svCdNb_svOV_sv:PAW_PBE/AB_cF8_225_a_b.AB:POCC_P0-1xD_P1-0.25xA-0.25xB-0.25xC-0.25xE,-0.6714289359336229,0.11446370865506805,0.3443569187631,11.12002379363,0.2978966769259,0.1124637339688,0
Ca_svOSr_svTi_svZn:PAW_PBE/AB_cF8_225_a_b.AB:POCC_P0-1xB_P1-0.25xA-0.25xC-0.25xD-0.25xE,3.0753713486146954,0.185657412155844,0.4319068186542,19.92967659229,0.2607399233436,0.1148535131625,0
CdMn_pvOTi_svV_sv:PAW_PBE/AB_cF8_225_a_b.AB:POCC_P0-1xC_P1-0.25xA-0.25xB-0.25xD-0.25xE,-4.6795375313069885,0.242032055711729,0.281638065609,6.670774810772,0.3967049692098,0.1878663495039,0
Ca_svCdCoNi_pvO:PAW_PBE/AB_cF8_225_a_b.AB:POCC_P0-1xE_P1-0.25xA-0.25xB-0.25xC-0.25xD,2.155131036983523,1.449117834920008,0.3780961352619,14.68783517772,0.1074334607005,0.06462063885285,0
CdCu_pvMg_pvOZn:PAW_PBE/AB_cF8_225_a_b.AB:POCC_P0-1xD_P1-0.25xA-0.25xB-0.25xC-0.25xE,-3.281074322313875,1.1293452835453899,0.3638821924744,6.545513432159,0.08318342233766,0.07766149038517,0
Mn_pvNi_pvOSnZn:PAW_PBE/AB_cF8_225_a_b.AB:POCC_P0-1xC_P1-0.25xA-0.25xB-0.25xD-0.25xE,-2.806546409015866,0.34299042594041934,0.4252477954087,10.75979563006,0.165576751035,0.1345427846911,0
Mg_pvMn_pvOSr_svTi_sv:PAW_PBE/AB_cF8_225_a_b.AB:POCC_P0-1xC_P1-0.25xA-0.25xB-0.25xD-0.25xE,2.332763078014978,0.22919624821656515,0.1727373367283,21.34487546701,0.2024964468092,0.1118741045177,0
Ca_svCoMg_pvNi_pvO:PAW_PBE/AB_cF8_225_a_b.AB:POCC_P0-1xE_P1-0.25xA-0.25xB-0.25xC-0.25xD,2.669482037580241,0.7375524743573565,0.3699182342086,17.29298576245,0.06213155213487,0.0197222903714,0
CoFe_pvMg_pvOSr_sv:PAW_PBE/AB_cF8_225_a_b.AB:POCC_P0-1xD_P1-0.25xA-0.25xB-0.25xC-0.25xE,4.251743033670743,0.7599593732728562,0.2918238980961,24.06514604106,0.1764697263608,0.09412188179934,0
CoFe_pvNi_pvOSn:PAW_PBE/AB_cF8_225_a_b.AB:POCC_P0-1xD_P1-0.25xA-0.25xB-0.25xC-0.25xE,-4.6132977881663715,0.8273632332252672,0.4175392197147,9.282327773961,0.110743635622,0.06044454533322,0
CdNb_svOTi_svZn:PAW_PBE/AB_cF8_225_a_b.AB:POCC_P0-1xC_P1-0.25xA-0.25xB-0.25xD-0.25xE,-2.1899281720778037,-0.7801941477927458,0.3738130381621,16.13634176237,0.1463724683602,0.02828937344583,0
CdMg_pvMn_pvOTi_sv:PAW_PBE/AB_cF8_225_a_b.AB:POCC_P0-1xD_P1-0.25xA-0.25xB-0.25xC-0.25xE,-3.0402630845172163,-0.6377975301673374,0.3131847497884,11.27478209812,0.01907781425567,0.03106665451573,0
Nb_svOSr_svTi_svZn:PAW_PBE/AB_cF8_225_a_b.AB:POCC_P0-1xB_P1-0.25xA-0.25xC-0.25xD-0.25xE,2.7294603841120004,0.3693003557301281,0.3862326856961,19.97591436636,0.1525173698035,0.08799469931869,0
Fe_pvNi_pvOV_svZn:PAW_PBE/AB_cF8_225_a_b.AB:POCC_P0-1xC_P1-0.25xA-0.25xB-0.25xD-0.25xE,-4.045358020565558,-0.25329823163923587,0.2796045198133,10.40389073307,0.345105782254,0.2723151665964,0
Ca_svNb_svOSr_svZn:PAW_PBE/AB_cF8_225_a_b.AB:POCC_P0-1xC_P1-0.25xA-0.25xB-0.25xD-0.25xE,3.0454596397457148,0.2391869862062577,0.4258632409589,19.55856073475,0.1475545144671,0.06054659357322,0
CoFe_pvMn_pvOSn:PAW_PBE/AB_cF8_225_a_b.AB:POCC_P0-1xD_P1-0.25xA-0.25xB-0.25xC-0.25xE,-3.798764260643169,-0.06006438994929222,0.46359465053,10.75574181069,0.1868848060965,0.1489300642253,0
Nb_svOSnTc_pvTi_sv:PAW_PBE/AB_cF8_225_a_b.AB:POCC_P0-1xB_P1-0.25xA-0.25xC-0.25xD-0.25xE,-1.641640109270884,-2.3306363512612527,0.5920411725547,18.59995711548,0.01503315829692,0.0,3
CdMg_pvNb_svOTi_sv:PAW_PBE/AB_cF8_225_a_b.AB:POCC_P0-1xD_P1-0.25xA-0.25xB-0.25xC-0.25xE,-3.4077630359043942,-2.2695385159834878,0.3136147118679,16.03648003691,0.02815772466455,0.04115147261913,0
Ca_svCdOTi_svV_sv:PAW_PBE/AB_cF8_225_a_b.AB:POCC_P0-1xC_P1-0.25xA-0.25xB-0.25xD-0.25xE,-0.9115840033184309,0.3571889441949063,0.3543186242635,9.516554902659,0.1733492673788,0.1099361357291,0
Ca_svMn_pvNi_pvOSn:PAW_PBE/AB_cF8_225_a_b.AB:POCC_P0-1xD_P1-0.25xA-0.25xB-0.25xC-0.25xE,2.653278410304068,-0.08478024086026838,0.6181324190657,19.4831677937,0.1534865408504,0.1052187705588,0
Cu_pvMg_pvMn_pvNi_pvO:PAW_PBE/AB_cF8_225_a_b.AB:POCC_P0-1xE_P1-0.25xA-0.25xB-0.25xC-0.25xD,-2.5463059962840413,1.3047527792683544,0.3131232784384,7.218387025077,0.06747617302943,0.05851555076465,0
Fe_pvOSnSr_svZn:PAW_PBE/AB_cF8_225_a_b.AB:POCC_P0-1xB_P1-0.25xA-0.25xC-0.25xD-0.25xE,4.661463630126803,-0.02386874940586996,0.5930461090843,28.37174822119,0.1727014781164,0.0538135025114,0
CoFe_pvMg_pvOZn:PAW_PBE/AB_cF8_225_a_b.AB:POCC_P0-1xD_P1-0.25xA-0.25xB-0.25xC-0.25xE,-3.1640662029928976,1.4175799784188574,0.3269682706319,6.52593075993,0.04527202756351,0.02181630469984,0
Fe_pvNi_pvOSr_svZn:PAW_PBE/AB_cF8_225_a_b.AB:POCC_P0-1xC_P1-0.25xA-0.25xB-0.25xD-0.25xE,4.839082260692454,1.4506013898119323,0.3709564496002,24.77843660619,0.1456190674505,0.05782319197659,0
Ca_svCoMn_pvOSn:PAW_PBE/AB_cF8_225_a_b.AB:POCC_P0-1xD_P1-0.25xA-0.25xB-0.25xC-0.25xE,2.497201673108137,-0.1419387384575076,0.6160869966977,18.97940410168,0.1598128227801,0.1186659147922,0
Ca_svMn_pvOV_svZn:PAW_PBE/AB_cF8_225_a_b.AB:POCC_P0-1xC_P1-0.25xA-0.25xB-0.25xD-0.25xE,1.5367054271787244,0.7095783750542963,0.3938127727741,15.04762997226,0.063323252372,0.0417560641989,0
Ca_svCdFe_pvMn_pvO:PAW_PBE/AB_cF8_225_a_b.AB:POCC_P0-1xE_P1-0.25xA-0.25xB-0.25xC-0.25xD,0.6322711852554517,0.9702689538432254,0.3442305731628,11.96489429916,0.07003356829202,0.06105876838346,0
Mn_pvNb_svOSnSr_sv:PAW_PBE/AB_cF8_225_a_b.AB:POCC_P0-1xC_P1-0.25xA-0.25xB-0.25xD-0.25xE,3.4066387545768535,-0.7703745372117031,0.6196192379195,24.61429896582,0.475502439357,0.2451171725815,0
CoFe_pvOV_svZn:PAW_PBE/AB_cF8_225_a_b.AB:POCC_P0-1xC_P1-0.25xA-0.25xB-0.25xD-0.25xE,-4.228392035772693,-0.2737093603478197,0.2703501202145,9.93573545668,0.08825983142876,0.06063508845539,0
CoFe_pvMg_pvNi_pvO:PAW_PBE/AB_cF8_225_a_b.AB:POCC_P0-1xE_P1-0.25xA-0.25xB-0.25xC-0.25xD,-3.57646928250865,2.5481036773944123,0.2654028777161,5.295114881281,0.04087858329151,0.02572747480449,0
Ca_svCdCoOZn:PAW_PBE/AB_cF8_225_a_b.AB:POCC_P0-1xD_P1-0.25xA-0.25xB-0.25xC-0.25xE,1.9776653763054732,1.1383159853863187,0.4192749694413,16.34664896918,0.08696757162185,0.05984878819155,0
Nb_svOSnTc_pvV_sv:PAW_PBE/AB_cF8_225_a_b.AB:POCC_P0-1xB_P1-0.25xA-0.25xC-0.25xD-0.25xE,-1.8202149458037873,-2.2651740134689953,0.571670140903,18.57986035078,0.2235571046315,0.07388255660047,3
Ca_svCdMn_pvOZn:PAW_PBE/AB_cF8_225_a_b.AB:POCC_P0-1xD_P1-0.25xA-0.25xB-0.25xC-0.25xE,1.4466094794917064,0.9323681986389005,0.422098922055,15.52292017164,0.06227213179119,0.03661406886252,0
Ca_svCoMg_pvOZn:PAW_PBE/AB_cF8_225_a_b.AB:POCC_P0-1xD_P1-0.25xA-0.25xB-0.25xC-0.25xE,2.3909716057584594,0.38702973303501015,0.4369361366378,18.58319221583,0.05361307571835,0.02132782664321,0
Cu_pvFe_pvNi_pvOZn:PAW_PBE/AB_cF8_225_a_b.AB:POCC_P0-1xD_P1-0.25xA-0.25xB-0.25xC-0.25xE,-7.066329309612411,0.8271979468102161,0.160030270574,5.574821284144,0.07351519021286,0.0386364474321,0
CdMg_pvNb_svOSr_sv:PAW_PBE/AB_cF8_225_a_b.AB:POCC_P0-1xD_P1-0.25xA-0.25xB-0.25xC-0.25xE,1.8946072294731962,-0.36338612853160307,0.3392663960666,22.28794829885,0.2230618825919,0.08947425044084,0
Ca_svNb_svOSnZn:PAW_PBE/AB_cF8_225_a_b.AB:POCC_P0-1xC_P1-0.25xA-0.25xB-0.25xD-0.25xE,2.3964200886874822,-1.0432026643666787,0.6603820863712,23.67413535275,0.2876732251582,0.09637189221468,0
Ca_svFe_pvNi_pvOZn:PAW_PBE/AB_cF8_225_a_b.AB:POCC_P0-1xD_P1-0.25xA-0.25xB-0.25xC-0.25xE,2.5960267625899918,1.2217445933225912,0.404767217052,16.98961906243,0.08883655467342,0.05349109055923,0
CoFe_pvMg_pvMn_pvO:PAW_PBE/AB_cF8_225_a_b.AB:POCC_P0-1xE_P1-0.25xA-0.25xB-0.25xC-0.25xD,-3.1630944796199727,1.4053357896988308,0.2210253096367,6.760823263855,0.04166195264969,0.01967732081672,0
Fe_pvNb_svOSr_svTi_sv:PAW_PBE/AB_cF8_225_a_b.AB:POCC_P0-1xC_P1-0.25xA-0.25xB-0.25xD-0.25xE,1.9406536987317151,0.7382583602459236,0.2089473617924,15.53185620187,0.1869170336062,0.1049139839348,0
CdNb_svOSnTi_sv:PAW_PBE/AB_cF8_225_a_b.AB:POCC_P0-1xC_P1-0.25xA-0.25xB-0.25xD-0.25xE,-2.7280605122387995,-2.9208028005199567,0.5893318250358,19.25439884449,0.1402778311321,0.005427702797368,0
Mn_pvNb_svOSr_svTi_sv:PAW_PBE/AB_cF8_225_a_b.AB:POCC_P0-1xC_P1-0.25xA-0.25xB-0.25xD-0.25xE,1.3982384680961661,0.7902367656977781,0.1682141492265,14.33326717027,0.1780710213335,0.06988202691704,0
Ca_svOTi_svV_svZn:PAW_PBE/AB_cF8_225_a_b.AB:POCC_P0-1xB_P1-0.25xA-0.25xC-0.25xD-0.25xE,1.0410188320818825,0.23112779434700687,0.4074598139694,14.72103181914,0.1146535861597,0.07821442922984,0
Mn_pvNb_svOV_svZn:PAW_PBE/AB_cF8_225_a_b.AB:POCC_P0-1xC_P1-0.25xA-0.25xB-0.25xD-0.25xE,-2.089760865892642,-0.6153835539722139,0.3056111704438,15.39982521463,0.1617825681796,0.1005217881096,0
CdCu_pvFe_pvMn_pvO:PAW_PBE/AB_cF8_225_a_b.AB:POCC_P0-1xE_P1-0.25xA-0.25xB-0.25xC-0.25xD,-4.540451556364027,2.005844609446282,0.1880531839667,5.655383913816,0.1312711351794,0.09394133294508,0
Mg_pvNi_pvOV_svZn:PAW_PBE/AB_cF8_225_a_b.AB:POCC_P0-1xC_P1-0.25xA-0.25xB-0.25xD-0.25xE,-1.7143060459841368,-0.05372531930960047,0.3750443307131,11.82946771814,0.1350903909167,0.1699561697107,0
Ca_svCoFe_pvOSr_sv:PAW_PBE/AB_cF8_225_a_b.AB:POCC_P0-1xD_P1-0.25xA-0.25xB-0.25xC-0.25xE,4.446334085607896,1.1414694319113823,0.3338056133441,19.67382376762,0.1497562899401,0.0668474245565,0
Ca_svFe_pvNi_pvOSn:PAW_PBE/AB_cF8_225_a_b.AB:POCC_P0-1xD_P1-0.25xA-0.25xB-0.25xC-0.25xE,2.639877352813963,-0.0792142930453418,0.6094999487285,19.62599515914,0.1929725739264,0.1369628463176,0
Fe_pvMg_pvMn_pvOZn:PAW_PBE/AB_cF8_225_a_b.AB:POCC_P0-1xD_P1-0.25xA-0.25xB-0.25xC-0.25xE,-2.711956476456139,0.614701761814786,0.3250634553437,8.493880406165,0.0435859549819,0.01898624909853,0
Ca_svFe_pvMg_pvNb_svO:PAW_PBE/AB_cF8_225_a_b.AB:POCC_P0-1xE_P1-0.25xA-0.25xB-0.25xC-0.25xD,0.9642794448666253,-0.28769822137643924,0.2400010416644,17.78975446055,0.1760380009183,0.09933875014319,0
Ca_svCdNi_pvOZn:PAW_PBE/AB_cF8_225_a_b.AB:POCC_P0-1xD_P1-0.25xA-0.25xB-0.25xC-0.25xE,2.1348475919372287,1.1734002465574382,0.4256342326458,16.93401119575,0.07968051789727,0.0456613173696,0
Cu_pvFe_pvMg_pvMn_pvO:PAW_PBE/AB_cF8_225_a_b.AB:POCC_P0-1xE_P1-0.25xA-0.25xB-0.25xC-0.25xD,-3.5288351906191244,0.8559166089530978,0.2867005188345,7.697961966994,0.1086037960119,0.05753761016095,0
Mn_pvOTi_svV_svZn:PAW_PBE/AB_cF8_225_a_b.AB:POCC_P0-1xB_P1-0.25xA-0.25xC-0.25xD-0.25xE,-3.0809526434085197,-0.6537966688572866,0.3332839442577,11.80359111374,0.1006990283567,0.05944969894168,0
CdCu_pvNi_pvOZn:PAW_PBE/AB_cF8_225_a_b.AB:POCC_P0-1xD_P1-0.25xA-0.25xB-0.25xC-0.25xE,-4.439785189962392,2.325559983078112,0.077224915021,5.884106909233,0.1492437902125,0.1113843309912,0
CdOSnSr_svTi_sv:PAW_PBE/AB_cF8_225_a_b.AB:POCC_P0-1xB_P1-0.25xA-0.25xC-0.25xD-0.25xE,2.877186119301647,-0.9324571691715482,0.6479097159327,24.700627718,0.0966996808871,0.1025878506774,0
CdNb_svOSnV_sv:PAW_PBE/AB_cF8_225_a_b.AB:POCC_P0-1xC_P1-0.25xA-0.25xB-0.25xD-0.25xE,-2.636930013237745,-2.5600940751096166,0.5636905179263,18.90829431647,0.2771101760207,0.01677781586737,0
CdFe_pvMg_pvMn_pvO:PAW_PBE/AB_cF8_225_a_b.AB:POCC_P0-1xE_P1-0.25xA-0.25xB-0.25xC-0.25xD,-4.205682714357393,0.8134427417259906,0.2799547954581,6.889075712354,0.06538297759363,0.041001279869,0
CdMg_pvMn_pvOSr_sv:PAW_PBE/AB_cF8_225_a_b.AB:POCC_P0-1xD_P1-0.25xA-0.25xB-0.25xC-0.25xE,2.7356794355376572,0.21503008711538074,0.3436076068716,22.82586491984,0.08912541283354,0.0354500078038,0
CoMn_pvNi_pvOV_sv:PAW_PBE/AB_cF8_225_a_b.AB:POCC_P0-1xD_P1-0.25xA-0.25xB-0.25xC-0.25xE,-3.841560017207589,0.48560690243985727,0.2073909351925,7.966780286097,0.2521425182462,0.2722444304085,0
Ca_svCoOSnZn:PAW_PBE/AB_cF8_225_a_b.AB:POCC_P0-1xC_P1-0.25xA-0.25xB-0.25xD-0.25xE,2.814599496690943,-0.01765178409795617,0.6145758700112,20.98302408737,0.1573404805952,0.1139608210887,0
CoCu_pvOSnZn:PAW_PBE/AB_cF8_225_a_b.AB:POCC_P0-1xC_P1-0.25xA-0.25xB-0.25xD-0.25xE,-5.157067149203963,1.2479122288075635,0.3523864178711,7.643284321504,0.2177416005055,0.1655596282854,0
Mg_pvOSr_svTi_svV_sv:PAW_PBE/AB_cF8_225_a_b.AB:POCC_P0-1xB_P1-0.25xA-0.25xC-0.25xD-0.25xE,1.670042488035372,0.1167511431946565,0.08665556819963,20.24676996679,0.1011651451903,0.06838063482487,0
Ca_svCdOSnTi_sv:PAW_PBE/AB_cF8_225_a_b.AB:POCC_P0-1xC_P1-0.25xA-0.25xB-0.25xD-0.25xE,0.7762893654979787,-1.3019238177998844,0.6700590925433,18.96133310967,0.1516371612722,0.09171766715204,0
Ca_svFe_pvMg_pvMn_pvO:PAW_PBE/AB_cF8_225_a_b.AB:POCC_P0-1xE_P1-0.25xA-0.25xB-0.25xC-0.25xD,1.1606426045523663,0.32910227760285315,0.2647555476284,15.51494775963,0.03890693167643,0.01427530036011,0
CdFe_pvOSnSr_sv:PAW_PBE/AB_cF8_225_a_b.AB:POCC_P0-1xC_P1-0.25xA-0.25xB-0.25xD-0.25xE,3.631734911429603,-0.2571907880534469,0.5846460467668,25.92895300088,0.1484260365949,0.09990768651767,0
Ca_svFe_pvMn_pvNi_pvO:PAW_PBE/AB_cF8_225_a_b.AB:POCC_P0-1xE_P1-0.25xA-0.25xB-0.25xC-0.25xD,2.04633576057574,1.3740125888658696,0.318728234551,13.76044378512,0.1037048798589,0.07404120255665,0
Mg_pvOTi_svV_svZn:PAW_PBE/AB_cF8_225_a_b.AB:POCC_P0-1xB_P1-0.25xA-0.25xC-0.25xD-0.25xE,-1.9885607561730776,-1.1141342821380482,0.3700435785147,14.91413212031,0.1066341037777,0.05611981865962,0
Nb_svOTi_svV_svZn:PAW_PBE/AB_cF8_225_a_b.AB:POCC_P0-1xB_P1-0.25xA-0.25xC-0.25xD-0.25xE,-2.4602797304690136,-1.1212511185081215,0.3439559383119,14.99819208986,0.1625911174806,0.1429299330413,0
Ca_svMg_pvOSnSr_sv:PAW_PBE/AB_cF8_225_a_b.AB:POCC_P0-1xC_P1-0.25xA-0.25xB-0.25xD-0.25xE,3.5013791992843464,-2.0835411340481387,0.7040507794186,28.01767703065,0.1610034409171,0.1089446978556,0
CdCoFe_pvMn_pvO:PAW_PBE/AB_cF8_225_a_b.AB:POCC_P0-1xE_P1-0.25xA-0.25xB-0.25xC-0.25xD,-6.072224846361258,6.382426826658003,0.152184099038,2.841871217093,0.09456625968932,0.06558262039847,0
Ca_svOSnV_svZn:PAW_PBE/AB_cF8_225_a_b.AB:POCC_P0-1xB_P1-0.25xA-0.25xC-0.25xD-0.25xE,2.194150125693784,-0.7376734403901687,0.6637465630796,21.067582061,0.3616015734406,0.2083322836131,0
Mg_pvMn_pvNi_pvOSr_sv:PAW_PBE/AB_cF8_225_a_b.AB:POCC_P0-1xD_P1-0.25xA-0.25xB-0.25xC-0.25xE,4.242169651051964,0.7515351147488543,0.3111674589349,24.23188934327,0.1807085932482,0.1066120674298,0
Ca_svCdFe_pvOZn:PAW_PBE/AB_cF8_225_a_b.AB:POCC_P0-1xD_P1-0.25xA-0.25xB-0.25xC-0.25xE,1.5710036761098554,0.9376083337758105,0.4180819297698,15.86278081019,0.08806018134669,0.05052721466995,0
CoFe_pvNi_pvOZn:PAW_PBE/AB_cF8_225_a_b.AB:POCC_P0-1xD_P1-0.25xA-0.25xB-0.25xC-0.25xE,-7.258941768890271,0.9964848100650263,0.1601146073911,5.415561785903,0.04968597405665,0.02627005582232,0
Ca_svCdNi_pvOSr_sv:PAW_PBE/AB_cF8_225_a_b.AB:POCC_P0-1xD_P1-0.25xA-0.25xB-0.25xC-0.25xE,3.9126475382235206,0.7959835810460146,0.4354040508539,20.45157658117,0.09746880458073,0.04378175323403,0
CdFe_pvMn_pvOZn:PAW_PBE/AB_cF8_225_a_b.AB:POCC_P0-1xD_P1-0.25xA-0.25xB-0.25xC-0.25xE,-3.668601079995786,1.4762829066939027,0.2194645472508,7.021403591482,0.06533588875778,0.05710190560275,0
Mg_pvMn_pvNb_svOV_sv:PAW_PBE/AB_cF8_225_a_b.AB:POCC_P0-1xD_P1-0.25xA-0.25xB-0.25xC-0.25xE,-2.5617241160721025,-1.038720433021313,0.1317580642693,15.29728745016,0.220154482729,0.1070177645302,0
Fe_pvNb_svOSnTi_sv:PAW_PBE/AB_cF8_225_a_b.AB:POCC_P0-1xC_P1-0.25xA-0.25xB-0.25xD-0.25xE,-2.19737530947473,-2.529434050144144,0.5849307651338,19.34830529742,0.1726580317438,0.06661318385079,0
Mn_pvNi_pvOSnSr_sv:PAW_PBE/AB_cF8_225_a_b.AB:POCC_P0-1xC_P1-0.25xA-0.25xB-0.25xD-0.25xE,4.770078054811425,0.10854293671824744,0.5919358073305,26.71496110673,0.1797793154283,0.09733885274705,0
CoCu_pvFe_pvOSn:PAW_PBE/AB_cF8_225_a_b.AB:POCC_P0-1xD_P1-0.25xA-0.25xB-0.25xC-0.25xE,-4.95908241227258,0.4477394095449502,0.4117766384826,9.390701194988,0.242903318398,0.09990067614149,0
Mg_pvOSnSr_svZn:PAW_PBE/AB_cF8_225_a_b.AB:POCC_P0-1xB_P1-0.25xA-0.25xC-0.25xD-0.25xE,4.431740515412582,-1.0162378418692113,0.6709010731844,30.36717494942,0.1782270269364,0.07407985991697,0
Fe_pvMg_pvOSnZn:PAW_PBE/AB_cF8_225_a_b.AB:POCC_P0-1xC_P1-0.25xA-0.25xB-0.25xD-0.25xE,-2.751857989284834,-0.036272380234561585,0.5650311938292,9.162095463266,0.1653940083632,0.09448508365379,0
Ca_svMn_pvOSnSr_sv:PAW_PBE/AB_cF8_225_a_b.AB:POCC_P0-1xC_P1-0.25xA-0.25xB-0.25xD-0.25xE,3.9054269546167966,-0.9614325689476588,0.6798052570406,24.53879718667,0.1529720206264,0.1000564620209,0
Cu_pvNi_pvOTi_svZn:PAW_PBE/AB_cF8_225_a_b.AB:POCC_P0-1xC_P1-0.25xA-0.25xB-0.25xD-0.25xE,-2.686512984192488,-0.24939062671757578,0.3363683806484,13.48281415377,0.4720256858293,0.2141708601996,0
Ca_svFe_pvOTi_svZn:PAW_PBE/AB_cF8_225_a_b.AB:POCC_P0-1xC_P1-0.25xA-0.25xB-0.25xD-0.25xE,1.7464726317033645,0.5253514585268346,0.4154329067371,15.93251315819,0.1550018696249,0.09010400547994,0
Mg_pvNb_svOSnV_sv:PAW_PBE/AB_cF8_225_a_b.AB:POCC_P0-1xC_P1-0.25xA-0.25xB-0.25xD-0.25xE,-1.7844856386964725,-3.4005643123422287,0.620749295207,21.34848583195,0.2977673509833,0.04595411895959,0
Ca_svNb_svOV_svZn:PAW_PBE/AB_cF8_225_a_b.AB:POCC_P0-1xC_P1-0.25xA-0.25xB-0.25xD-0.25xE,1.2560805532169357,0.14310245955195913,0.3962316241796,16.22636692518,0.1346231556988,0.07331118679525,0
CdCoMg_pvMn_pvO:PAW_PBE/AB_cF8_225_a_b.AB:POCC_P0-1xE_P1-0.25xA-0.25xB-0.25xC-0.25xD,-2.873887876263646,1.362541696381038,0.2904861227322,6.853561709558,0.08084131852982,0.06002187933352,0
CdOSnV_svZn:PAW_PBE/AB_cF8_225_a_b.AB:POCC_P0-1xB_P1-0.25xA-0.25xC-0.25xD-0.25xE,-2.5416441344547924,-0.8452461912455779,0.4900323331169,14.58590826324,0.2470727937972,0.05899578388308,0
CdOSnTi_svZn:PAW_PBE/AB_cF8_225_a_b.AB:POCC_P0-1xB_P1-0.25xA-0.25xC-0.25xD-0.25xE,-1.9632519417316976,-1.0731555962067174,0.5288158351449,16.39851037073,0.06634454077859,0.02387023762465,0
OSr_svTi_svV_svZn:PAW_PBE/AB_cF8_225_a_b.AB:POCC_P0-1xA_P1-0.25xB-0.25xC-0.25xD-0.25xE,2.9748951147077456,0.4912745050192956,0.3874573363611,20.34228686107,0.2274749236109,0.08816989840376,0
Mg_pvMn_pvOTi_svZn:PAW_PBE/AB_cF8_225_a_b.AB:POCC_P0-1xC_P1-0.25xA-0.25xB-0.25xD-0.25xE,-1.6804369188120352,-0.5194450354890403,0.3637887436411,13.81936652523,0.08595675921867,0.05434058353709,0
CdFe_pvNi_pvOZn:PAW_PBE/AB_cF8_225_a_b.AB:POCC_P0-1xD_P1-0.25xA-0.25xB-0.25xC-0.25xE,-3.9269422758899206,2.077344550136565,0.1577250376446,6.261886656385,0.1547213667444,0.169956593026,0
Ca_svCdMn_pvOTi_sv:PAW_PBE/AB_cF8_225_a_b.AB:POCC_P0-1xD_P1-0.25xA-0.25xB-0.25xC-0.25xE,-0.1995374884234801,0.5375610227727565,0.3592000661191,10.81113006626,0.06976990637255,0.07335753617382,0
Ca_svOSr_svV_svZn:PAW_PBE/AB_cF8_225_a_b.AB:POCC_P0-1xB_P1-0.25xA-0.25xC-0.25xD-0.25xE,3.463905170188333,0.3899909825694157,0.4263384805527,20.40730326646,0.1517745388533,0.08483470618802,0
CoCu_pvMn_pvOV_sv:PAW_PBE/AB_cF8_225_a_b.AB:POCC_P0-1xD_P1-0.25xA-0.25xB-0.25xC-0.25xE,-3.9248689820124385,0.07777941573296508,0.24149534157,9.012129748301,0.1853302472646,0.1022972558347,0
Ca_svCdNi_pvOSn:PAW_PBE/AB_cF8_225_a_b.AB:POCC_P0-1xD_P1-0.25xA-0.25xB-0.25xC-0.25xE,2.1162265047413205,-0.11864018680501355,0.6042716173212,19.58770271377,0.134423471547,0.1153180253424,0
CoFe_pvMn_pvOSr_sv:PAW_PBE/AB_cF8_225_a_b.AB:POCC_P0-1xD_P1-0.25xA-0.25xB-0.25xC-0.25xE,4.083614295322357,1.5637644918490072,0.2558808316385,20.62529891576,0.1734351632172,0.07827479966665,0
CdMn_pvOSnZn:PAW_PBE/AB_cF8_225_a_b.AB:POCC_P0-1xC_P1-0.25xA-0.25xB-0.25xD-0.25xE,-2.6749396141246318,0.19019026945116124,0.4174023089299,11.71410058742,0.1599765299612,0.1325673865086,0
CdFe_pvMg_pvOTi_sv:PAW_PBE/AB_cF8_225_a_b.AB:POCC_P0-1xD_P1-0.25xA-0.25xB-0.25xC-0.25xE,-3.0166505010499574,-0.8036725696446673,0.3226332089231,11.39150246209,0.1278351898319,0.1122625679113,0
Ca_svCoFe_pvMg_pvO:PAW_PBE/AB_cF8_225_a_b.AB:POCC_P0-1xE_P1-0.25xA-0.25xB-0.25xC-0.25xD,2.071708453803156,0.6009539522143378,0.3170985651182,16.32707282473,0.0691457096096,0.04705074908622,0
CdNb_svOSnSr_sv:PAW_PBE/AB_cF8_225_a_b.AB:POCC_P0-1xC_P1-0.25xA-0.25xB-0.25xD-0.25xE,2.8302341890672875,-0.9218113695517965,0.6240088140403,25.15369537946,0.1203242370968,0.04784275486851,0
Mn_pvNb_svOSr_svV_sv:PAW_PBE/AB_cF8_225_a_b.AB:POCC_P0-1xC_P1-0.25xA-0.25xB-0.25xD-0.25xE,1.7560574371098776,0.9534259403898075,0.1617498068005,15.08718566195,0.1830613325669,0.1181878847854,0
Ca_svCdMn_pvNb_svO:PAW_PBE/AB_cF8_225_a_b.AB:POCC_P0-1xE_P1-0.25xA-0.25xB-0.25xC-0.25xD,0.04895681196071989,0.3266040109811747,0.344396120042,12.71777281746,0.06935782823581,0.06418239424151,0
Ca_svNi_pvOSnZn:PAW_PBE/AB_cF8_225_a_b.AB:POCC_P0-1xC_P1-0.25xA-0.25xB-0.25xD-0.25xE,2.9269582412481574,0.06041744426237088,0.6106754457156,21.31149734378,0.1366674888425,0.1002162367029,0
Fe_pvNi_pvOSnSr_sv:PAW_PBE/AB_cF8_225_a_b.AB:POCC_P0-1xC_P1-0.25xA-0.25xB-0.25xD-0.25xE,4.8290126497947305,0.13106329285286875,0.5819304082105,27.12918025733,0.2575226234072,0.1309264921798,0
Ca_svCdFe_pvOTi_sv:PAW_PBE/AB_cF8_225_a_b.AB:POCC_P0-1xD_P1-0.25xA-0.25xB-0.25xC-0.25xE,0.20829108650391293,0.4854912443840429,0.3705768307652,11.72629762515,0.1717629877246,0.1049670654488,0
Ca_svCdOSr_svZn:PAW_PBE/AB_cF8_225_a_b.AB:POCC_P0-1xC_P1-0.25xA-0.25xB-0.25xD-0.25xE,3.4771879031872395,0.3576586319036665,0.4905502013046,22.29755797162,0.08444074329448,0.03835050050018,0
CoCu_pvFe_pvOZn:PAW_PBE/AB_cF8_225_a_b.AB:POCC_P0-1xD_P1-0.25xA-0.25xB-0.25xC-0.25xE,-7.195086549756242,0.364402492293754,0.1710794771444,5.865906425119,0.1093781796974,0.04937557060621,0
CdFe_pvMn_pvOSn:PAW_PBE/AB_cF8_225_a_b.AB:POCC_P0-1xD_P1-0.25xA-0.25xB-0.25xC-0.25xE,-4.103311818418838,-0.17490652573713913,0.454791160864,11.02237724863,0.1944986828422,0.1175880097639,0
Cu_pvMn_pvNi_pvOZn:PAW_PBE/AB_cF8_225_a_b.AB:POCC_P0-1xD_P1-0.25xA-0.25xB-0.25xC-0.25xE,-5.031096532144722,0.5094782292966368,0.2023170469832,7.303227205393,0.09763048129933,0.06811308610835,0
