manuscript_source_line,composition,full_cation_key,cation_count,in_locked_493,original_table_EFA_percentile,production_493_EFA_percentile,original_table_compatibility_score,production_493_compatibility_score,suggested_action,source_line_text
14,"(Co,Mg,Ni,Zn)O","Co,Mg,Ni,Zn",4,True,0.992,0.991869918699187,0.931,0.9321646341463414,retain and update EFA percentile,"$(\mathrm{Co},\mathrm{Mg},\mathrm{Ni},\mathrm{Zn})\mathrm{O}$ & 0.992 & 0.931 & exact & bulk rocksalt  & $(\mathrm{Co},\mathrm{Mg},\mathrm{Ni},\mathrm{Zn})\mathrm{O}$ & ~\cite{Sarkar_HEO_JECerS_2017,Sivak_HighEntropy_PhysicalReviewLetters_2025,Almishal_CationRoles_ActaMaterialia_2024} \\"
15,"(Cu,Mg,Ni,Zn)O","Cu,Mg,Ni,Zn",4,True,0.94,0.943089430894309,0.906,0.9071392276422764,retain and update EFA percentile,"$(\mathrm{Cu},\mathrm{Mg},\mathrm{Ni},\mathrm{Zn})\mathrm{O}$ & 0.940 & 0.906 & exact &  thin-film rocksalt   & $\mathrm{Mg}_{1/4}\mathrm{Ni}_{1/4}\mathrm{Cu}_{1/4}\mathrm{Zn}_{1/4}\mathrm{O}$ & ~\cite{Almishal_CationRoles_ActaMaterialia_2024} \\"
16,"(Co,Cu,Mg,Ni)O","Co,Cu,Mg,Ni",4,True,0.838,0.8394308943089431,0.865,0.8652184959349594,retain and update EFA percentile,"$(\mathrm{Co},\mathrm{Cu},\mathrm{Mg},\mathrm{Ni})\mathrm{O}$ & 0.838 & 0.865 & exact & bulk rocksalt  &  $\mathrm{Mg}_{1/4}\mathrm{Co}_{1/4}\mathrm{Ni}_{1/4}\mathrm{Cu}_{1/4}\mathrm{O}$ & ~\cite{Sivak_HighEntropy_PhysicalReviewLetters_2025,Almishal_CationRoles_ActaMaterialia_2024} \\"
17,"(Co,Cu,Mn,Ni,Zn)O","Co,Cu,Mn,Ni,Zn",5,False,0.65,,0.833,,remove: no verified five-cation EFA match,"$(\mathrm{Co},\mathrm{Cu},\mathrm{Mn},\mathrm{Ni},\mathrm{Zn})\mathrm{O}$ & 0.650 & 0.833 & exact & single-phase rocksalt & $(\mathrm{Zn}_{0.2}\mathrm{Ni}_{0.2}\mathrm{Co}_{0.2}\mathrm{Mn}_{0.2}\mathrm{Cu}_{0.2})\mathrm{O}$ & ~\cite{Lin_MechanochemicalSynthesis_JournalofMaterialsScience_2020}\\"
18,"(Co,Cu,Fe,Ni)O","Co,Cu,Fe,Ni",4,True,0.896,0.8983739837398373,0.809,0.811229674796748,retain and update EFA percentile,"$(\mathrm{Co},\mathrm{Cu},\mathrm{Fe},\mathrm{Ni})\mathrm{O}$ & 0.896 & 0.809 & exact & rocksalt & $(\mathrm{Co},\mathrm{Cu},\mathrm{Fe},\mathrm{Ni})\mathrm{O}$ & ~\cite{Li_DenaryOxide_NatureCatalysis_2021} \\"
19,"(Co,Cu,Mg,Ni,Zn)O","Co,Cu,Mg,Ni,Zn",5,False,0.838,,0.8,,remove: no verified five-cation EFA match,"$(\mathrm{Co},\mathrm{Cu},\mathrm{Mg},\mathrm{Ni},\mathrm{Zn})\mathrm{O}$ & 0.838 & 0.800 & exact & rocksalt & \makecell{$(\mathrm{Mg}_{0.2}\mathrm{Ni}_{0.2}\mathrm{Co}_{0.2}\mathrm{Cu}_{0.2}\mathrm{Zn}_{0.2})\mathrm{O}$\\"
21,"(Co,Fe,Ni,Zn)O","Co,Fe,Ni,Zn",4,True,0.912,0.9146341463414634,0.958,0.958714430894309,retain and update EFA percentile,"$(\mathrm{Co},\mathrm{Fe},\mathrm{Ni},\mathrm{Zn})\mathrm{O}$ & 0.912 & 0.958 & subset & rocksalt & \makecell{$(\mathrm{Co}_{0.2}\mathrm{Fe}_{0.2}\mathrm{Mn}_{0.2}\mathrm{Ni}_{0.2}\mathrm{Zn}_{0.2})\mathrm{O}$\\"
24,"(Co,Fe,Mn,Ni)O","Co,Fe,Mn,Ni",4,True,0.948,0.9512195121951219,0.94,0.9413109756097562,retain and update EFA percentile,"$(\mathrm{Co},\mathrm{Fe},\mathrm{Mn},\mathrm{Ni})\mathrm{O}$ & 0.948 & 0.940 & subset & rocksalt & \makecell{$(\mathrm{Co},\mathrm{Fe},\mathrm{Mg},\mathrm{Mn},\mathrm{Ni})\mathrm{O}$\\"
27,"(Co,Mn,Ni,Zn)O","Co,Mn,Ni,Zn",4,True,0.982,0.983739837398374,0.937,0.9382621951219512,retain and update EFA percentile,"$(\mathrm{Co},\mathrm{Mn},\mathrm{Ni},\mathrm{Zn})\mathrm{O}$ & 0.982 & 0.937 & subset & rocksalt & \makecell{$(\mathrm{Co}_{0.2}\mathrm{Fe}_{0.2}\mathrm{Mn}_{0.2}\mathrm{Ni}_{0.2}\mathrm{Zn}_{0.2})\mathrm{O}$\\"
30,"(Fe,Mn,Ni,Zn)O","Fe,Mn,Ni,Zn",4,True,0.996,0.9959349593495935,0.93,0.9303861788617886,retain and update EFA percentile,"$(\mathrm{Fe},\mathrm{Mn},\mathrm{Ni},\mathrm{Zn})\mathrm{O}$ & 0.996 & 0.930 & subset & rocksalt & \makecell{$(\mathrm{Co}_{0.2}\mathrm{Fe}_{0.2}\mathrm{Mn}_{0.2}\mathrm{Ni}_{0.2}\mathrm{Zn}_{0.2})\mathrm{O}$\\"
33,"(Co,Fe,Mg,Ni)O","Co,Fe,Mg,Ni",4,True,0.954,0.9573170731707317,0.92,0.9203506097560976,retain and update EFA percentile,"$(\mathrm{Co},\mathrm{Fe},\mathrm{Mg},\mathrm{Ni})\mathrm{O}$ & 0.954 & 0.920 & subset & single-phase rocksalt &  \makecell{$(\mathrm{Zn}_{0.14}\mathrm{Ni}_{0.14}\mathrm{Co}_{0.14}\mathrm{Mn}_{0.14}\mathrm{Fe}_{0.14}\mathrm{Cu}_{0.14}\mathrm{Mg}_{0.14})\mathrm{O}$\\"
35,"(Cu,Fe,Ni,Zn)O","Cu,Fe,Ni,Zn",4,True,0.968,0.9695121951219512,0.919,0.9186991869918699,retain and update EFA percentile,"$(\mathrm{Cu},\mathrm{Fe},\mathrm{Ni},\mathrm{Zn})\mathrm{O}$ & 0.968 & 0.919 & subset & single-phase rocksalt & \makecell{$\mathrm{Fe}_{0.2}\mathrm{Co}_{0.2}\mathrm{Ni}_{0.2}\mathrm{Cu}_{0.2}\mathrm{Zn}_{0.2}\mathrm{O}$\\"
38,"(Fe,Mg,Ni,Zn)O","Fe,Mg,Ni,Zn",4,True,0.884,0.8861788617886179,0.913,0.9145071138211383,retain and update EFA percentile,"$(\mathrm{Fe},\mathrm{Mg},\mathrm{Ni},\mathrm{Zn})\mathrm{O}$ & 0.884 & 0.913 & subset & single-phase rocksalt & \makecell{$(\mathrm{Zn}_{0.14}\mathrm{Ni}_{0.14}\mathrm{Co}_{0.14}\mathrm{Mn}_{0.14}\mathrm{Fe}_{0.14}\mathrm{Cu}_{0.14}\mathrm{Mg}_{0.14})\mathrm{O}$\\"
40,"(Co,Fe,Mn,Zn)O","Co,Fe,Mn,Zn",4,True,0.998,0.9979674796747967,0.907,0.9082825203252032,retain and update EFA percentile,"$(\mathrm{Co},\mathrm{Fe},\mathrm{Mn},\mathrm{Zn})\mathrm{O}$ & 0.998 & 0.907 & subset &  single-phase rocksalt & \makecell{$(\mathrm{Co}_{0.2}\mathrm{Fe}_{0.2}\mathrm{Mn}_{0.2}\mathrm{Ni}_{0.2}\mathrm{Zn}_{0.2})\mathrm{O}$\\"
43,"(Co,Mg,Mn,Ni)O","Co,Mg,Mn,Ni",4,True,0.803,0.8048780487804879,0.899,0.9002794715447154,retain and update EFA percentile,"$(\mathrm{Co},\mathrm{Mg},\mathrm{Mn},\mathrm{Ni})\mathrm{O}$ & 0.803 & 0.899 & subset & rocksalt & \makecell{$(\mathrm{Co},\mathrm{Fe},\mathrm{Mg},\mathrm{Mn},\mathrm{Ni})\mathrm{O}$\\"
46,"(Co,Fe,Mg,Zn)O","Co,Fe,Mg,Zn",4,True,0.898,0.9004065040650406,0.897,0.8977388211382114,retain and update EFA percentile,"$(\mathrm{Co},\mathrm{Fe},\mathrm{Mg},\mathrm{Zn})\mathrm{O}$ & 0.898 & 0.897 & subset & single-phase rocksalt & \makecell{$(\mathrm{Zn}_{0.14}\mathrm{Ni}_{0.14}\mathrm{Co}_{0.14}\mathrm{Mn}_{0.14}\mathrm{Fe}_{0.14}\mathrm{Cu}_{0.14}\mathrm{Mg}_{0.14})\mathrm{O}$\\"
49,"(Fe,Mg,Mn,Ni)O","Fe,Mg,Mn,Ni",4,True,0.987,0.9878048780487805,0.893,0.8944359756097562,retain and update EFA percentile,"$(\mathrm{Fe},\mathrm{Mg},\mathrm{Mn},\mathrm{Ni})\mathrm{O}$ & 0.987 & 0.893 & subset & single-phase rocksalt & \makecell{$(\mathrm{Co},\mathrm{Fe},\mathrm{Mg},\mathrm{Mn},\mathrm{Ni})\mathrm{O}$\\"
52,"(Fe,Mg,Mn,Ni,Zn)O","Fe,Mg,Mn,Ni,Zn",5,False,0.987,,0.89,,remove: no verified five-cation EFA match,"$(\mathrm{Fe},\mathrm{Mg},\mathrm{Mn},\mathrm{Ni},\mathrm{Zn})\mathrm{O}$ & 0.987 & 0.890 & subset & single-phase rocksalt & \makecell{$(\mathrm{Zn}_{0.14}\mathrm{Ni}_{0.14}\mathrm{Co}_{0.14}\mathrm{Mn}_{0.14}\mathrm{Fe}_{0.14}\mathrm{Cu}_{0.14}\mathrm{Mg}_{0.14})\mathrm{O}$\\"
54,"(Cu,Fe,Mg,Ni)O","Cu,Fe,Mg,Ni",4,True,0.867,0.8678861788617886,0.888,0.8891006097560976,retain and update EFA percentile,"$(\mathrm{Cu},\mathrm{Fe},\mathrm{Mg},\mathrm{Ni})\mathrm{O}$ & 0.867 & 0.888 & subset & single-phase rocksalt & \makecell{$(\mathrm{Zn}_{0.14}\mathrm{Ni}_{0.14}\mathrm{Co}_{0.14}\mathrm{Mn}_{0.14}\mathrm{Fe}_{0.14}\mathrm{Cu}_{0.14}\mathrm{Mg}_{0.14})\mathrm{O}$\\"
56,"(Mg,Mn,Ni,Zn)O","Mg,Mn,Ni,Zn",4,True,0.934,0.9369918699186992,0.888,0.8896087398373984,retain and update EFA percentile,"$(\mathrm{Mg},\mathrm{Mn},\mathrm{Ni},\mathrm{Zn})\mathrm{O}$ & 0.934 & 0.888 & subset & single-phase rocksalt & \makecell{$(\mathrm{Mg}_{0.2}\mathrm{Co}_{0.2}\mathrm{Mn}_{0.2}\mathrm{Ni}_{0.2}\mathrm{Zn}_{0.2})\mathrm{O}$\\"
59,"(Co,Fe,Mg,Mn)O","Co,Fe,Mg,Mn",4,True,0.809,0.8109756097560976,0.884,0.8846544715447155,retain and update EFA percentile,"$(\mathrm{Co},\mathrm{Fe},\mathrm{Mg},\mathrm{Mn})\mathrm{O}$ & 0.809 & 0.884 & subset & single-phase rocksalt & \makecell{$(\mathrm{Co},\mathrm{Fe},\mathrm{Mg},\mathrm{Mn},\mathrm{Ni})\mathrm{O}$\\"
62,"(Co,Mg,Mn,Zn)O","Co,Mg,Mn,Zn",4,True,1.0,1.0,0.881,0.883130081300813,retain and update EFA percentile,"$(\mathrm{Co},\mathrm{Mg},\mathrm{Mn},\mathrm{Zn})\mathrm{O}$ & 1.000 & 0.881 & subset & rocksalt & \makecell{$\mathrm{Li}_{0.3}(\mathrm{Co},\mathrm{Cu},\mathrm{Mg},\mathrm{Mn},\mathrm{Zn})\mathrm{O}$\\"
65,"(Fe,Mg,Mn,Zn)O","Fe,Mg,Mn,Zn",4,True,0.753,0.7560975609756098,0.867,0.8690294715447155,retain and update EFA percentile,"$(\mathrm{Fe},\mathrm{Mg},\mathrm{Mn},\mathrm{Zn})\mathrm{O}$ & 0.753 & 0.867 & subset & single-phase rocksalt & \makecell{$(\mathrm{Zn}_{0.14}\mathrm{Ni}_{0.14}\mathrm{Co}_{0.14}\mathrm{Mn}_{0.14}\mathrm{Fe}_{0.14}\mathrm{Cu}_{0.14}\mathrm{Mg}_{0.14})\mathrm{O}$\\"
68,"(Cu,Mg,Mn,Ni)O","Cu,Mg,Mn,Ni",4,True,0.797,0.7987804878048781,0.845,0.8465447154471545,retain and update EFA percentile,"$(\mathrm{Cu},\mathrm{Mg},\mathrm{Mn},\mathrm{Ni})\mathrm{O}$ & 0.797 & 0.845 & subset & single-phase rocksalt & \makecell{$(\mathrm{Zn}_{0.14}\mathrm{Ni}_{0.14}\mathrm{Co}_{0.14}\mathrm{Mn}_{0.14}\mathrm{Fe}_{0.14}\mathrm{Cu}_{0.14}\mathrm{Mg}_{0.14})\mathrm{O}$\\"
70,"(Co,Cu,Fe,Zn)O","Co,Cu,Fe,Zn",4,True,0.966,0.967479674796748,0.842,0.8426067073170731,retain and update EFA percentile,"$(\mathrm{Co},\mathrm{Cu},\mathrm{Fe},\mathrm{Zn})\mathrm{O}$ & 0.966 & 0.842 & subset & cubic rocksalt & \makecell{$\mathrm{Fe}_{0.2}\mathrm{Co}_{0.2}\mathrm{Ni}_{0.2}\mathrm{Cu}_{0.2}\mathrm{Zn}_{0.2}\mathrm{O}$\\"
73,"(Cu,Mn,Ni,Zn)O","Cu,Mn,Ni,Zn",4,True,0.946,0.9491869918699187,0.842,0.8423526422764227,retain and update EFA percentile,"$(\mathrm{Cu},\mathrm{Mn},\mathrm{Ni},\mathrm{Zn})\mathrm{O}$ & 0.946 & 0.842 & subset & single-phase rocksalt & \makecell{$(\mathrm{Zn}_{0.2}\mathrm{Ni}_{0.2}\mathrm{Co}_{0.2}\mathrm{Mn}_{0.2}\mathrm{Cu}_{0.2})\mathrm{O}$\\"
76,"(Cu,Fe,Mg,Zn)O","Cu,Fe,Mg,Zn",4,True,0.825,0.8272357723577236,0.826,0.8269817073170731,retain and update EFA percentile,"$(\mathrm{Cu},\mathrm{Fe},\mathrm{Mg},\mathrm{Zn})\mathrm{O}$ & 0.825 & 0.826 & subset & single-phase rocksalt & \makecell{$(\mathrm{Zn}_{0.14}\mathrm{Ni}_{0.14}\mathrm{Co}_{0.14}\mathrm{Mn}_{0.14}\mathrm{Fe}_{0.14}\mathrm{Cu}_{0.14}\mathrm{Mg}_{0.14})\mathrm{O}$\\"
78,"(Co,Cu,Fe,Mg)O","Co,Cu,Fe,Mg",4,True,0.957,0.959349593495935,0.811,0.8107215447154471,retain and update EFA percentile,"$(\mathrm{Co},\mathrm{Cu},\mathrm{Fe},\mathrm{Mg})\mathrm{O}$ & 0.957 & 0.811 & subset & single-phase rocksalt & \makecell{$(\mathrm{Zn}_{0.14}\mathrm{Ni}_{0.14}\mathrm{Co}_{0.14}\mathrm{Mn}_{0.14}\mathrm{Fe}_{0.14}\mathrm{Cu}_{0.14}\mathrm{Mg}_{0.14})\mathrm{O}$\\"
80,"(Co,Cu,Mn,Ni)O","Co,Cu,Mn,Ni",4,True,0.65,0.6544715447154471,0.8,0.802464430894309,retain and update EFA percentile,"$(\mathrm{Co},\mathrm{Cu},\mathrm{Mn},\mathrm{Ni})\mathrm{O}$ & 0.650 & 0.800 & subset & single-phase rocksalt & \makecell{$(\mathrm{Zn}_{0.2}\mathrm{Ni}_{0.2}\mathrm{Co}_{0.2}\mathrm{Mn}_{0.2}\mathrm{Cu}_{0.2})\mathrm{O}$\\"
83,"(Co,Cu,Mn,Zn)O","Co,Cu,Mn,Zn",4,True,0.962,0.9634146341463414,0.792,0.794334349593496,retain and update EFA percentile,"$(\mathrm{Co},\mathrm{Cu},\mathrm{Mn},\mathrm{Zn})\mathrm{O}$ & 0.962 & 0.792 & subset & single-phase rocksalt & \makecell{$\mathrm{Li}_{0.3}(\mathrm{Co},\mathrm{Cu},\mathrm{Mg},\mathrm{Mn},\mathrm{Zn})\mathrm{O}$\\"
85,"(Co,Cu,Fe,Mn)O","Co,Cu,Fe,Mn",4,True,0.843,0.8434959349593496,0.789,0.7911585365853658,retain and update EFA percentile,"$(\mathrm{Co},\mathrm{Cu},\mathrm{Fe},\mathrm{Mn})\mathrm{O}$ & 0.843 & 0.789 & subset & single-phase rocksalt & \makecell{$(\mathrm{Zn}_{0.17}\mathrm{Ni}_{0.17}\mathrm{Co}_{0.17}\mathrm{Mn}_{0.17}\mathrm{Fe}_{0.17}\mathrm{Cu}_{0.17})\mathrm{O}$\\"
108,"(Cu,Mg,Mn,Zn)O","Cu,Mg,Mn,Zn",4,True,0.902,0.9044715447154471,0.789,0.7902693089430894,retain and update EFA percentile,"$(\mathrm{Cu},\mathrm{Mg},\mathrm{Mn},\mathrm{Zn})\mathrm{O}$ & 0.902 & 0.789 & subset & single-phase rocksalt & \makecell{$\mathrm{Li}_{0.3}(\mathrm{Co},\mathrm{Cu},\mathrm{Mg},\mathrm{Mn},\mathrm{Zn})\mathrm{O}$\\"
111,"(Co,Cu,Fe,Mg,Zn)O","Co,Cu,Fe,Mg,Zn",5,False,0.957,,0.786,,remove: no verified five-cation EFA match,"$(\mathrm{Co},\mathrm{Cu},\mathrm{Fe},\mathrm{Mg},\mathrm{Zn})\mathrm{O}$ & 0.957 & 0.786 & subset & single-phase rocksalt & \makecell{$(\mathrm{Zn}_{0.14}\mathrm{Ni}_{0.14}\mathrm{Co}_{0.14}\mathrm{Mn}_{0.14}\mathrm{Fe}_{0.14}\mathrm{Cu}_{0.14}\mathrm{Mg}_{0.14})\mathrm{O}$\\"
113,"(Co,Cu,Mg,Mn)O","Co,Cu,Mg,Mn",4,True,0.972,0.9735772357723578,0.77,0.7714684959349594,retain and update EFA percentile,"$(\mathrm{Co},\mathrm{Cu},\mathrm{Mg},\mathrm{Mn})\mathrm{O}$ & 0.972 & 0.770 & subset & single-phase rocksalt & \makecell{$\mathrm{Li}_{0.3}(\mathrm{Co},\mathrm{Cu},\mathrm{Mg},\mathrm{Mn},\mathrm{Zn})\mathrm{O}$\\"
116,"(Cu,Fe,Mg,Mn)O","Cu,Fe,Mg,Mn",4,True,0.98,0.9817073170731707,0.76,0.7620680894308943,retain and update EFA percentile,"$(\mathrm{Cu},\mathrm{Fe},\mathrm{Mg},\mathrm{Mn})\mathrm{O}$ & 0.980 & 0.760 & subset & single-phase rocksalt & \makecell{$(\mathrm{Zn}_{0.14}\mathrm{Ni}_{0.14}\mathrm{Co}_{0.14}\mathrm{Mn}_{0.14}\mathrm{Fe}_{0.14}\mathrm{Cu}_{0.14}\mathrm{Mg}_{0.14})\mathrm{O}$\\"
118,"(Co,Ni,Sn,Zn)O","Co,Ni,Sn,Zn",4,True,0.869,0.8699186991869918,0.744,0.7460619918699187,retain and update EFA percentile,"$(\mathrm{Co},\mathrm{Ni},\mathrm{Sn},\mathrm{Zn})\mathrm{O}$ & 0.869 & 0.744 & subset & rocksalt & $(\mathrm{Co}_{0.167}\mathrm{Cu}_{0.167}\mathrm{Mg}_{0.167}\mathrm{Ni}_{0.167}\mathrm{Sn}_{0.167}\mathrm{Zn}_{0.167})\mathrm{O}$ & ~\cite{Braun_ESO_AdvMat_2018} \\"
119,"(Mg,Ni,Sn,Zn)O","Mg,Ni,Sn,Zn",4,True,0.815,0.8170731707317073,0.708,0.708714430894309,retain and update EFA percentile,"$(\mathrm{Mg},\mathrm{Ni},\mathrm{Sn},\mathrm{Zn})\mathrm{O}$ & 0.815 & 0.708 & subset & rocksalt & "
121,"(Ca,Co,Ni,Zn)O","Ca,Co,Ni,Zn",4,True,0.886,0.8882113821138211,0.706,0.7061737804878049,retain and update EFA percentile,"$(\mathrm{Ca},\mathrm{Co},\mathrm{Ni},\mathrm{Zn})\mathrm{O}$ & 0.886 & 0.706 & subset & thin-film rocksalt & \makecell{$\mathrm{Ca}_{0.04}(\mathrm{MgCoNiCuZn})_{0.96}\mathrm{O}$\\"
124,"(Ca,Co,Mg,Ni)O","Ca,Co,Mg,Ni",4,True,0.88,0.8821138211382114,0.676,0.6767022357723578,retain and update EFA percentile,"$(\mathrm{Ca},\mathrm{Co},\mathrm{Mg},\mathrm{Ni})\mathrm{O}$ & 0.880 & 0.676 & subset &  thin-film rocksalt & \makecell{$\mathrm{Ca}_{0.04}(\mathrm{MgCoNiCuZn})_{0.96}\mathrm{O}$\\"
127,"(Ca,Co,Mg,Zn)O","Ca,Co,Mg,Zn",4,True,0.932,0.9349593495934959,0.664,0.6646341463414633,retain and update EFA percentile,"$(\mathrm{Ca},\mathrm{Co},\mathrm{Mg},\mathrm{Zn})\mathrm{O}$ & 0.932 & 0.664 & subset & thin-film rocksalt & \makecell{$\mathrm{Ca}_{0.04}(\mathrm{MgCoNiCuZn})_{0.96}\mathrm{O}$\\"
130,"(Ca,Mg,Ni,Zn)O","Ca,Mg,Ni,Zn",4,True,0.914,0.9166666666666666,0.662,0.6626016260162602,retain and update EFA percentile,"$(\mathrm{Ca},\mathrm{Mg},\mathrm{Ni},\mathrm{Zn})\mathrm{O}$ & 0.914 & 0.662 & subset & thin-film rocksalt & \makecell{$\mathrm{Ca}_{0.04}(\mathrm{MgCoNiCuZn})_{0.96}\mathrm{O}$\\"
133,"(Co,Mg,Sn,Zn)O","Co,Mg,Sn,Zn",4,True,0.777,0.7804878048780488,0.651,0.6538363821138211,retain and update EFA percentile,"$(\mathrm{Co},\mathrm{Mg},\mathrm{Sn},\mathrm{Zn})\mathrm{O}$ & 0.777 & 0.651 & subset & rocksalt & $(\mathrm{Co}_{0.167}\mathrm{Cu}_{0.167}\mathrm{Mg}_{0.167}\mathrm{Ni}_{0.167}\mathrm{Sn}_{0.167}\mathrm{Zn}_{0.167})\mathrm{O}$ & ~\cite{Braun_ESO_AdvMat_2018} \\"
134,"(Co,Mg,Ni,Sn)O","Co,Mg,Ni,Sn",4,True,0.853,0.8536585365853658,0.608,0.6107723577235773,retain and update EFA percentile,"$(\mathrm{Co},\mathrm{Mg},\mathrm{Ni},\mathrm{Sn})\mathrm{O}$ & 0.853 & 0.608 & subset & rocksalt & $(\mathrm{Co}_{0.167}\mathrm{Cu}_{0.167}\mathrm{Mg}_{0.167}\mathrm{Ni}_{0.167}\mathrm{Sn}_{0.167}\mathrm{Zn}_{0.167})\mathrm{O}$ & ~\cite{Braun_ESO_AdvMat_2018} \\"
135,"(Ca,Cu,Mg,Zn)O","Ca,Cu,Mg,Zn",4,True,0.99,0.9898373983739838,0.606,0.6065802845528455,retain and update EFA percentile,"$(\mathrm{Ca},\mathrm{Cu},\mathrm{Mg},\mathrm{Zn})\mathrm{O}$ & 0.990 & 0.606 & subset & thin-film rocksalt & \makecell{$\mathrm{Ca}_{0.04}(\mathrm{MgCoNiCuZn})_{0.96}\mathrm{O}$\\"
137,"(Cu,Fe,Mn,Zn)O","Cu,Fe,Mn,Zn",4,True,0.873,0.8739837398373984,0.546,0.5486534552845528,retain and update EFA percentile,"$(\mathrm{Cu},\mathrm{Fe},\mathrm{Mn},\mathrm{Zn})\mathrm{O}$ & 0.873 & 0.546 & subset & single-phase rocksalt & \makecell{$(\mathrm{Zn}_{0.17}\mathrm{Ni}_{0.17}\mathrm{Co}_{0.17}\mathrm{Mn}_{0.17}\mathrm{Fe}_{0.17}\mathrm{Cu}_{0.17})\mathrm{O}$\\ $(\mathrm{Zn}_{0.14}\mathrm{Ni}_{0.14}\mathrm{Co}_{0.14}\mathrm{Mn}_{0.14}\mathrm{Fe}_{0.14}\mathrm{Cu}_{0.14}\mathrm{Mg}_{0.14})\mathrm{O}$\\"
139,"(Cu,Mg,Ni,Sn)O","Cu,Mg,Ni,Sn",4,True,0.715,0.717479674796748,0.52,0.5207063008130082,retain and update EFA percentile,"$(\mathrm{Cu},\mathrm{Mg},\mathrm{Ni},\mathrm{Sn})\mathrm{O}$ & 0.715 & 0.520 & subset & rocksalt & $(\mathrm{Co}_{0.167}\mathrm{Cu}_{0.167}\mathrm{Mg}_{0.167}\mathrm{Ni}_{0.167}\mathrm{Sn}_{0.167}\mathrm{Zn}_{0.167})\mathrm{O}$ & ~\cite{Braun_ESO_AdvMat_2018} \\"
140,"(Co,Cu,Sn,Zn)O","Co,Cu,Sn,Zn",4,True,0.647,0.6524390243902439,0.514,0.516260162601626,retain and update EFA percentile,"$(\mathrm{Co},\mathrm{Cu},\mathrm{Sn},\mathrm{Zn})\mathrm{O}$ & 0.647 & 0.514 & subset & rocksalt & $(\mathrm{Co}_{0.167}\mathrm{Cu}_{0.167}\mathrm{Mg}_{0.167}\mathrm{Ni}_{0.167}\mathrm{Sn}_{0.167}\mathrm{Zn}_{0.167})\mathrm{O}$ & ~\cite{Braun_ESO_AdvMat_2018} \\"
