manuscript_location,source_position,quantity,manuscript_current,same_pipeline_503_recheck,production_493,suggested_display,note
Figure 6b caption,results.tex:311,PC1 variance (%),43.0,42.98052645290217,42.375460637202686,42.4%,"The 503 recheck is an audit comparator only, not paper data. Production value and display updated 2026-10-05 for the solubility parameter."
Figure 6b caption,results.tex:311,PC2 variance (%),13.7,13.65394921862784,14.12921556297376,14.1%,"The 503 recheck is an audit comparator only, not paper data. Production value and display updated 2026-10-05 for the solubility parameter."
Figure 7a text,results.tex:374-375,DFT R2,0.25,0.2440148979517752,0.341770461896073,0.34,"The 503 recheck is an audit comparator only, not paper data. Production value and display updated 2026-10-05 for the solubility parameter."
Figure 7a text,results.tex:375,DFT Spearman rho,0.51,0.5029793499907897,0.6303328058204414,0.63,"The 503 recheck is an audit comparator only, not paper data. Production value and display updated 2026-10-05 for the solubility parameter."
Figure 7a text,results.tex:377,Chemistry R2,0.53,0.5422840662292235,0.5365830229021409,0.54,"The 503 recheck is an audit comparator only, not paper data."
Figure 7a text,results.tex:377,Chemistry Spearman rho,0.76,0.7598983409112839,0.7571594302059583,0.76,"The 503 recheck is an audit comparator only, not paper data."
Figure 7a text,results.tex:380,Combined R2,0.6,0.5907996172032852,0.5949416937028769,0.59,"The 503 recheck is an audit comparator only, not paper data."
Figure 7a text,results.tex:380,Combined Spearman rho,0.8,0.8010307536847893,0.8059611493865635,0.81,"The 503 recheck is an audit comparator only, not paper data. Production value and display updated 2026-10-05 for the solubility parameter."
Figure 7b text,results.tex:395-396,Chemistry ROC AUC,0.9,0.902993558165972,0.8778302299152023,0.88,"The 503 recheck is an audit comparator only, not paper data."
Figure 7b text,results.tex:396,Combined ROC AUC,0.93,0.9305713443644479,0.9219337354663869,0.92,"The 503 recheck is an audit comparator only, not paper data."
Figure 7c text,results.tex:405-406,Chemistry top 10% hits,43.0,43.0,42.0,42/50,"The 503 recheck is an audit comparator only, not paper data."
Figure 7c text,results.tex:405,Chemistry top 10% precision (%),84.3,84.31372549019608,84.0,84.0%,"The 503 recheck is an audit comparator only, not paper data."
Figure 7c text,results.tex:406,Chemistry top 10% enrichment,3.37,3.365857454092748,3.339677419354838,3.34-fold,"The 503 recheck is an audit comparator only, not paper data."
Figure 7d text,results.tex:413,Predicted priority region size,56.0,57.0,52.0,52,The current manuscript's 56 differs from this script's 503-row recheck (57); use the production 493 result.
Figure 7d text,results.tex:413,True-both precision (%),92.9,91.22807017543859,92.3076923076923,92.3%,"This precision refers to true high EFA AND high descriptor compatibility, not high EFA alone."
Figure 7d text,results.tex:413,True-both enrichment,8.98,8.82456140350877,9.287284144427002,9.29-fold,"The 503 recheck is an audit comparator only, not paper data."
EFA cohort,methods.tex:567-634,System count,,503.0,493.0,493 four-cation systems; high-EFA 124,"The 503 recheck is an audit comparator only, not paper data."
SI candidate tables,Table/evidence-graded candidate table.tex,Literature candidate rows,,47.0,43.0,43 verified four-cation rows; remove four five-cation rows,"The 503 recheck is an audit comparator only, not paper data."
