figure,source_workbook,sheet,csv,rows
01_fig6a_compatibility,01_fig6a_compatibility/output/fig6a_descriptor_compatibility_vs_efa_analysis.xlsx,Plot_Data,01_fig6a_compatibility/output/figure_source_csv/Plot_Data.csv,493
01_fig6a_compatibility,01_fig6a_compatibility/output/fig6a_descriptor_compatibility_vs_efa_analysis.xlsx,OriginPro_XY,01_fig6a_compatibility/output/figure_source_csv/OriginPro_XY.csv,493
01_fig6a_compatibility,01_fig6a_compatibility/output/fig6a_descriptor_compatibility_vs_efa_analysis.xlsx,OriginPro_By_Class,01_fig6a_compatibility/output/figure_source_csv/OriginPro_By_Class.csv,166
01_fig6a_compatibility,01_fig6a_compatibility/output/fig6a_descriptor_compatibility_vs_efa_analysis.xlsx,OriginPro_Thresholds,01_fig6a_compatibility/output/figure_source_csv/OriginPro_Thresholds.csv,2
02_fig6b_pca,02_fig6b_pca/output/pca_efa_chaos_descriptor_space_H_L_S_AK_analysis.xlsx,PCA_Scores_Public,02_fig6b_pca/output/figure_source_csv/PCA_Scores_Public.csv,493
02_fig6b_pca,02_fig6b_pca/output/pca_efa_chaos_descriptor_space_H_L_S_AK_analysis.xlsx,PCA_Explained_Variance,02_fig6b_pca/output/figure_source_csv/PCA_Explained_Variance.csv,10
02_fig6b_pca,02_fig6b_pca/output/pca_efa_chaos_descriptor_space_H_L_S_AK_analysis.xlsx,PCA_Loadings_Wide,02_fig6b_pca/output/figure_source_csv/PCA_Loadings_Wide.csv,24
03_fig6c_si_quartiles,03_fig6c_si_quartiles/output/efa_quartile_class_analysis.xlsx,Plot_Public_Long,03_fig6c_si_quartiles/output/figure_source_csv/Plot_Public_Long.csv,2958
03_fig6c_si_quartiles,03_fig6c_si_quartiles/output/efa_quartile_class_analysis.xlsx,Quartile_Summary,03_fig6c_si_quartiles/output/figure_source_csv/Quartile_Summary.csv,24
03_fig6c_si_quartiles,03_fig6c_si_quartiles/output/efa_quartile_class_analysis.xlsx,Trend_Tests,03_fig6c_si_quartiles/output/figure_source_csv/Trend_Tests.csv,6
04_fig6d_distortion,04_fig6d_distortion/output/efa_lattice_descriptor_correlations.xlsx,Heatmap_Spearman,04_fig6d_distortion/output/figure_source_csv/Heatmap_Spearman.csv,1
04_fig6d_distortion,04_fig6d_distortion/output/efa_lattice_descriptor_correlations.xlsx,Correlation_Long,04_fig6d_distortion/output/figure_source_csv/Correlation_Long.csv,10
05_fig6d_chemistry,05_fig6d_chemistry/output/efa_chemical_descriptor_correlations.xlsx,Heatmap_Spearman,05_fig6d_chemistry/output/figure_source_csv/Heatmap_Spearman.csv,1
05_fig6d_chemistry,05_fig6d_chemistry/output/efa_chemical_descriptor_correlations.xlsx,Correlation_Long_All,05_fig6d_chemistry/output/figure_source_csv/Correlation_Long_All.csv,38
06_fig7a_regression,06_fig7a_regression/output/panel_a_predicted_vs_observed_logEFA_data.xlsx,OOF_Predictions,06_fig7a_regression/output/figure_source_csv/OOF_Predictions.csv,1479
06_fig7a_regression,06_fig7a_regression/output/panel_a_predicted_vs_observed_logEFA_data.xlsx,CV_Metrics,06_fig7a_regression/output/figure_source_csv/CV_Metrics.csv,3
07_fig7b_classification,07_fig7b_classification/output/panel_b_highEFA_ROC_PR_data.xlsx,Curve_Data,07_fig7b_classification/output/figure_source_csv/Curve_Data.csv,1798
07_fig7b_classification,07_fig7b_classification/output/panel_b_highEFA_ROC_PR_data.xlsx,OOF_Probabilities,07_fig7b_classification/output/figure_source_csv/OOF_Probabilities.csv,1479
07_fig7b_classification,07_fig7b_classification/output/panel_b_highEFA_ROC_PR_data.xlsx,Classifier_Metrics,07_fig7b_classification/output/figure_source_csv/Classifier_Metrics.csv,3
08_fig7c_enrichment,08_fig7c_enrichment/output/panel_c_highEFA_enrichment_lift_data.xlsx,Enrichment_Curve,08_fig7c_enrichment/output/figure_source_csv/Enrichment_Curve.csv,300
08_fig7c_enrichment,08_fig7c_enrichment/output/panel_c_highEFA_enrichment_lift_data.xlsx,TopK_Highlights,08_fig7c_enrichment/output/figure_source_csv/TopK_Highlights.csv,15
09_fig7d_prioritization,09_fig7d_prioritization/output/fig7d_predEFA_descriptor_compatibility_analysis.xlsx,Plot_Data_Public,09_fig7d_prioritization/output/figure_source_csv/Plot_Data_Public.csv,493
09_fig7d_prioritization,09_fig7d_prioritization/output/fig7d_predEFA_descriptor_compatibility_analysis.xlsx,OriginPro_XY,09_fig7d_prioritization/output/figure_source_csv/OriginPro_XY.csv,493
09_fig7d_prioritization,09_fig7d_prioritization/output/fig7d_predEFA_descriptor_compatibility_analysis.xlsx,OriginPro_By_Class,09_fig7d_prioritization/output/figure_source_csv/OriginPro_By_Class.csv,347
09_fig7d_prioritization,09_fig7d_prioritization/output/fig7d_predEFA_descriptor_compatibility_analysis.xlsx,OriginPro_Thresholds,09_fig7d_prioritization/output/figure_source_csv/OriginPro_Thresholds.csv,2
