X_high-EFA + high descriptor compatibility,Y_high-EFA + high descriptor compatibility,X_high-EFA only,Y_high-EFA only,X_high descriptor compatibility only,Y_high descriptor compatibility only,X_other,Y_other
0.7120172764227642,0.774390243902439,0.4167936991869919,0.6646341463414634,0.5899390243902438,0.3434959349593496,0.4103150406504065,0.4369918699186992
0.7684197154471546,0.6321138211382114,0.1961382113821138,0.6971544715447154,0.7543191056910569,0.2723577235772358,0.05487804878048781,0.209349593495935
0.9002794715447154,0.8048780487804879,0.3363821138211383,0.8028455284552846,0.7146849593495934,0.4878048780487805,0.4419461382113821,0.225609756097561
0.6538363821138211,0.7804878048780488,0.2098577235772358,0.7540650406504065,0.5058434959349594,0.3109756097560976,0.4302591463414634,0.4004065040650406
0.6850863821138211,0.806910569105691,0.4585873983739838,0.6626016260162602,0.5804115853658537,0.2682926829268293,0.3216463414634146,0.05691056910569105
0.510035569105691,0.782520325203252,0.4815802845528455,0.5060975609756098,0.6200457317073171,0.1565040650406504,0.3316819105691057,0.1443089430894309
0.6269054878048781,0.975609756097561,0.4256859756097561,0.6463414634146342,0.5293445121951219,0.03048780487804878,0.4179369918699187,0.4776422764227642
0.7714684959349594,0.9735772357723578,0.4885670731707317,0.6910569105691057,0.5401422764227642,0.1219512195121951,0.08892276422764228,0.233739837398374
0.736915650406504,0.9105691056910569,0.4108231707317073,0.8292682926829268,0.5711382113821137,0.4166666666666667,0.4254319105691057,0.2459349593495935
0.8046239837398375,0.9126016260162602,0.1831808943089431,0.5548780487804879,0.6985518292682926,0.08130081300813008,0.3285060975609756,0.459349593495935
0.6464684959349593,0.7764227642276422,0.2284044715447154,0.7845528455284553,0.801194105691057,0.2317073170731707,0.4479166666666666,0.4247967479674797
0.6800050813008129,0.9390243902439024,0.1847052845528455,0.5589430894308943,0.8328252032520325,0.4349593495934959,0.4265752032520325,0.4126016260162602
0.6579014227642277,0.7317073170731707,0.1955030487804878,0.5304878048780488,0.7842987804878049,0.08739837398373984,0.1595528455284553,0.08943089430894309
0.5123221544715447,0.5,0.1265243902439024,0.5447154471544715,0.7850609756097562,0.4207317073170732,0.462525406504065,0.1321138211382114
0.5920985772357723,0.766260162601626,0.2136686991869919,0.6158536585365854,0.6018800813008129,0.05487804878048781,0.09273373983739835,0.0508130081300813
0.5854928861788617,0.5752032520325203,0.4601117886178862,0.5284552845528455,0.6755589430894309,0.008130081300813009,0.1891514227642276,0.04471544715447155
0.6107723577235773,0.8536585365853658,0.3335873983739838,0.7113821138211383,0.7433943089430894,0.1747967479674797,0.2820121951219512,0.3556910569105691
0.5802845528455285,0.7215447154471545,0.3889735772357724,0.6239837398373984,0.6689532520325203,0.02235772357723577,0.366869918699187,0.201219512195122
0.632494918699187,0.7459349593495935,0.4989837398373983,0.6361788617886179,0.6286839430894309,0.06300813008130081,0.3315548780487805,0.3313008130081301
0.5768546747967479,0.6849593495934959,0.2342479674796748,0.7703252032520326,0.7752794715447154,0.1544715447154472,0.1547256097560975,0.05894308943089431
0.8652184959349594,0.8394308943089431,0.291285569105691,0.7967479674796748,0.690040650406504,0.2601626016260163,0.4453760162601626,0.02845528455284553
0.521214430894309,0.540650406504065,0.3907520325203252,0.8638211382113821,0.6563770325203251,0.1036585365853658,0.1612042682926829,0.1829268292682927
0.6659044715447155,0.8353658536585366,0.4842479674796748,0.5650406504065041,0.573170731707317,0.2357723577235772,0.3305386178861789,0.0
0.5384908536585366,0.5833333333333334,0.4329268292682927,0.6178861788617886,0.8583587398373984,0.01219512195121951,0.3086890243902439,0.03455284552845529
0.834984756097561,0.8963414634146342,0.462525406504065,0.7195121951219512,0.5659298780487805,0.04065040650406504,0.3457825203252033,0.2947154471544716
0.8128810975609756,0.9776422764227642,0.3150406504065041,0.7723577235772358,0.7475863821138211,0.08333333333333333,0.1077235772357724,0.1463414634146341
0.9082825203252032,0.9979674796747967,0.4402947154471545,0.7073170731707317,0.7158282520325203,0.1788617886178862,0.2856961382113821,0.3922764227642276
0.9071392276422764,0.943089430894309,0.4307672764227642,0.6707317073170732,0.5893038617886179,0.01829268292682927,0.1834349593495935,0.1097560975609756
0.6810213414634146,0.9024390243902439,0.4336890243902439,0.75,0.522484756097561,0.3272357723577236,0.4735772357723577,0.3597560975609756
0.6802591463414633,0.790650406504065,0.1438008130081301,0.508130081300813,0.5189278455284553,0.4410569105691057,0.4862804878048781,0.3150406504065041
0.8418445121951219,0.9471544715447154,0.255589430894309,0.6788617886178862,0.5436991869918699,0.4268292682926829,0.3516260162601626,0.1707317073170732
0.6645071138211383,0.7520325203252033,0.3730945121951219,0.6422764227642277,0.6681910569105691,0.1280487804878049,0.3321900406504065,0.4288617886178862
0.7822662601626016,0.823170731707317,0.3836382113821138,0.8556910569105691,0.6140752032520325,0.3536585365853658,0.4405487804878049,0.3130081300813008
0.8821138211382114,0.8800813008130082,0.4697662601626016,0.6483739837398373,0.5816819105691057,0.07317073170731707,0.2882367886178862,0.3699186991869919
0.5505589430894309,0.9207317073170732,0.3897357723577236,0.573170731707317,0.5893038617886178,0.1300813008130081,0.3878302845528455,0.2195121951219512
0.5348069105691057,0.5894308943089431,0.4048526422764228,0.6565040650406504,0.7211636178861788,0.1727642276422764,0.1634908536585366,0.4939024390243902
0.6995680894308943,0.7052845528455285,0.171239837398374,0.6747967479674797,0.8201219512195121,0.09552845528455285,0.3555640243902439,0.0426829268292683
0.8526422764227642,0.8333333333333334,0.4101880081300813,0.5264227642276422,0.7365345528455285,0.4817073170731707,0.3366361788617886,0.4186991869918699
0.6302083333333334,0.8191056910569106,0.4167936991869919,0.6991869918699187,0.6733993902439024,0.4959349593495935,0.280614837398374,0.0975609756097561
0.6556148373983739,0.8211382113821138,0.4556656504065041,0.6280487804878049,0.7282774390243902,0.1585365853658537,0.4404217479674797,0.4085365853658536
0.5882876016260163,0.8597560975609756,0.3008130081300813,0.7398373983739838,0.5663109756097562,0.3394308943089431,0.1534552845528455,0.483739837398374
0.8891006097560976,0.8678861788617886,0.4087906504065041,0.7682926829268293,0.6845782520325203,0.4024390243902439,0.3842733739837398,0.258130081300813
0.6065802845528455,0.9898373983739838,0.2046493902439024,0.693089430894309,0.5848577235772359,0.266260162601626,0.290015243902439,0.2378048780487805
0.9413109756097562,0.9512195121951219,0.3945630081300813,0.6056910569105691,0.5529725609756098,0.4796747967479675,0.2746443089430894,0.298780487804878
0.6014989837398373,0.5467479674796748,0.2693089430894309,0.5426829268292683,0.5124491869918699,0.3252032520325203,0.4803099593495935,0.4329268292682927
0.7646087398373984,0.5873983739837398,0.1138211382113821,0.5630081300813008,0.6891514227642277,0.01626016260162602,0.3948170731707317,0.1910569105691057
0.8682672764227642,0.8373983739837398,0.3910060975609755,0.5528455284552846,0.6876270325203253,0.4979674796747968,0.1760670731707317,0.1849593495934959
0.6694613821138211,0.741869918699187,0.3452743902439025,0.7784552845528455,0.7801067073170731,0.2886178861788618,0.2017276422764228,0.2865853658536585
0.8060213414634146,0.8943089430894309,0.3315548780487805,0.9065040650406504,0.6873729674796748,0.2926829268292683,0.1039126016260163,0.3089430894308943
0.6890243902439024,0.7642276422764228,0.3791920731707317,0.7235772357723578,0.5104166666666666,0.07520325203252033,0.4023119918699187,0.2520325203252032
0.8944359756097562,0.9878048780487805,0.4921239837398373,0.6341463414634146,0.5480182926829268,0.2296747967479675,0.2021087398373984,0.1341463414634146
0.5260416666666667,0.5813008130081301,0.3766514227642276,0.5182926829268293,0.6215701219512195,0.03252032520325204,0.1829268292682927,0.03861788617886179
0.8044969512195121,0.5365853658536586,0.368140243902439,0.6260162601626016,0.5188008130081301,0.3048780487804878,0.1321138211382114,0.2235772357723577
0.811229674796748,0.8983739837398373,0.2009654471544715,0.5142276422764228,0.5085111788617886,0.1158536585365854,0.3941819105691057,0.4105691056910569
0.6089939024390244,0.8414634146341463,0.248094512195122,0.758130081300813,0.5415396341463414,0.1117886178861789,0.4396595528455285,0.4634146341463415
0.8561991869918699,0.7601626016260162,0.4485518292682926,0.556910569105691,0.5912093495934959,0.3475609756097561,0.1344004065040651,0.1504065040650407
0.6821646341463414,0.7886178861788617,0.4443597560975609,0.9552845528455285,0.5151168699186992,0.3882113821138211,0.1277947154471545,0.2439024390243902
0.5720274390243902,0.5914634146341463,0.272484756097561,0.6727642276422764,0.8259654471544715,0.3170731707317073,0.3427337398373984,0.1646341463414634
0.708714430894309,0.8170731707317073,0.1267784552845528,0.5670731707317073,0.6404979674796748,0.4573170731707317,0.06389735772357724,0.1056910569105691
0.9303861788617886,0.9959349593495935,0.2464430894308943,0.516260162601626,0.5443343495934959,0.1890243902439024,0.481834349593496,0.3008130081300813
0.697408536585366,0.9654471544715447,0.3159298780487805,0.5955284552845529,0.669334349593496,0.06097560975609756,0.4554115853658537,0.06910569105691057
0.6434197154471545,0.5792682926829268,0.4378810975609756,0.8577235772357723,0.6173780487804879,0.02642276422764228,0.2458079268292683,0.3943089430894309
0.5480182926829268,0.6036585365853658,0.321900406504065,0.532520325203252,0.6820376016260163,0.25,0.3798272357723577,0.3211382113821138
0.6859756097560976,0.8495934959349594,0.4893292682926829,0.5609756097560976,0.5097815040650406,0.1666666666666667,0.2624491869918699,0.241869918699187
0.561864837398374,0.5386178861788617,0.3509908536585366,0.725609756097561,0.5717733739837398,0.3516260162601626,0.3292682926829268,0.1686991869918699
0.5036839430894309,0.709349593495935,0.4232723577235772,0.5975609756097561,0.5744410569105691,0.04674796747967479,0.4070121951219512,0.1260162601626016
0.6985518292682926,0.8922764227642277,0.3927845528455285,0.5223577235772358,0.8320630081300813,0.290650406504065,0.0933689024390244,0.1422764227642276
0.5734247967479675,0.6402439024390244,0.3462906504065041,0.6016260162601627,0.6557418699186992,0.004065040650406504,0.290015243902439,0.491869918699187
0.7234502032520325,0.8008130081300813,0.193724593495935,0.5711382113821138,0.7676575203252032,0.1239837398373984,0.4347052845528455,0.06504065040650407
0.6908028455284553,0.676829268292683,0.4688770325203252,0.5934959349593496,0.5367123983739838,0.2398373983739837,0.4557926829268292,0.4451219512195122
0.7496189024390243,0.8841463414634146,0.3390497967479675,0.5853658536585366,0.7176067073170731,0.475609756097561,0.369410569105691,0.1626016260162602
0.7158282520325203,0.7154471544715447,0.3382876016260162,0.8902439024390244,0.598069105691057,0.4857723577235772,0.4018038617886179,0.3414634146341464
0.7479674796747968,0.9085365853658537,0.2609247967479675,0.6808943089430894,0.5631351626016261,0.3821138211382114,0.2694359756097561,0.1382113821138211
0.8269817073170731,0.8272357723577236,0.4011686991869919,0.5040650406504065,0.7202743902439024,0.4471544715447154,0.1750508130081301,0.3841463414634146
0.7217987804878048,0.6117886178861789,0.4864075203252033,0.5101626016260162,0.5274390243902439,0.3902439024390244,0.4583333333333333,0.4390243902439024
0.529979674796748,0.7032520325203252,0.336255081300813,0.8475609756097561,0.5182926829268293,0.3373983739837398,0.1173780487804878,0.05284552845528456
0.5050813008130081,0.6504065040650406,0.3025914634146342,0.733739837398374,0.7155741869918699,0.09349593495934959,0.2195121951219512,0.07113821138211382
0.5236280487804879,0.524390243902439,0.1538363821138211,0.7276422764227642,0.7149390243902438,0.3617886178861789,0.4597306910569106,0.3678861788617886
0.7137957317073171,0.9857723577235772,0.2798526422764228,0.5203252032520326,0.6501524390243902,0.306910569105691,0.3702997967479675,0.2215447154471545
0.7460619918699187,0.8699186991869918,0.1995680894308943,0.5121951219512195,0.7548272357723578,0.2642276422764228,0.4635416666666666,0.451219512195122
0.7538109756097561,0.9227642276422764,0.1397357723577236,0.5345528455284553,,,0.2976371951219512,0.06707317073170732
0.5616107723577236,0.5487804878048781,0.4646849593495935,0.6686991869918699,,,0.2239583333333333,0.4613821138211382
0.5486534552845528,0.8739837398373984,0.4432164634146341,0.9410569105691057,,,0.2272611788617886,0.2784552845528455
0.7360264227642277,0.7621951219512195,0.3934197154471545,0.8658536585365854,,,0.3642022357723577,0.3983739837398374
0.539380081300813,0.5691056910569106,,,,,0.4355945121951219,0.4227642276422764
0.9321646341463414,0.991869918699187,,,,,0.4541412601626016,0.09959349593495935
0.7096036585365854,0.7378048780487805,,,,,0.3622967479674797,0.2764227642276423
0.7592733739837398,0.8150406504065041,,,,,0.09883130081300812,0.1199186991869919
0.794334349593496,0.9634146341463414,,,,,0.3484502032520325,0.1605691056910569
0.5207063008130082,0.717479674796748,,,,,0.4122205284552846,0.4532520325203252
0.8896087398373984,0.9369918699186992,,,,,0.4970782520325203,0.3760162601626016
0.8592479674796748,0.9715447154471545,,,,,0.2154471544715447,0.07723577235772358
0.5365853658536586,0.5020325203252033,,,,,0.2629573170731707,0.3780487804878049
0.7061737804878049,0.8882113821138211,,,,,0.4766260162601626,0.02439024390243903
0.7566056910569106,0.6585365853658537,,,,,0.2893800813008131,0.4146341463414634
0.5767276422764227,0.6829268292682927,,,,,0.2379319105691057,0.03658536585365853
0.6403709349593496,0.9613821138211383,,,,,0.07647357723577233,0.2073170731707317
0.5547510162601625,0.6869918699186992,,,,,0.3365091463414634,0.467479674796748
0.6044207317073171,0.8130081300813008,,,,,0.09667174796747967,0.3191056910569106
0.7498729674796747,0.9532520325203252,,,,,0.2214176829268293,0.2154471544715447
0.5773628048780488,0.5508130081300813,,,,,0.3318089430894309,0.08536585365853659
0.5920985772357723,0.6443089430894309,,,,,0.3061483739837398,0.04878048780487805
0.615599593495935,0.7134146341463414,,,,,0.3130081300813008,0.1402439024390244
0.8107215447154471,0.959349593495935,,,,,0.3526422764227642,0.1016260162601626
0.681910569105691,0.5995934959349594,,,,,0.303734756097561,0.1971544715447154
0.802464430894309,0.6544715447154471,,,,,0.2588922764227642,0.2479674796747967
0.5374745934959351,0.6097560975609756,,,,,0.06529471544715446,0.3577235772357724
0.7658790650406504,0.8455284552845529,,,,,0.3996443089430894,0.2113821138211382
0.7902693089430894,0.9044715447154471,,,,,0.1570121951219512,0.2276422764227642
0.9382621951219512,0.983739837398374,,,,,0.1539634146341464,0.07926829268292683
0.8154217479674797,0.6890243902439024,,,,,0.3504827235772358,0.4308943089430894
0.9145071138211383,0.8861788617886179,,,,,0.2508892276422764,0.2540650406504065
0.5452235772357724,0.8760162601626016,,,,,0.3086890243902439,0.3231707317073171
0.6626016260162602,0.9166666666666666,,,,,0.1976626016260162,0.02032520325203252
0.6641260162601625,0.6219512195121951,,,,,0.3166920731707317,0.4065040650406504
0.6990599593495934,0.6605691056910569,,,,,0.2235772357723577,0.3455284552845528
0.7911585365853658,0.8434959349593496,,,,,0.4790396341463414,0.443089430894309
0.6934705284552846,0.8516260162601627,,,,,0.3142784552845528,0.1138211382113821
0.5154979674796748,0.7947154471544715,,,,,0.4020579268292682,0.2052845528455285
0.883130081300813,1.0,,,,,0.1957571138211382,0.217479674796748
0.6651422764227641,0.7439024390243902,,,,,0.3077997967479675,0.274390243902439
0.8109756097560976,0.9939024390243902,,,,,0.2647357723577236,0.1951219512195122
0.5619918699186992,0.5772357723577236,,,,,0.2545731707317074,0.1930894308943089
0.6767022357723578,0.8821138211382114,,,,,0.2263719512195122,0.282520325203252
0.7193851626016261,0.6382113821138211,,,,,0.3706808943089431,0.2967479674796748
0.8465447154471545,0.7987804878048781,,,,,0.1476117886178862,0.3353658536585366
0.8977388211382114,0.9004065040650406,,,,,0.369410569105691,0.3028455284552846
0.756224593495935,0.7296747967479674,,,,,0.4677337398373984,0.4715447154471545
0.8370172764227642,0.6666666666666666,,,,,0.3319359756097561,0.1361788617886179
0.9203506097560976,0.9573170731707317,,,,,0.1872459349593496,0.3333333333333333
0.6647611788617886,0.8719512195121951,,,,,0.4267022357723578,0.1178861788617886
0.733739837398374,0.9796747967479674,,,,,0.2604166666666666,0.3495934959349594
0.6646341463414633,0.9349593495934959,,,,,0.2869664634146341,0.4491869918699187
0.9186991869918699,0.9695121951219512,,,,,0.3710619918699187,0.1768292682926829
0.6617123983739837,0.8617886178861789,,,,,0.4264481707317074,0.3800813008130081
0.8846544715447155,0.8109756097560976,,,,,0.3901168699186992,0.2845528455284553
0.7785823170731707,0.6951219512195121,,,,,0.2182418699186992,0.4695121951219512
0.6055640243902439,0.9288617886178862,,,,,0.4190802845528455,0.4044715447154472
0.8690294715447155,0.7560975609756098,,,,,0.06402439024390247,0.1524390243902439
0.6826727642276422,0.8252032520325203,,,,,0.3215193089430894,0.002032520325203252
0.7620680894308943,0.9817073170731707,,,,,0.2658790650406504,0.1869918699186992
0.7248475609756098,0.7865853658536586,,,,,0.109375,0.1483739837398374
0.8509908536585367,0.9247967479674797,,,,,0.4122205284552846,0.2134146341463415
0.5283282520325203,0.8089430894308943,,,,,0.4364837398373984,0.01422764227642276
0.516260162601626,0.6524390243902439,,,,,0.3833841463414634,0.1991869918699187
0.7480945121951219,0.9186991869918699,,,,,0.3990091463414634,0.4654471544715447
0.6922002032520326,0.9451219512195121,,,,,0.4500762195121951,0.2032520325203252
0.6373221544715447,0.7357723577235772,,,,,0.2334857723577236,0.01016260162601626
0.8661077235772358,0.8780487804878049,,,,,0.359375,0.1808943089430894
0.6688262195121951,0.7012195121951219,,,,,0.497459349593496,0.3658536585365854
0.958714430894309,0.9146341463414634,,,,,0.1327489837398374,0.2703252032520325
0.5424288617886178,0.8313008130081301,,,,,0.3939278455284553,0.3739837398373984
0.896214430894309,0.926829268292683,,,,,0.3502286585365854,0.006097560975609756
0.524390243902439,0.6199186991869918,,,,,0.4424542682926829,0.3638211382113821
0.8150406504065041,0.9308943089430894,,,,,0.2045223577235772,0.2804878048780488
0.7045223577235773,0.6138211382113821,,,,,0.372459349593496,0.3861788617886179
0.7035060975609757,0.7926829268292683,,,,,0.1105182926829268,0.1077235772357724
0.5707571138211383,0.6300813008130082,,,,,0.474339430894309,0.2560975609756098
0.5364583333333333,0.6077235772357723,,,,,0.2928099593495935,0.2621951219512195
0.6741615853658536,0.7479674796747967,,,,,0.3481961382113821,0.3719512195121951
0.5405233739837398,0.9329268292682927,,,,,0.3884654471544716,0.4898373983739837
0.8426067073170731,0.967479674796748,,,,,0.295604674796748,0.09146341463414634
0.8423526422764227,0.9491869918699187,,,,,0.4239075203252033,0.3292682926829268
,,,,,,0.1288109756097561,0.4552845528455284
,,,,,,0.4875508130081301,0.3963414634146342
,,,,,,0.4803099593495935,0.4735772357723577
