X_CHAOS_descriptor_compatibility_score,Y_EFA_percentile,true_class,anonymous_id,CHAOS_excel_row,full_cation_key_verified,candidate_formula_verified
0.7120172764227642,0.774390243902439,high-EFA + high descriptor compatibility,CHAOS_0001,2,"Ca,Cd,Co,Fe","(Ca,Cd,Co,Fe)O"
0.7684197154471546,0.6321138211382114,high-EFA + high descriptor compatibility,CHAOS_0002,3,"Ca,Fe,Mn,Zn","(Ca,Fe,Mn,Zn)O"
0.4103150406504065,0.4369918699186992,other,CHAOS_0003,4,"Co,Mg,Mn,Sr","(Co,Mg,Mn,Sr)O"
0.9002794715447154,0.8048780487804879,high-EFA + high descriptor compatibility,CHAOS_0004,5,"Co,Mg,Mn,Ni","(Co,Mg,Mn,Ni)O"
0.4167936991869919,0.6646341463414634,high-EFA only,CHAOS_0005,6,"Fe,Mg,Mn,Sr","(Fe,Mg,Mn,Sr)O"
0.05487804878048781,0.209349593495935,other,CHAOS_0006,7,"Mg,Sn,Sr,Ti","(Mg,Sn,Sr,Ti)O"
0.1961382113821138,0.6971544715447154,high-EFA only,CHAOS_0007,8,"Ca,Ni,Sn,Sr","(Ca,Ni,Sn,Sr)O"
0.5899390243902438,0.3434959349593496,high descriptor compatibility only,CHAOS_0008,9,"Cu,Fe,Mn,V","(Cu,Fe,Mn,V)O"
0.6538363821138211,0.7804878048780488,high-EFA + high descriptor compatibility,CHAOS_0009,10,"Co,Mg,Sn,Zn","(Co,Mg,Sn,Zn)O"
0.7543191056910569,0.2723577235772358,high descriptor compatibility only,CHAOS_0010,11,"Cd,Fe,Ti,Zn","(Cd,Fe,Ti,Zn)O"
0.7146849593495934,0.4878048780487805,high descriptor compatibility only,CHAOS_0011,12,"Ca,Nb,Ti,V","(Ca,Nb,Ti,V)O"
0.4419461382113821,0.225609756097561,other,CHAOS_0012,13,"Mg,Nb,Sr,V","(Mg,Nb,Sr,V)O"
0.3363821138211383,0.8028455284552846,high-EFA only,CHAOS_0013,14,"Ca,Mn,Sn,Zn","(Ca,Mn,Sn,Zn)O"
0.2098577235772358,0.7540650406504065,high-EFA only,CHAOS_0014,15,"Ca,Fe,Mg,Sn","(Ca,Fe,Mg,Sn)O"
0.4302591463414634,0.4004065040650406,other,CHAOS_0015,16,"Cd,Mg,Sr,V","(Cd,Mg,Sr,V)O"
0.5058434959349594,0.3109756097560976,high descriptor compatibility only,CHAOS_0016,17,"Ca,Mg,Mn,Nb","(Ca,Mg,Mn,Nb)O"
0.5804115853658537,0.2682926829268293,high descriptor compatibility only,CHAOS_0017,18,"Ca,Cd,Mg,Nb","(Ca,Cd,Mg,Nb)O"
0.4585873983739838,0.6626016260162602,high-EFA only,CHAOS_0018,19,"Ca,Mg,Ni,Sr","(Ca,Mg,Ni,Sr)O"
0.6850863821138211,0.806910569105691,high-EFA + high descriptor compatibility,CHAOS_0019,20,"Ca,Co,Fe,Zn","(Ca,Co,Fe,Zn)O"
0.510035569105691,0.782520325203252,high-EFA + high descriptor compatibility,CHAOS_0020,21,"Cd,Cu,Mg,Mn","(Cd,Cu,Mg,Mn)O"
0.3216463414634146,0.05691056910569105,other,CHAOS_0021,22,"Nb,Sn,Sr,V","(Nb,Sn,Sr,V)O"
0.3316819105691057,0.1443089430894309,other,CHAOS_0022,23,"Cd,Sr,Ti,V","(Cd,Sr,Ti,V)O"
0.6269054878048781,0.975609756097561,high-EFA + high descriptor compatibility,CHAOS_0023,24,"Ca,Cd,Mn,Sr","(Ca,Cd,Mn,Sr)O"
0.7714684959349594,0.9735772357723578,high-EFA + high descriptor compatibility,CHAOS_0024,25,"Co,Cu,Mg,Mn","(Co,Cu,Mg,Mn)O"
0.736915650406504,0.9105691056910569,high-EFA + high descriptor compatibility,CHAOS_0025,26,"Cd,Cu,Fe,Zn","(Cd,Cu,Fe,Zn)O"
0.4179369918699187,0.4776422764227642,other,CHAOS_0026,27,"Ca,Co,Mn,Sr","(Ca,Co,Mn,Sr)O"
0.4815802845528455,0.5060975609756098,high-EFA only,CHAOS_0027,28,"Cd,Co,Fe,Sr","(Cd,Co,Fe,Sr)O"
0.4256859756097561,0.6463414634146342,high-EFA only,CHAOS_0028,29,"Cd,Co,Sr,Zn","(Cd,Co,Sr,Zn)O"
0.08892276422764228,0.233739837398374,other,CHAOS_0029,30,"Ca,Mg,Nb,Sn","(Ca,Mg,Nb,Sn)O"
0.4254319105691057,0.2459349593495935,other,CHAOS_0030,31,"Cd,Mn,Sn,V","(Cd,Mn,Sn,V)O"
0.3285060975609756,0.459349593495935,other,CHAOS_0031,32,"Mg,Ni,Sr,Zn","(Mg,Ni,Sr,Zn)O"
0.8046239837398375,0.9126016260162602,high-EFA + high descriptor compatibility,CHAOS_0032,33,"Cd,Mn,Ni,Zn","(Cd,Mn,Ni,Zn)O"
0.4479166666666666,0.4247967479674797,other,CHAOS_0033,34,"Cd,Mn,Sr,V","(Cd,Mn,Sr,V)O"
0.6464684959349593,0.7764227642276422,high-EFA + high descriptor compatibility,CHAOS_0034,35,"Cu,Fe,Sn,Zn","(Cu,Fe,Sn,Zn)O"
0.6800050813008129,0.9390243902439024,high-EFA + high descriptor compatibility,CHAOS_0035,36,"Ca,Mg,Mn,Ni","(Ca,Mg,Mn,Ni)O"
0.6579014227642277,0.7317073170731707,high-EFA + high descriptor compatibility,CHAOS_0036,37,"Ca,Cd,Fe,Ni","(Ca,Cd,Fe,Ni)O"
0.5123221544715447,0.5,high-EFA + high descriptor compatibility,CHAOS_0037,38,"Ca,Mg,Nb,Zn","(Ca,Mg,Nb,Zn)O"
0.6200457317073171,0.1565040650406504,high descriptor compatibility only,CHAOS_0038,39,"Nb,Tc,Ti,V","(Nb,Tc,Ti,V)O"
0.5920985772357723,0.766260162601626,high-EFA + high descriptor compatibility,CHAOS_0039,40,"Ca,Cu,Mg,Mn","(Ca,Cu,Mg,Mn)O"
0.5854928861788617,0.5752032520325203,high-EFA + high descriptor compatibility,CHAOS_0040,41,"Co,Mg,Mn,Sn","(Co,Mg,Mn,Sn)O"
0.6107723577235773,0.8536585365853658,high-EFA + high descriptor compatibility,CHAOS_0041,42,"Co,Mg,Ni,Sn","(Co,Mg,Ni,Sn)O"
0.4885670731707317,0.6910569105691057,high-EFA only,CHAOS_0042,43,"Cd,Co,Mg,Sr","(Cd,Co,Mg,Sr)O"
0.5293445121951219,0.03048780487804878,high descriptor compatibility only,CHAOS_0043,44,"Cd,Mg,Nb,Sn","(Cd,Mg,Nb,Sn)O"
0.4265752032520325,0.4126016260162602,other,CHAOS_0044,45,"Ca,Mn,Nb,Sr","(Ca,Mn,Nb,Sr)O"
0.1595528455284553,0.08943089430894309,other,CHAOS_0045,46,"Mg,Sn,Ti,V","(Mg,Sn,Ti,V)O"
0.5401422764227642,0.1219512195121951,high descriptor compatibility only,CHAOS_0046,47,"Cd,Fe,Sr,Ti","(Cd,Fe,Sr,Ti)O"
0.4108231707317073,0.8292682926829268,high-EFA only,CHAOS_0047,48,"Ca,Cd,Sn,Zn","(Ca,Cd,Sn,Zn)O"
0.5802845528455285,0.7215447154471545,high-EFA + high descriptor compatibility,CHAOS_0048,49,"Cd,Co,Sn,Zn","(Cd,Co,Sn,Zn)O"
0.632494918699187,0.7459349593495935,high-EFA + high descriptor compatibility,CHAOS_0049,50,"Cu,Mn,V,Zn","(Cu,Mn,V,Zn)O"
0.5768546747967479,0.6849593495934959,high-EFA + high descriptor compatibility,CHAOS_0050,51,"Cd,Ni,Sn,Zn","(Cd,Ni,Sn,Zn)O"
0.1831808943089431,0.5548780487804879,high-EFA only,CHAOS_0051,52,"Ca,Mg,Mn,Sn","(Ca,Mg,Mn,Sn)O"
0.8652184959349594,0.8394308943089431,high-EFA + high descriptor compatibility,CHAOS_0052,53,"Co,Cu,Mg,Ni","(Co,Cu,Mg,Ni)O"
0.521214430894309,0.540650406504065,high-EFA + high descriptor compatibility,CHAOS_0053,54,"Fe,Mn,Sn,Zn","(Fe,Mn,Sn,Zn)O"
0.5711382113821137,0.4166666666666667,high descriptor compatibility only,CHAOS_0054,55,"Ca,Mn,Nb,Zn","(Ca,Mn,Nb,Zn)O"
0.6659044715447155,0.8353658536585366,high-EFA + high descriptor compatibility,CHAOS_0055,56,"Ca,Mg,Ti,V","(Ca,Mg,Ti,V)O"
0.462525406504065,0.1321138211382114,other,CHAOS_0056,57,"Mn,Nb,Ti,Zn","(Mn,Nb,Ti,Zn)O"
0.6985518292682926,0.08130081300813008,high descriptor compatibility only,CHAOS_0057,58,"Cd,Fe,Nb,Ti","(Cd,Fe,Nb,Ti)O"
0.09273373983739835,0.0508130081300813,other,CHAOS_0058,59,"Nb,Sn,Sr,Ti","(Nb,Sn,Sr,Ti)O"
0.1891514227642276,0.04471544715447155,other,CHAOS_0059,60,"Cu,Nb,Sn,Tc","(Cu,Nb,Sn,Tc)O"
0.2820121951219512,0.3556910569105691,other,CHAOS_0060,61,"Mg,Mn,Nb,Sr","(Mg,Mn,Nb,Sr)O"
0.5384908536585366,0.5833333333333334,high-EFA + high descriptor compatibility,CHAOS_0061,62,"Cu,Mn,Sn,Zn","(Cu,Mn,Sn,Zn)O"
0.366869918699187,0.201219512195122,other,CHAOS_0062,63,"Ca,Mn,Sr,Ti","(Ca,Mn,Sr,Ti)O"
0.834984756097561,0.8963414634146342,high-EFA + high descriptor compatibility,CHAOS_0063,64,"Cd,Co,Mg,Zn","(Cd,Co,Mg,Zn)O"
0.8128810975609756,0.9776422764227642,high-EFA + high descriptor compatibility,CHAOS_0064,65,"Co,Mg,Mn,V","(Co,Mg,Mn,V)O"
0.9082825203252032,0.9979674796747967,high-EFA + high descriptor compatibility,CHAOS_0065,66,"Co,Fe,Mn,Zn","(Co,Fe,Mn,Zn)O"
0.2284044715447154,0.7845528455284553,high-EFA only,CHAOS_0066,67,"Cd,Mg,Sn,Sr","(Cd,Mg,Sn,Sr)O"
0.9071392276422764,0.943089430894309,high-EFA + high descriptor compatibility,CHAOS_0067,68,"Cu,Mg,Ni,Zn","(Cu,Mg,Ni,Zn)O"
0.6810213414634146,0.9024390243902439,high-EFA + high descriptor compatibility,CHAOS_0068,69,"Ca,Cd,Mg,Zn","(Ca,Cd,Mg,Zn)O"
0.1847052845528455,0.5589430894308943,high-EFA only,CHAOS_0069,70,"Co,Mg,Sn,Sr","(Co,Mg,Sn,Sr)O"
0.801194105691057,0.2317073170731707,high descriptor compatibility only,CHAOS_0070,71,"Cd,Mg,Ti,V","(Cd,Mg,Ti,V)O"
0.3315548780487805,0.3313008130081301,other,CHAOS_0071,72,"Mg,Nb,V,Zn","(Mg,Nb,V,Zn)O"
0.1547256097560975,0.05894308943089431,other,CHAOS_0072,73,"Cu,Nb,Sn,Ti","(Cu,Nb,Sn,Ti)O"
0.8328252032520325,0.4349593495934959,high descriptor compatibility only,CHAOS_0073,74,"Cd,Mn,V,Zn","(Cd,Mn,V,Zn)O"
0.1955030487804878,0.5304878048780488,high-EFA only,CHAOS_0074,75,"Co,Mn,Sn,Sr","(Co,Mn,Sn,Sr)O"
0.6802591463414633,0.790650406504065,high-EFA + high descriptor compatibility,CHAOS_0075,76,"Ca,Cd,V,Zn","(Ca,Cd,V,Zn)O"
0.4453760162601626,0.02845528455284553,other,CHAOS_0076,77,"Mg,Mn,Nb,Sn","(Mg,Mn,Nb,Sn)O"
0.1265243902439024,0.5447154471544715,high-EFA only,CHAOS_0077,78,"Ca,Fe,Sn,Sr","(Ca,Fe,Sn,Sr)O"
0.8418445121951219,0.9471544715447154,high-EFA + high descriptor compatibility,CHAOS_0078,79,"Cd,Co,Mn,Zn","(Cd,Co,Mn,Zn)O"
0.6645071138211383,0.7520325203252033,high-EFA + high descriptor compatibility,CHAOS_0079,80,"Co,Mn,Sn,Zn","(Co,Mn,Sn,Zn)O"
0.1612042682926829,0.1829268292682927,other,CHAOS_0080,81,"Ca,Fe,Nb,Sn","(Ca,Fe,Nb,Sn)O"
0.2136686991869919,0.6158536585365854,high-EFA only,CHAOS_0081,82,"Mn,Sn,Sr,Zn","(Mn,Sn,Sr,Zn)O"
0.7822662601626016,0.823170731707317,high-EFA + high descriptor compatibility,CHAOS_0082,83,"Cd,Co,Fe,Zn","(Cd,Co,Fe,Zn)O"
0.8821138211382114,0.8800813008130082,high-EFA + high descriptor compatibility,CHAOS_0083,84,"Cd,Mg,Ni,Zn","(Cd,Mg,Ni,Zn)O"
0.3305386178861789,0.0,other,CHAOS_0084,85,"Mn,Nb,Sn,Ti","(Mn,Nb,Sn,Ti)O"
0.5505589430894309,0.9207317073170732,high-EFA + high descriptor compatibility,CHAOS_0085,86,"Ca,Cd,Mg,Sr","(Ca,Cd,Mg,Sr)O"
0.4601117886178862,0.5284552845528455,high-EFA only,CHAOS_0086,87,"Ca,Cd,Mn,Sn","(Ca,Cd,Mn,Sn)O"
0.3335873983739838,0.7113821138211383,high-EFA only,CHAOS_0087,88,"Cd,Sn,Sr,Zn","(Cd,Sn,Sr,Zn)O"
0.5348069105691057,0.5894308943089431,high-EFA + high descriptor compatibility,CHAOS_0088,89,"Cd,Mn,Ni,Sn","(Cd,Mn,Ni,Sn)O"
0.3086890243902439,0.03455284552845529,other,CHAOS_0089,90,"Nb,Sn,Ti,V","(Nb,Sn,Ti,V)O"
0.3457825203252033,0.2947154471544716,other,CHAOS_0090,91,"Ca,Fe,Nb,Sr","(Ca,Fe,Nb,Sr)O"
0.7842987804878049,0.08739837398373984,high descriptor compatibility only,CHAOS_0091,92,"Cd,Ti,V,Zn","(Cd,Ti,V,Zn)O"
0.1077235772357724,0.1463414634146341,other,CHAOS_0092,93,"Sn,Sr,Ti,V","(Sn,Sr,Ti,V)O"
0.6995680894308943,0.7052845528455285,high-EFA + high descriptor compatibility,CHAOS_0093,94,"Ca,Cd,Mg,V","(Ca,Cd,Mg,V)O"
0.7850609756097562,0.4207317073170732,high descriptor compatibility only,CHAOS_0094,95,"Mg,Mn,V,Zn","(Mg,Mn,V,Zn)O"
0.8526422764227642,0.8333333333333334,high-EFA + high descriptor compatibility,CHAOS_0095,96,"Cd,Co,Mg,Ni","(Cd,Co,Mg,Ni)O"
0.3889735772357724,0.6239837398373984,high-EFA only,CHAOS_0096,97,"Fe,Mg,Sr,Zn","(Fe,Mg,Sr,Zn)O"
0.2856961382113821,0.3922764227642276,other,CHAOS_0097,98,"Co,Fe,Sn,Sr","(Co,Fe,Sn,Sr)O"
0.4989837398373983,0.6361788617886179,high-EFA only,CHAOS_0098,99,"Cd,Fe,Mg,Sr","(Cd,Fe,Mg,Sr)O"
0.6018800813008129,0.05487804878048781,high descriptor compatibility only,CHAOS_0099,100,"Sn,Ti,V,Zn","(Sn,Ti,V,Zn)O"
0.6302083333333334,0.8191056910569106,high-EFA + high descriptor compatibility,CHAOS_0100,101,"Cd,Fe,Mg,Ni","(Cd,Fe,Mg,Ni)O"
0.6556148373983739,0.8211382113821138,high-EFA + high descriptor compatibility,CHAOS_0101,102,"Ca,Fe,Mg,Ni","(Ca,Fe,Mg,Ni)O"
0.1834349593495935,0.1097560975609756,other,CHAOS_0102,103,"Mg,Mn,Sn,Ti","(Mg,Mn,Sn,Ti)O"
0.2342479674796748,0.7703252032520326,high-EFA only,CHAOS_0103,104,"Ca,Mg,Sn,Zn","(Ca,Mg,Sn,Zn)O"
0.4735772357723577,0.3597560975609756,other,CHAOS_0104,105,"Ca,Fe,Mg,Ti","(Ca,Fe,Mg,Ti)O"
0.6755589430894309,0.008130081300813009,high descriptor compatibility only,CHAOS_0105,106,"Sn,Tc,Ti,V","(Sn,Tc,Ti,V)O"
0.7433943089430894,0.1747967479674797,high descriptor compatibility only,CHAOS_0106,107,"Cd,Mn,Nb,Zn","(Cd,Mn,Nb,Zn)O"
0.6689532520325203,0.02235772357723577,high descriptor compatibility only,CHAOS_0107,108,"Cd,Sn,Ti,V","(Cd,Sn,Ti,V)O"
0.6286839430894309,0.06300813008130081,high descriptor compatibility only,CHAOS_0108,109,"Cd,Mg,Sn,Ti","(Cd,Mg,Sn,Ti)O"
0.4862804878048781,0.3150406504065041,other,CHAOS_0109,110,"Mg,Mn,Sr,V","(Mg,Mn,Sr,V)O"
0.3516260162601626,0.1707317073170732,other,CHAOS_0110,111,"Cd,Fe,Nb,Zn","(Cd,Fe,Nb,Zn)O"
0.3321900406504065,0.4288617886178862,other,CHAOS_0111,112,"Ca,Co,Ni,Sr","(Ca,Co,Ni,Sr)O"
0.7752794715447154,0.1544715447154472,high descriptor compatibility only,CHAOS_0112,113,"Ca,Cd,Nb,Ti","(Ca,Cd,Nb,Ti)O"
0.5882876016260163,0.8597560975609756,high-EFA + high descriptor compatibility,CHAOS_0113,114,"Cd,Mg,Ni,Sn","(Cd,Mg,Ni,Sn)O"
0.8891006097560976,0.8678861788617886,high-EFA + high descriptor compatibility,CHAOS_0114,115,"Cu,Fe,Mg,Ni","(Cu,Fe,Mg,Ni)O"
0.6065802845528455,0.9898373983739838,high-EFA + high descriptor compatibility,CHAOS_0115,116,"Ca,Cu,Mg,Zn","(Ca,Cu,Mg,Zn)O"
0.690040650406504,0.2601626016260163,high descriptor compatibility only,CHAOS_0116,117,"Cd,Mg,Ti,Zn","(Cd,Mg,Ti,Zn)O"
0.6563770325203251,0.1036585365853658,high descriptor compatibility only,CHAOS_0117,118,"Cd,Fe,Mg,Nb","(Cd,Fe,Mg,Nb)O"
0.4405487804878049,0.3130081300813008,other,CHAOS_0118,119,"Cu,Fe,V,Zn","(Cu,Fe,V,Zn)O"
0.573170731707317,0.2357723577235772,high descriptor compatibility only,CHAOS_0119,120,"Ca,Mn,Nb,Ti","(Ca,Mn,Nb,Ti)O"
0.2882367886178862,0.3699186991869919,other,CHAOS_0120,121,"Co,Fe,Ni,Sr","(Co,Fe,Ni,Sr)O"
0.291285569105691,0.7967479674796748,high-EFA only,CHAOS_0121,122,"Ca,Fe,Mn,Sn","(Ca,Fe,Mn,Sn)O"
0.3878302845528455,0.2195121951219512,other,CHAOS_0122,123,"Ca,Cd,Nb,Zn","(Ca,Cd,Nb,Zn)O"
0.1634908536585366,0.4939024390243902,other,CHAOS_0123,124,"Ni,Sn,Sr,Zn","(Ni,Sn,Sr,Zn)O"
0.3907520325203252,0.8638211382113821,high-EFA only,CHAOS_0124,125,"Ca,Co,Mg,Sn","(Ca,Co,Mg,Sn)O"
0.4842479674796748,0.5650406504065041,high-EFA only,CHAOS_0125,126,"Ca,Mg,Mn,Sr","(Ca,Mg,Mn,Sr)O"
0.9413109756097562,0.9512195121951219,high-EFA + high descriptor compatibility,CHAOS_0126,127,"Co,Fe,Mn,Ni","(Co,Fe,Mn,Ni)O"
0.8583587398373984,0.01219512195121951,high descriptor compatibility only,CHAOS_0127,128,"Cd,Mn,Nb,Ti","(Cd,Mn,Nb,Ti)O"
0.3555640243902439,0.0426829268292683,other,CHAOS_0128,129,"Nb,Sn,Tc,Zn","(Nb,Sn,Tc,Zn)O"
0.5659298780487805,0.04065040650406504,high descriptor compatibility only,CHAOS_0129,130,"Fe,Nb,Sn,V","(Fe,Nb,Sn,V)O"
0.3366361788617886,0.4186991869918699,other,CHAOS_0130,131,"Ca,Fe,Sr,Ti","(Ca,Fe,Sr,Ti)O"
0.280614837398374,0.0975609756097561,other,CHAOS_0131,132,"Mg,Sn,Ti,Zn","(Mg,Sn,Ti,Zn)O"
0.4404217479674797,0.4085365853658536,other,CHAOS_0132,133,"Ca,Fe,Ni,Sr","(Ca,Fe,Ni,Sr)O"
0.7475863821138211,0.08333333333333333,high descriptor compatibility only,CHAOS_0133,134,"Cd,Nb,Sr,Ti","(Cd,Nb,Sr,Ti)O"
0.1534552845528455,0.483739837398374,other,CHAOS_0134,135,"Fe,Mg,Sn,Sr","(Fe,Mg,Sn,Sr)O"
0.6014989837398373,0.5467479674796748,high-EFA + high descriptor compatibility,CHAOS_0135,136,"Cd,Co,Ni,Sn","(Cd,Co,Ni,Sn)O"
0.3842733739837398,0.258130081300813,other,CHAOS_0136,137,"Mg,Nb,Sr,Zn","(Mg,Nb,Sr,Zn)O"
0.4329268292682927,0.6178861788617886,high-EFA only,CHAOS_0137,138,"Cd,Fe,Sn,Zn","(Cd,Fe,Sn,Zn)O"
0.7158282520325203,0.1788617886178862,high descriptor compatibility only,CHAOS_0138,139,"Cd,Mg,Sn,V","(Cd,Mg,Sn,V)O"
0.7646087398373984,0.5873983739837398,high-EFA + high descriptor compatibility,CHAOS_0139,140,"Mn,Ni,V,Zn","(Mn,Ni,V,Zn)O"
0.462525406504065,0.7195121951219512,high-EFA only,CHAOS_0140,141,"Cd,Mg,Sr,Zn","(Cd,Mg,Sr,Zn)O"
0.5893038617886179,0.01829268292682927,high descriptor compatibility only,CHAOS_0141,142,"Nb,Ni,Sn,Ti","(Nb,Ni,Sn,Ti)O"
0.8682672764227642,0.8373983739837398,high-EFA + high descriptor compatibility,CHAOS_0142,143,"Cd,Co,Ni,Zn","(Cd,Co,Ni,Zn)O"
0.290015243902439,0.2378048780487805,other,CHAOS_0143,144,"Mg,Sn,V,Zn","(Mg,Sn,V,Zn)O"
0.6694613821138211,0.741869918699187,high-EFA + high descriptor compatibility,CHAOS_0144,145,"Ca,Fe,Mg,Zn","(Ca,Fe,Mg,Zn)O"
0.3150406504065041,0.7723577235772358,high-EFA only,CHAOS_0145,146,"Ca,Cd,Fe,Sn","(Ca,Cd,Fe,Sn)O"
0.522484756097561,0.3272357723577236,high descriptor compatibility only,CHAOS_0146,147,"Ca,Mn,Nb,V","(Ca,Mn,Nb,V)O"
0.5189278455284553,0.4410569105691057,high descriptor compatibility only,CHAOS_0147,148,"Cd,Fe,Ni,Sr","(Cd,Fe,Ni,Sr)O"
0.5436991869918699,0.4268292682926829,high descriptor compatibility only,CHAOS_0148,149,"Ca,Mg,Nb,Ti","(Ca,Mg,Nb,Ti)O"
0.4402947154471545,0.7073170731707317,high-EFA only,CHAOS_0149,150,"Ca,Co,Mg,Sr","(Ca,Co,Mg,Sr)O"
0.2746443089430894,0.298780487804878,other,CHAOS_0150,151,"Mg,Sr,Ti,Zn","(Mg,Sr,Ti,Zn)O"
0.6681910569105691,0.1280487804878049,high descriptor compatibility only,CHAOS_0151,152,"Cd,Mg,Mn,Nb","(Cd,Mg,Mn,Nb)O"
0.4307672764227642,0.6707317073170732,high-EFA only,CHAOS_0152,153,"Fe,Mn,Sr,Zn","(Fe,Mn,Sr,Zn)O"
0.8060213414634146,0.8943089430894309,high-EFA + high descriptor compatibility,CHAOS_0153,154,"Cd,Fe,Mg,Zn","(Cd,Fe,Mg,Zn)O"
0.4803099593495935,0.4329268292682927,other,CHAOS_0154,155,"Ca,Mn,Ni,Sr","(Ca,Mn,Ni,Sr)O"
0.3948170731707317,0.1910569105691057,other,CHAOS_0155,156,"Cd,Mn,Nb,Sr","(Cd,Mn,Nb,Sr)O"
0.6890243902439024,0.7642276422764228,high-EFA + high descriptor compatibility,CHAOS_0156,157,"Cd,Cu,Fe,Mg","(Cd,Cu,Fe,Mg)O"
0.1760670731707317,0.1849593495934959,other,CHAOS_0157,158,"Ca,Sn,Ti,V","(Ca,Sn,Ti,V)O"
0.8944359756097562,0.9878048780487805,high-EFA + high descriptor compatibility,CHAOS_0158,159,"Fe,Mg,Mn,Ni","(Fe,Mg,Mn,Ni)O"
0.5260416666666667,0.5813008130081301,high-EFA + high descriptor compatibility,CHAOS_0159,160,"Cd,Fe,Ni,Sn","(Cd,Fe,Ni,Sn)O"
0.8044969512195121,0.5365853658536586,high-EFA + high descriptor compatibility,CHAOS_0160,161,"Cd,Mg,V,Zn","(Cd,Mg,V,Zn)O"
0.6140752032520325,0.3536585365853658,high descriptor compatibility only,CHAOS_0161,162,"Ca,Mg,Mn,Ti","(Ca,Mg,Mn,Ti)O"
0.811229674796748,0.8983739837398373,high-EFA + high descriptor compatibility,CHAOS_0162,163,"Co,Cu,Fe,Ni","(Co,Cu,Fe,Ni)O"
0.5816819105691057,0.07317073170731707,high descriptor compatibility only,CHAOS_0163,164,"Ca,Cd,Nb,Sn","(Ca,Cd,Nb,Sn)O"
0.5893038617886178,0.1300813008130081,high descriptor compatibility only,CHAOS_0164,165,"Fe,Mg,Nb,Sn","(Fe,Mg,Nb,Sn)O"
0.6089939024390244,0.8414634146341463,high-EFA + high descriptor compatibility,CHAOS_0165,166,"Cu,Mg,V,Zn","(Cu,Mg,V,Zn)O"
0.2017276422764228,0.2865853658536585,other,CHAOS_0166,167,"Fe,Mg,Nb,Sr","(Fe,Mg,Nb,Sr)O"
0.1039126016260163,0.3089430894308943,other,CHAOS_0167,168,"Ca,Sn,Sr,Ti","(Ca,Sn,Sr,Ti)O"
0.4336890243902439,0.75,high-EFA only,CHAOS_0168,169,"Cd,Mg,Sn,Zn","(Cd,Mg,Sn,Zn)O"
0.4023119918699187,0.2520325203252032,other,CHAOS_0169,170,"Ca,Cd,Nb,Sr","(Ca,Cd,Nb,Sr)O"
0.7211636178861788,0.1727642276422764,high descriptor compatibility only,CHAOS_0170,171,"Cd,Fe,Sn,Ti","(Cd,Fe,Sn,Ti)O"
0.2021087398373984,0.1341463414634146,other,CHAOS_0171,172,"Fe,Nb,Sn,Zn","(Fe,Nb,Sn,Zn)O"
0.1829268292682927,0.03861788617886179,other,CHAOS_0172,173,"Cu,Nb,Sn,V","(Cu,Nb,Sn,V)O"
0.8201219512195121,0.09552845528455285,high descriptor compatibility only,CHAOS_0173,174,"Cd,Nb,Ti,V","(Cd,Nb,Ti,V)O"
0.8561991869918699,0.7601626016260162,high-EFA + high descriptor compatibility,CHAOS_0174,175,"Cd,Fe,Mn,Ni","(Cd,Fe,Mn,Ni)O"
0.1321138211382114,0.2235772357723577,other,CHAOS_0175,176,"Ca,Fe,Sn,Ti","(Ca,Fe,Sn,Ti)O"
0.6821646341463414,0.7886178861788617,high-EFA + high descriptor compatibility,CHAOS_0176,177,"Ca,Cd,Mg,Ni","(Ca,Cd,Mg,Ni)O"
0.5720274390243902,0.5914634146341463,high-EFA + high descriptor compatibility,CHAOS_0177,178,"Ca,Mg,Nb,Sr","(Ca,Mg,Nb,Sr)O"
0.708714430894309,0.8170731707317073,high-EFA + high descriptor compatibility,CHAOS_0178,179,"Mg,Ni,Sn,Zn","(Mg,Ni,Sn,Zn)O"
0.1438008130081301,0.508130081300813,high-EFA only,CHAOS_0179,180,"Mg,Mn,Sn,Sr","(Mg,Mn,Sn,Sr)O"
0.3941819105691057,0.4105691056910569,other,CHAOS_0180,181,"Fe,Mg,Ni,Sr","(Fe,Mg,Ni,Sr)O"
0.7365345528455285,0.4817073170731707,high descriptor compatibility only,CHAOS_0181,182,"Ca,Mg,Mn,V","(Ca,Mg,Mn,V)O"
0.4396595528455285,0.4634146341463415,other,CHAOS_0182,183,"Co,Cu,Fe,V","(Co,Cu,Fe,V)O"
0.255589430894309,0.6788617886178862,high-EFA only,CHAOS_0183,184,"Ca,Co,Sn,Sr","(Ca,Co,Sn,Sr)O"
0.9303861788617886,0.9959349593495935,high-EFA + high descriptor compatibility,CHAOS_0184,185,"Fe,Mn,Ni,Zn","(Fe,Mn,Ni,Zn)O"
0.697408536585366,0.9654471544715447,high-EFA + high descriptor compatibility,CHAOS_0185,186,"Ca,Co,Mg,Mn","(Ca,Co,Mg,Mn)O"
0.1344004065040651,0.1504065040650407,other,CHAOS_0186,187,"Ca,Nb,Sn,Ti","(Ca,Nb,Sn,Ti)O"
0.3730945121951219,0.6422764227642277,high-EFA only,CHAOS_0187,188,"Ca,Cd,Sr,V","(Ca,Cd,Sr,V)O"
0.1277947154471545,0.2439024390243902,other,CHAOS_0188,189,"Ca,Mg,Sn,Ti","(Ca,Mg,Sn,Ti)O"
0.6733993902439024,0.4959349593495935,high descriptor compatibility only,CHAOS_0189,190,"Mn,Nb,Ti,V","(Mn,Nb,Ti,V)O"
0.3836382113821138,0.8556910569105691,high-EFA only,CHAOS_0190,191,"Ca,Mg,Ni,Sn","(Ca,Mg,Ni,Sn)O"
0.6434197154471545,0.5792682926829268,high-EFA + high descriptor compatibility,CHAOS_0191,192,"Cd,Cu,V,Zn","(Cd,Cu,V,Zn)O"
0.7282774390243902,0.1585365853658537,high descriptor compatibility only,CHAOS_0192,193,"Cd,Mg,Nb,Zn","(Cd,Mg,Nb,Zn)O"
0.5480182926829268,0.6036585365853658,high-EFA + high descriptor compatibility,CHAOS_0193,194,"Cd,Co,Fe,Sn","(Cd,Co,Fe,Sn)O"
0.3427337398373984,0.1646341463414634,other,CHAOS_0194,195,"Nb,Sr,Tc,Ti","(Nb,Sr,Tc,Ti)O"
0.06389735772357724,0.1056910569105691,other,CHAOS_0195,196,"Cu,Nb,Sn,Sr","(Cu,Nb,Sn,Sr)O"
0.5663109756097562,0.3394308943089431,high descriptor compatibility only,CHAOS_0196,197,"Ca,Cd,Mg,Ti","(Ca,Cd,Mg,Ti)O"
0.481834349593496,0.3008130081300813,other,CHAOS_0197,198,"Ca,Nb,Sr,V","(Ca,Nb,Sr,V)O"
0.4554115853658537,0.06910569105691057,other,CHAOS_0198,199,"Cd,Fe,Nb,Sn","(Cd,Fe,Nb,Sn)O"
0.2458079268292683,0.3943089430894309,other,CHAOS_0199,200,"Co,Mg,Ni,Sr","(Co,Mg,Ni,Sr)O"
0.4697662601626016,0.6483739837398373,high-EFA only,CHAOS_0200,201,"Co,Mn,Sr,Zn","(Co,Mn,Sr,Zn)O"
0.6845782520325203,0.4024390243902439,high descriptor compatibility only,CHAOS_0201,202,"Ca,Mn,Ti,V","(Ca,Mn,Ti,V)O"
0.6859756097560976,0.8495934959349594,high-EFA + high descriptor compatibility,CHAOS_0202,203,"Ca,Cd,Co,Mg","(Ca,Cd,Co,Mg)O"
0.3798272357723577,0.3211382113821138,other,CHAOS_0203,204,"Mn,Sr,Ti,V","(Mn,Sr,Ti,V)O"
0.2624491869918699,0.241869918699187,other,CHAOS_0204,205,"Cd,Sr,Ti,Zn","(Cd,Sr,Ti,Zn)O"
0.561864837398374,0.5386178861788617,high-EFA + high descriptor compatibility,CHAOS_0205,206,"Fe,Ni,Sn,Zn","(Fe,Ni,Sn,Zn)O"
0.3292682926829268,0.1686991869918699,other,CHAOS_0206,207,"Ca,Nb,Sn,Sr","(Ca,Nb,Sn,Sr)O"
0.4070121951219512,0.1260162601626016,other,CHAOS_0207,208,"Cd,Mg,Nb,V","(Cd,Mg,Nb,V)O"
0.0933689024390244,0.1422764227642276,other,CHAOS_0208,209,"Fe,Nb,Sn,Sr","(Fe,Nb,Sn,Sr)O"
0.3897357723577236,0.573170731707317,high-EFA only,CHAOS_0209,210,"Ca,Cu,Mg,V","(Ca,Cu,Mg,V)O"
0.4048526422764228,0.6565040650406504,high-EFA only,CHAOS_0210,211,"Ca,Fe,Mg,Sr","(Ca,Fe,Mg,Sr)O"
0.171239837398374,0.6747967479674797,high-EFA only,CHAOS_0211,212,"Ca,Sn,Sr,Zn","(Ca,Sn,Sr,Zn)O"
0.5848577235772359,0.266260162601626,high descriptor compatibility only,CHAOS_0212,213,"Cd,Mn,Sr,Ti","(Cd,Mn,Sr,Ti)O"
0.4101880081300813,0.5264227642276422,high-EFA only,CHAOS_0213,214,"Mn,Ni,Sr,Zn","(Mn,Ni,Sr,Zn)O"
0.290015243902439,0.491869918699187,other,CHAOS_0214,215,"Cd,Sr,V,Zn","(Cd,Sr,V,Zn)O"
0.5036839430894309,0.709349593495935,high-EFA + high descriptor compatibility,CHAOS_0215,216,"Co,Fe,Mg,Sn","(Co,Fe,Mg,Sn)O"
0.4347052845528455,0.06504065040650407,other,CHAOS_0216,217,"Cu,Sn,Ti,V","(Cu,Sn,Ti,V)O"
0.4167936991869919,0.6991869918699187,high-EFA only,CHAOS_0217,218,"Ca,Mn,Sr,Zn","(Ca,Mn,Sr,Zn)O"
0.4557926829268292,0.4451219512195122,other,CHAOS_0218,219,"Mg,Nb,Ti,V","(Mg,Nb,Ti,V)O"
0.6985518292682926,0.8922764227642277,high-EFA + high descriptor compatibility,CHAOS_0219,220,"Ca,Cd,Mn,Ni","(Ca,Cd,Mn,Ni)O"
0.5734247967479675,0.6402439024390244,high-EFA + high descriptor compatibility,CHAOS_0220,221,"Co,Fe,Sn,Zn","(Co,Fe,Sn,Zn)O"
0.369410569105691,0.1626016260162602,other,CHAOS_0221,222,"Mg,Nb,Sn,Sr","(Mg,Nb,Sn,Sr)O"
0.4556656504065041,0.6280487804878049,high-EFA only,CHAOS_0222,223,"Cd,Fe,Sr,Zn","(Cd,Fe,Sr,Zn)O"
0.3008130081300813,0.7398373983739838,high-EFA only,CHAOS_0223,224,"Ca,Fe,Sn,Zn","(Ca,Fe,Sn,Zn)O"
0.4018038617886179,0.3414634146341464,other,CHAOS_0224,225,"Mg,Nb,Ti,Zn","(Mg,Nb,Ti,Zn)O"
0.7234502032520325,0.8008130081300813,high-EFA + high descriptor compatibility,CHAOS_0225,226,"Ca,Cd,Mg,Mn","(Ca,Cd,Mg,Mn)O"
0.2694359756097561,0.1382113821138211,other,CHAOS_0226,227,"Nb,Sn,Sr,Zn","(Nb,Sn,Sr,Zn)O"
0.1750508130081301,0.3841463414634146,other,CHAOS_0227,228,"Ca,Mg,Sn,V","(Ca,Mg,Sn,V)O"
0.6908028455284553,0.676829268292683,high-EFA + high descriptor compatibility,CHAOS_0228,229,"Ca,Cd,Fe,Mg","(Ca,Cd,Fe,Mg)O"
0.4583333333333333,0.4390243902439024,other,CHAOS_0229,230,"Ca,Cu,Mn,V","(Ca,Cu,Mn,V)O"
0.4087906504065041,0.7682926829268293,high-EFA only,CHAOS_0230,231,"Ca,Mg,Sr,Zn","(Ca,Mg,Sr,Zn)O"
0.2046493902439024,0.693089430894309,high-EFA only,CHAOS_0231,232,"Cd,Co,Sn,Sr","(Cd,Co,Sn,Sr)O"
0.1173780487804878,0.05284552845528456,other,CHAOS_0232,233,"Mg,Nb,Sn,Ti","(Mg,Nb,Sn,Ti)O"
0.7496189024390243,0.8841463414634146,high-EFA + high descriptor compatibility,CHAOS_0233,234,"Cd,Mg,Mn,Ni","(Cd,Mg,Mn,Ni)O"
0.5529725609756098,0.4796747967479675,high descriptor compatibility only,CHAOS_0234,235,"Mg,Mn,Ni,Sn","(Mg,Mn,Ni,Sn)O"
0.2195121951219512,0.07113821138211382,other,CHAOS_0235,236,"Cd,Nb,Sn,Zn","(Cd,Nb,Sn,Zn)O"
0.7158282520325203,0.7154471544715447,high-EFA + high descriptor compatibility,CHAOS_0236,237,"Cd,Co,Mn,Ni","(Cd,Co,Mn,Ni)O"
0.4597306910569106,0.3678861788617886,other,CHAOS_0237,238,"Ca,Fe,Mn,Sr","(Ca,Fe,Mn,Sr)O"
0.3702997967479675,0.2215447154471545,other,CHAOS_0238,239,"Ca,Sn,Ti,Zn","(Ca,Sn,Ti,Zn)O"
0.5124491869918699,0.3252032520325203,high descriptor compatibility only,CHAOS_0239,240,"Ca,Nb,Sr,Ti","(Ca,Nb,Sr,Ti)O"
0.4635416666666666,0.451219512195122,other,CHAOS_0240,241,"Co,Fe,Ni,V","(Co,Fe,Ni,V)O"
0.3945630081300813,0.6056910569105691,high-EFA only,CHAOS_0241,242,"Cd,Mg,Mn,Sn","(Cd,Mg,Mn,Sn)O"
0.2693089430894309,0.5426829268292683,high-EFA only,CHAOS_0242,243,"Co,Mg,Sr,Zn","(Co,Mg,Sr,Zn)O"
0.1138211382113821,0.5630081300813008,high-EFA only,CHAOS_0243,244,"Ca,Sn,Sr,V","(Ca,Sn,Sr,V)O"
0.3910060975609755,0.5528455284552846,high-EFA only,CHAOS_0244,245,"Cu,Fe,Mg,Ti","(Cu,Fe,Mg,Ti)O"
0.6891514227642277,0.01626016260162602,high descriptor compatibility only,CHAOS_0245,246,"Cd,Mn,Nb,Sn","(Cd,Mn,Nb,Sn)O"
0.2976371951219512,0.06707317073170732,other,CHAOS_0246,247,"Mg,Nb,Sn,Zn","(Mg,Nb,Sn,Zn)O"
0.7479674796747968,0.9085365853658537,high-EFA + high descriptor compatibility,CHAOS_0247,248,"Ca,Cd,Co,Mn","(Ca,Cd,Co,Mn)O"
0.8269817073170731,0.8272357723577236,high-EFA + high descriptor compatibility,CHAOS_0248,249,"Cu,Fe,Mg,Zn","(Cu,Fe,Mg,Zn)O"
0.2239583333333333,0.4613821138211382,other,CHAOS_0249,250,"Fe,Mn,Sn,Sr","(Fe,Mn,Sn,Sr)O"
0.7217987804878048,0.6117886178861789,high-EFA + high descriptor compatibility,CHAOS_0250,251,"Mg,Mn,Ti,V","(Mg,Mn,Ti,V)O"
0.6876270325203253,0.4979674796747968,high descriptor compatibility only,CHAOS_0251,252,"Ca,Mg,Mn,Zn","(Ca,Mg,Mn,Zn)O"
0.2272611788617886,0.2784552845528455,other,CHAOS_0252,253,"Cd,Sn,Sr,V","(Cd,Sn,Sr,V)O"
0.3452743902439025,0.7784552845528455,high-EFA only,CHAOS_0253,254,"Ca,Co,Ni,Sn","(Ca,Co,Ni,Sn)O"
0.3642022357723577,0.3983739837398374,other,CHAOS_0254,255,"Fe,Mn,Ni,Sr","(Fe,Mn,Ni,Sr)O"
0.3315548780487805,0.9065040650406504,high-EFA only,CHAOS_0255,256,"Ca,Cd,Mg,Sn","(Ca,Cd,Mg,Sn)O"
0.4355945121951219,0.4227642276422764,other,CHAOS_0256,257,"Ca,Mn,Ti,Zn","(Ca,Mn,Ti,Zn)O"
0.3791920731707317,0.7235772357723578,high-EFA only,CHAOS_0257,258,"Mg,Mn,Sr,Zn","(Mg,Mn,Sr,Zn)O"
0.4541412601626016,0.09959349593495935,other,CHAOS_0258,259,"Mn,Nb,Sn,V","(Mn,Nb,Sn,V)O"
0.3622967479674797,0.2764227642276423,other,CHAOS_0259,260,"Mn,Sn,Sr,V","(Mn,Sn,Sr,V)O"
0.09883130081300812,0.1199186991869919,other,CHAOS_0260,261,"Co,Nb,Sn,Sr","(Co,Nb,Sn,Sr)O"
0.7801067073170731,0.2886178861788618,high descriptor compatibility only,CHAOS_0261,262,"Cd,Mn,Ti,Zn","(Cd,Mn,Ti,Zn)O"
0.529979674796748,0.7032520325203252,high-EFA + high descriptor compatibility,CHAOS_0262,263,"Ca,Mg,Ti,Zn","(Ca,Mg,Ti,Zn)O"
0.5050813008130081,0.6504065040650406,high-EFA + high descriptor compatibility,CHAOS_0263,264,"Cd,Co,Mn,Sr","(Cd,Co,Mn,Sr)O"
0.5236280487804879,0.524390243902439,high-EFA + high descriptor compatibility,CHAOS_0264,265,"Mg,Mn,Nb,Zn","(Mg,Mn,Nb,Zn)O"
0.7137957317073171,0.9857723577235772,high-EFA + high descriptor compatibility,CHAOS_0265,266,"Ca,Co,Mn,Zn","(Ca,Co,Mn,Zn)O"
0.3484502032520325,0.1605691056910569,other,CHAOS_0266,267,"Cd,Fe,Nb,Sr","(Cd,Fe,Nb,Sr)O"
0.7460619918699187,0.8699186991869918,high-EFA + high descriptor compatibility,CHAOS_0267,268,"Co,Ni,Sn,Zn","(Co,Ni,Sn,Zn)O"
0.7538109756097561,0.9227642276422764,high-EFA + high descriptor compatibility,CHAOS_0268,269,"Ca,Co,Fe,Mn","(Ca,Co,Fe,Mn)O"
0.4122205284552846,0.4532520325203252,other,CHAOS_0269,270,"Ca,Fe,Nb,Zn","(Ca,Fe,Nb,Zn)O"
0.6873729674796748,0.2926829268292683,high descriptor compatibility only,CHAOS_0270,271,"Fe,Nb,Ti,Zn","(Fe,Nb,Ti,Zn)O"
0.4970782520325203,0.3760162601626016,other,CHAOS_0271,272,"Fe,Mg,Nb,Ti","(Fe,Mg,Nb,Ti)O"
0.5616107723577236,0.5487804878048781,high-EFA + high descriptor compatibility,CHAOS_0272,273,"Fe,Mn,Ni,Sn","(Fe,Mn,Ni,Sn)O"
0.5486534552845528,0.8739837398373984,high-EFA + high descriptor compatibility,CHAOS_0273,274,"Cu,Fe,Mn,Zn","(Cu,Fe,Mn,Zn)O"
0.2154471544715447,0.07723577235772358,other,CHAOS_0274,275,"Mn,Sr,Ti,Zn","(Mn,Sr,Ti,Zn)O"
0.4921239837398373,0.6341463414634146,high-EFA only,CHAOS_0275,276,"Cd,Mg,Ni,Sr","(Cd,Mg,Ni,Sr)O"
0.5104166666666666,0.07520325203252033,high descriptor compatibility only,CHAOS_0276,277,"Mn,Sn,Ti,V","(Mn,Sn,Ti,V)O"
0.7360264227642277,0.7621951219512195,high-EFA + high descriptor compatibility,CHAOS_0277,278,"Ca,Co,Mn,Ni","(Ca,Co,Mn,Ni)O"
0.2629573170731707,0.3780487804878049,other,CHAOS_0278,279,"Co,Ni,Sn,Sr","(Co,Ni,Sn,Sr)O"
0.5480182926829268,0.2296747967479675,high descriptor compatibility only,CHAOS_0279,280,"Nb,Sr,Ti,V","(Nb,Sr,Ti,V)O"
0.3766514227642276,0.5182926829268293,high-EFA only,CHAOS_0280,281,"Cd,Co,Mn,Sn","(Cd,Co,Mn,Sn)O"
0.539380081300813,0.5691056910569106,high-EFA + high descriptor compatibility,CHAOS_0281,282,"Ca,Cd,Fe,Sr","(Ca,Cd,Fe,Sr)O"
0.9321646341463414,0.991869918699187,high-EFA + high descriptor compatibility,CHAOS_0282,283,"Co,Mg,Ni,Zn","(Co,Mg,Ni,Zn)O"
0.4766260162601626,0.02439024390243903,other,CHAOS_0283,284,"Nb,Sn,Ti,Zn","(Nb,Sn,Ti,Zn)O"
0.368140243902439,0.6260162601626016,high-EFA only,CHAOS_0284,285,"Cd,Fe,Mg,Sn","(Cd,Fe,Mg,Sn)O"
0.2893800813008131,0.4146341463414634,other,CHAOS_0285,286,"Co,Ni,Sr,Zn","(Co,Ni,Sr,Zn)O"
0.7096036585365854,0.7378048780487805,high-EFA + high descriptor compatibility,CHAOS_0286,287,"Ca,Mn,Ni,Zn","(Ca,Mn,Ni,Zn)O"
0.2379319105691057,0.03658536585365853,other,CHAOS_0287,288,"Fe,Sn,Ti,V","(Fe,Sn,Ti,V)O"
0.2009654471544715,0.5142276422764228,high-EFA only,CHAOS_0288,289,"Cd,Mn,Sn,Sr","(Cd,Mn,Sn,Sr)O"
0.7592733739837398,0.8150406504065041,high-EFA + high descriptor compatibility,CHAOS_0289,290,"Cd,Co,Cu,Fe","(Cd,Co,Cu,Fe)O"
0.794334349593496,0.9634146341463414,high-EFA + high descriptor compatibility,CHAOS_0290,291,"Co,Cu,Mn,Zn","(Co,Cu,Mn,Zn)O"
0.6215701219512195,0.03252032520325204,high descriptor compatibility only,CHAOS_0291,292,"Co,Nb,Sn,Ti","(Co,Nb,Sn,Ti)O"
0.5207063008130082,0.717479674796748,high-EFA + high descriptor compatibility,CHAOS_0292,293,"Cu,Mg,Ni,Sn","(Cu,Mg,Ni,Sn)O"
0.07647357723577233,0.2073170731707317,other,CHAOS_0293,294,"Fe,Sn,Sr,Ti","(Fe,Sn,Sr,Ti)O"
0.3365091463414634,0.467479674796748,other,CHAOS_0294,295,"Co,Fe,Sr,Zn","(Co,Fe,Sr,Zn)O"
0.8896087398373984,0.9369918699186992,high-EFA + high descriptor compatibility,CHAOS_0295,296,"Mg,Mn,Ni,Zn","(Mg,Mn,Ni,Zn)O"
0.09667174796747967,0.3191056910569106,other,CHAOS_0296,297,"Sn,Sr,V,Zn","(Sn,Sr,V,Zn)O"
0.8592479674796748,0.9715447154471545,high-EFA + high descriptor compatibility,CHAOS_0297,298,"Cd,Mg,Mn,Zn","(Cd,Mg,Mn,Zn)O"
0.5365853658536586,0.5020325203252033,high-EFA + high descriptor compatibility,CHAOS_0298,299,"Fe,Mn,Ni,V","(Fe,Mn,Ni,V)O"
0.7061737804878049,0.8882113821138211,high-EFA + high descriptor compatibility,CHAOS_0299,300,"Ca,Co,Ni,Zn","(Ca,Co,Ni,Zn)O"
0.248094512195122,0.758130081300813,high-EFA only,CHAOS_0300,301,"Cd,Ni,Sn,Sr","(Cd,Ni,Sn,Sr)O"
0.2214176829268293,0.2154471544715447,other,CHAOS_0301,302,"Cd,Nb,Sr,Zn","(Cd,Nb,Sr,Zn)O"
0.3318089430894309,0.08536585365853659,other,CHAOS_0302,303,"Fe,Mg,Sn,Ti","(Fe,Mg,Sn,Ti)O"
0.7566056910569106,0.6585365853658537,high-EFA + high descriptor compatibility,CHAOS_0303,304,"Ca,Cd,Mn,V","(Ca,Cd,Mn,V)O"
0.5767276422764227,0.6829268292682927,high-EFA + high descriptor compatibility,CHAOS_0304,305,"Fe,Mg,Ti,Zn","(Fe,Mg,Ti,Zn)O"
0.3061483739837398,0.04878048780487805,other,CHAOS_0305,306,"Mg,Nb,Sn,Tc","(Mg,Nb,Sn,Tc)O"
0.6403709349593496,0.9613821138211383,high-EFA + high descriptor compatibility,CHAOS_0306,307,"Ca,Mg,V,Zn","(Ca,Mg,V,Zn)O"
0.5547510162601625,0.6869918699186992,high-EFA + high descriptor compatibility,CHAOS_0307,308,"Cd,Fe,Mn,Sr","(Cd,Fe,Mn,Sr)O"
0.6044207317073171,0.8130081300813008,high-EFA + high descriptor compatibility,CHAOS_0308,309,"Co,Mn,V,Zn","(Co,Mn,V,Zn)O"
0.3130081300813008,0.1402439024390244,other,CHAOS_0309,310,"Nb,Sr,V,Zn","(Nb,Sr,V,Zn)O"
0.7498729674796747,0.9532520325203252,high-EFA + high descriptor compatibility,CHAOS_0310,311,"Co,Mg,V,Zn","(Co,Mg,V,Zn)O"
0.5188008130081301,0.3048780487804878,high descriptor compatibility only,CHAOS_0311,312,"Mg,Mn,Nb,Ti","(Mg,Mn,Nb,Ti)O"
0.4485518292682926,0.556910569105691,high-EFA only,CHAOS_0312,313,"Ca,Fe,Nb,Ti","(Ca,Fe,Nb,Ti)O"
0.5773628048780488,0.5508130081300813,high-EFA + high descriptor compatibility,CHAOS_0313,314,"Ca,Mg,Sr,Ti","(Ca,Mg,Sr,Ti)O"
0.3526422764227642,0.1016260162601626,other,CHAOS_0314,315,"Cd,Nb,Sr,V","(Cd,Nb,Sr,V)O"
0.5085111788617886,0.1158536585365854,high descriptor compatibility only,CHAOS_0315,316,"Mn,Nb,Sn,Zn","(Mn,Nb,Sn,Zn)O"
0.4443597560975609,0.9552845528455285,high-EFA only,CHAOS_0316,317,"Ca,Cd,Sn,Sr","(Ca,Cd,Sn,Sr)O"
0.5415396341463414,0.1117886178861789,high descriptor compatibility only,CHAOS_0317,318,"Cd,Mn,Sn,Ti","(Cd,Mn,Sn,Ti)O"
0.303734756097561,0.1971544715447154,other,CHAOS_0318,319,"Fe,Sn,Ti,Zn","(Fe,Sn,Ti,Zn)O"
0.2588922764227642,0.2479674796747967,other,CHAOS_0319,320,"Fe,Mg,Sr,Ti","(Fe,Mg,Sr,Ti)O"
0.06529471544715446,0.3577235772357724,other,CHAOS_0320,321,"Mg,Sn,Sr,V","(Mg,Sn,Sr,V)O"
0.272484756097561,0.6727642276422764,high-EFA only,CHAOS_0321,322,"Ca,Co,Fe,Sn","(Ca,Co,Fe,Sn)O"
0.5920985772357723,0.6443089430894309,high-EFA + high descriptor compatibility,CHAOS_0322,323,"Ca,Mg,Sr,V","(Ca,Mg,Sr,V)O"
0.3996443089430894,0.2113821138211382,other,CHAOS_0323,324,"Mn,Sn,Sr,Ti","(Mn,Sn,Sr,Ti)O"
0.1570121951219512,0.2276422764227642,other,CHAOS_0324,325,"Ca,Mn,Nb,Sn","(Ca,Mn,Nb,Sn)O"
0.1267784552845528,0.5670731707317073,high-EFA only,CHAOS_0325,326,"Mg,Ni,Sn,Sr","(Mg,Ni,Sn,Sr)O"
0.1539634146341464,0.07926829268292683,other,CHAOS_0326,327,"Ca,Mn,Sn,Ti","(Ca,Mn,Sn,Ti)O"
0.5912093495934959,0.3475609756097561,high descriptor compatibility only,CHAOS_0327,328,"Ca,Sr,Ti,V","(Ca,Sr,Ti,V)O"
0.3504827235772358,0.4308943089430894,other,CHAOS_0328,329,"Cu,Mn,Ni,Sn","(Cu,Mn,Ni,Sn)O"
0.2508892276422764,0.2540650406504065,other,CHAOS_0329,330,"Fe,Nb,Sr,Zn","(Fe,Nb,Sr,Zn)O"
0.5151168699186992,0.3882113821138211,high descriptor compatibility only,CHAOS_0330,331,"Ca,Mg,Nb,V","(Ca,Mg,Nb,V)O"
0.3086890243902439,0.3231707317073171,other,CHAOS_0331,332,"Ca,Cd,Sr,Ti","(Ca,Cd,Sr,Ti)O"
0.8259654471544715,0.3170731707317073,high descriptor compatibility only,CHAOS_0332,333,"Cd,Mg,Mn,V","(Cd,Mg,Mn,V)O"
0.1976626016260162,0.02032520325203252,other,CHAOS_0333,334,"Nb,Sn,V,Zn","(Nb,Sn,V,Zn)O"
0.3166920731707317,0.4065040650406504,other,CHAOS_0334,335,"Co,Mn,Ni,Sr","(Co,Mn,Ni,Sr)O"
0.2235772357723577,0.3455284552845528,other,CHAOS_0335,336,"Fe,Sr,Ti,Zn","(Fe,Sr,Ti,Zn)O"
0.615599593495935,0.7134146341463414,high-EFA + high descriptor compatibility,CHAOS_0336,337,"Cu,Mg,Mn,V","(Cu,Mg,Mn,V)O"
0.2464430894308943,0.516260162601626,high-EFA only,CHAOS_0337,338,"Mn,Sr,V,Zn","(Mn,Sr,V,Zn)O"
0.8107215447154471,0.959349593495935,high-EFA + high descriptor compatibility,CHAOS_0338,339,"Co,Cu,Fe,Mg","(Co,Cu,Fe,Mg)O"
0.681910569105691,0.5995934959349594,high-EFA + high descriptor compatibility,CHAOS_0339,340,"Fe,Mg,Ni,Sn","(Fe,Mg,Ni,Sn)O"
0.802464430894309,0.6544715447154471,high-EFA + high descriptor compatibility,CHAOS_0340,341,"Co,Cu,Mn,Ni","(Co,Cu,Mn,Ni)O"
0.4790396341463414,0.443089430894309,other,CHAOS_0341,342,"Fe,Mg,Nb,Zn","(Fe,Mg,Nb,Zn)O"
0.3159298780487805,0.5955284552845529,high-EFA only,CHAOS_0342,343,"Mg,Sr,V,Zn","(Mg,Sr,V,Zn)O"
0.4378810975609756,0.8577235772357723,high-EFA only,CHAOS_0343,344,"Ca,Cd,Co,Sn","(Ca,Cd,Co,Sn)O"
0.5374745934959351,0.6097560975609756,high-EFA + high descriptor compatibility,CHAOS_0344,345,"Cd,Mn,Ni,Sr","(Cd,Mn,Ni,Sr)O"
0.3142784552845528,0.1138211382113821,other,CHAOS_0345,346,"Ca,Nb,Sn,V","(Ca,Nb,Sn,V)O"
0.6404979674796748,0.4573170731707317,high descriptor compatibility only,CHAOS_0346,347,"Co,Mn,Ni,Sn","(Co,Mn,Ni,Sn)O"
0.4020579268292682,0.2052845528455285,other,CHAOS_0347,348,"Mn,Sn,V,Zn","(Mn,Sn,V,Zn)O"
0.5443343495934959,0.1890243902439024,high descriptor compatibility only,CHAOS_0348,349,"Cd,Mn,Nb,V","(Cd,Mn,Nb,V)O"
0.7658790650406504,0.8455284552845529,high-EFA + high descriptor compatibility,CHAOS_0349,350,"Cd,Co,Fe,Mg","(Cd,Co,Fe,Mg)O"
0.1957571138211382,0.217479674796748,other,CHAOS_0350,351,"Sn,Sr,Ti,Zn","(Sn,Sr,Ti,Zn)O"
0.3077997967479675,0.274390243902439,other,CHAOS_0351,352,"Ca,Cd,Sn,V","(Ca,Cd,Sn,V)O"
0.7902693089430894,0.9044715447154471,high-EFA + high descriptor compatibility,CHAOS_0352,353,"Cu,Mg,Mn,Zn","(Cu,Mg,Mn,Zn)O"
0.2647357723577236,0.1951219512195122,other,CHAOS_0353,354,"Cd,Mg,Sr,Ti","(Cd,Mg,Sr,Ti)O"
0.9382621951219512,0.983739837398374,high-EFA + high descriptor compatibility,CHAOS_0354,355,"Co,Mn,Ni,Zn","(Co,Mn,Ni,Zn)O"
0.669334349593496,0.06097560975609756,high descriptor compatibility only,CHAOS_0355,356,"Mn,Nb,Sn,Tc","(Mn,Nb,Sn,Tc)O"
0.8154217479674797,0.6890243902439024,high-EFA + high descriptor compatibility,CHAOS_0356,357,"Cd,Co,Fe,Ni","(Cd,Co,Fe,Ni)O"
0.9145071138211383,0.8861788617886179,high-EFA + high descriptor compatibility,CHAOS_0357,358,"Fe,Mg,Ni,Zn","(Fe,Mg,Ni,Zn)O"
0.2545731707317074,0.1930894308943089,other,CHAOS_0358,359,"Mg,Mn,Sn,V","(Mg,Mn,Sn,V)O"
0.6173780487804879,0.02642276422764228,high descriptor compatibility only,CHAOS_0359,360,"Cd,Nb,V,Zn","(Cd,Nb,V,Zn)O"
0.5452235772357724,0.8760162601626016,high-EFA + high descriptor compatibility,CHAOS_0360,361,"Ca,Cd,Co,Sr","(Ca,Cd,Co,Sr)O"
0.6626016260162602,0.9166666666666666,high-EFA + high descriptor compatibility,CHAOS_0361,362,"Ca,Mg,Ni,Zn","(Ca,Mg,Ni,Zn)O"
0.321900406504065,0.532520325203252,high-EFA only,CHAOS_0362,363,"Ca,Fe,Sr,Zn","(Ca,Fe,Sr,Zn)O"
0.6641260162601625,0.6219512195121951,high-EFA + high descriptor compatibility,CHAOS_0363,364,"Ca,Mn,Sr,V","(Ca,Mn,Sr,V)O"
0.2263719512195122,0.282520325203252,other,CHAOS_0364,365,"Mn,Nb,Sr,Zn","(Mn,Nb,Sr,Zn)O"
0.3706808943089431,0.2967479674796748,other,CHAOS_0365,366,"Mg,Nb,Sr,Ti","(Mg,Nb,Sr,Ti)O"
0.4893292682926829,0.5609756097560976,high-EFA only,CHAOS_0366,367,"Cd,Ni,Sr,Zn","(Cd,Ni,Sr,Zn)O"
0.6990599593495934,0.6605691056910569,high-EFA + high descriptor compatibility,CHAOS_0367,368,"Cd,Cu,Mn,Ni","(Cd,Cu,Mn,Ni)O"
0.1476117886178862,0.3353658536585366,other,CHAOS_0368,369,"Ca,Mn,Sn,V","(Ca,Mn,Sn,V)O"
0.7911585365853658,0.8434959349593496,high-EFA + high descriptor compatibility,CHAOS_0369,370,"Co,Cu,Fe,Mn","(Co,Cu,Fe,Mn)O"
0.369410569105691,0.3028455284552846,other,CHAOS_0370,371,"Ca,Cd,Ti,Zn","(Ca,Cd,Ti,Zn)O"
0.4677337398373984,0.4715447154471545,other,CHAOS_0371,372,"Cd,Co,Ni,Sr","(Cd,Co,Ni,Sr)O"
0.6934705284552846,0.8516260162601627,high-EFA + high descriptor compatibility,CHAOS_0372,373,"Ca,Co,Fe,Ni","(Ca,Co,Fe,Ni)O"
0.5154979674796748,0.7947154471544715,high-EFA + high descriptor compatibility,CHAOS_0373,374,"Cd,Mn,Sr,Zn","(Cd,Mn,Sr,Zn)O"
0.3509908536585366,0.725609756097561,high-EFA only,CHAOS_0374,375,"Cd,Co,Mg,Sn","(Cd,Co,Mg,Sn)O"
0.4232723577235772,0.5975609756097561,high-EFA only,CHAOS_0375,376,"Mg,Mn,Sn,Zn","(Mg,Mn,Sn,Zn)O"
0.3927845528455285,0.5223577235772358,high-EFA only,CHAOS_0376,377,"Ca,Ni,Sr,Zn","(Ca,Ni,Sr,Zn)O"
0.6820376016260163,0.25,high descriptor compatibility only,CHAOS_0377,378,"Ca,Cd,Fe,Nb","(Ca,Cd,Fe,Nb)O"
0.883130081300813,1.0,high-EFA + high descriptor compatibility,CHAOS_0378,379,"Co,Mg,Mn,Zn","(Co,Mg,Mn,Zn)O"
0.5097815040650406,0.1666666666666667,high descriptor compatibility only,CHAOS_0379,380,"Mn,Sn,Ti,Zn","(Mn,Sn,Ti,Zn)O"
0.5717733739837398,0.3516260162601626,high descriptor compatibility only,CHAOS_0380,381,"Ca,Nb,Ti,Zn","(Ca,Nb,Ti,Zn)O"
0.3462906504065041,0.6016260162601627,high-EFA only,CHAOS_0381,382,"Ca,Co,Sr,Zn","(Ca,Co,Sr,Zn)O"
0.193724593495935,0.5711382113821138,high-EFA only,CHAOS_0382,383,"Co,Sn,Sr,Zn","(Co,Sn,Sr,Zn)O"
0.3319359756097561,0.1361788617886179,other,CHAOS_0383,384,"Ca,Cd,Nb,V","(Ca,Cd,Nb,V)O"
0.1872459349593496,0.3333333333333333,other,CHAOS_0384,385,"Ca,Sr,Ti,Zn","(Ca,Sr,Ti,Zn)O"
0.4267022357723578,0.1178861788617886,other,CHAOS_0385,386,"Cd,Mn,Ti,V","(Cd,Mn,Ti,V)O"
0.6651422764227641,0.7439024390243902,high-EFA + high descriptor compatibility,CHAOS_0386,387,"Ca,Cd,Co,Ni","(Ca,Cd,Co,Ni)O"
0.8109756097560976,0.9939024390243902,high-EFA + high descriptor compatibility,CHAOS_0387,388,"Cd,Cu,Mg,Zn","(Cd,Cu,Mg,Zn)O"
0.5619918699186992,0.5772357723577236,high-EFA + high descriptor compatibility,CHAOS_0388,389,"Mn,Ni,Sn,Zn","(Mn,Ni,Sn,Zn)O"
0.2604166666666666,0.3495934959349594,other,CHAOS_0389,390,"Mg,Mn,Sr,Ti","(Mg,Mn,Sr,Ti)O"
0.6767022357723578,0.8821138211382114,high-EFA + high descriptor compatibility,CHAOS_0390,391,"Ca,Co,Mg,Ni","(Ca,Co,Mg,Ni)O"
0.2869664634146341,0.4491869918699187,other,CHAOS_0391,392,"Co,Fe,Mg,Sr","(Co,Fe,Mg,Sr)O"
0.7193851626016261,0.6382113821138211,high-EFA + high descriptor compatibility,CHAOS_0392,393,"Co,Fe,Ni,Sn","(Co,Fe,Ni,Sn)O"
0.5744410569105691,0.04674796747967479,high descriptor compatibility only,CHAOS_0393,394,"Cd,Nb,Ti,Zn","(Cd,Nb,Ti,Zn)O"
0.8320630081300813,0.290650406504065,high descriptor compatibility only,CHAOS_0394,395,"Cd,Mg,Mn,Ti","(Cd,Mg,Mn,Ti)O"
0.3710619918699187,0.1768292682926829,other,CHAOS_0395,396,"Nb,Sr,Ti,Zn","(Nb,Sr,Ti,Zn)O"
0.4264481707317074,0.3800813008130081,other,CHAOS_0396,397,"Fe,Ni,V,Zn","(Fe,Ni,V,Zn)O"
0.3901168699186992,0.2845528455284553,other,CHAOS_0397,398,"Ca,Nb,Sr,Zn","(Ca,Nb,Sr,Zn)O"
0.4688770325203252,0.5934959349593496,high-EFA only,CHAOS_0398,399,"Co,Fe,Mn,Sn","(Co,Fe,Mn,Sn)O"
0.6557418699186992,0.004065040650406504,high descriptor compatibility only,CHAOS_0399,400,"Nb,Sn,Tc,Ti","(Nb,Sn,Tc,Ti)O"
0.7676575203252032,0.1239837398373984,high descriptor compatibility only,CHAOS_0400,401,"Cd,Mg,Nb,Ti","(Cd,Mg,Nb,Ti)O"
0.5367123983739838,0.2398373983739837,high descriptor compatibility only,CHAOS_0401,402,"Ca,Cd,Ti,V","(Ca,Cd,Ti,V)O"
0.3390497967479675,0.5853658536585366,high-EFA only,CHAOS_0402,403,"Ca,Mn,Ni,Sn","(Ca,Mn,Ni,Sn)O"
0.8465447154471545,0.7987804878048781,high-EFA + high descriptor compatibility,CHAOS_0403,404,"Cu,Mg,Mn,Ni","(Cu,Mg,Mn,Ni)O"
0.2182418699186992,0.4695121951219512,other,CHAOS_0404,405,"Fe,Sn,Sr,Zn","(Fe,Sn,Sr,Zn)O"
0.8977388211382114,0.9004065040650406,high-EFA + high descriptor compatibility,CHAOS_0405,406,"Co,Fe,Mg,Zn","(Co,Fe,Mg,Zn)O"
0.4190802845528455,0.4044715447154472,other,CHAOS_0406,407,"Fe,Ni,Sr,Zn","(Fe,Ni,Sr,Zn)O"
0.3382876016260162,0.8902439024390244,high-EFA only,CHAOS_0407,408,"Ca,Co,Mn,Sn","(Ca,Co,Mn,Sn)O"
0.7176067073170731,0.475609756097561,high descriptor compatibility only,CHAOS_0408,409,"Ca,Mn,V,Zn","(Ca,Mn,V,Zn)O"
0.756224593495935,0.7296747967479674,high-EFA + high descriptor compatibility,CHAOS_0409,410,"Ca,Cd,Fe,Mn","(Ca,Cd,Fe,Mn)O"
0.06402439024390247,0.1524390243902439,other,CHAOS_0410,411,"Mn,Nb,Sn,Sr","(Mn,Nb,Sn,Sr)O"
0.8370172764227642,0.6666666666666666,high-EFA + high descriptor compatibility,CHAOS_0411,412,"Co,Fe,V,Zn","(Co,Fe,V,Zn)O"
0.9203506097560976,0.9573170731707317,high-EFA + high descriptor compatibility,CHAOS_0412,413,"Co,Fe,Mg,Ni","(Co,Fe,Mg,Ni)O"
0.6647611788617886,0.8719512195121951,high-EFA + high descriptor compatibility,CHAOS_0413,414,"Ca,Cd,Co,Zn","(Ca,Cd,Co,Zn)O"
0.3215193089430894,0.002032520325203252,other,CHAOS_0414,415,"Nb,Sn,Tc,V","(Nb,Sn,Tc,V)O"
0.733739837398374,0.9796747967479674,high-EFA + high descriptor compatibility,CHAOS_0415,416,"Ca,Cd,Mn,Zn","(Ca,Cd,Mn,Zn)O"
0.6646341463414633,0.9349593495934959,high-EFA + high descriptor compatibility,CHAOS_0416,417,"Ca,Co,Mg,Zn","(Ca,Co,Mg,Zn)O"
0.9186991869918699,0.9695121951219512,high-EFA + high descriptor compatibility,CHAOS_0417,418,"Cu,Fe,Ni,Zn","(Cu,Fe,Ni,Zn)O"
0.2658790650406504,0.1869918699186992,other,CHAOS_0418,419,"Cd,Mg,Nb,Sr","(Cd,Mg,Nb,Sr)O"
0.109375,0.1483739837398374,other,CHAOS_0419,420,"Ca,Nb,Sn,Zn","(Ca,Nb,Sn,Zn)O"
0.6617123983739837,0.8617886178861789,high-EFA + high descriptor compatibility,CHAOS_0420,421,"Ca,Fe,Ni,Zn","(Ca,Fe,Ni,Zn)O"
0.8846544715447155,0.8109756097560976,high-EFA + high descriptor compatibility,CHAOS_0421,422,"Co,Fe,Mg,Mn","(Co,Fe,Mg,Mn)O"
0.4122205284552846,0.2134146341463415,other,CHAOS_0422,423,"Fe,Nb,Sr,Ti","(Fe,Nb,Sr,Ti)O"
0.4364837398373984,0.01422764227642276,other,CHAOS_0423,424,"Cd,Nb,Sn,Ti","(Cd,Nb,Sn,Ti)O"
0.3833841463414634,0.1991869918699187,other,CHAOS_0424,425,"Mn,Nb,Sr,Ti","(Mn,Nb,Sr,Ti)O"
0.598069105691057,0.4857723577235772,high descriptor compatibility only,CHAOS_0425,426,"Ca,Ti,V,Zn","(Ca,Ti,V,Zn)O"
0.5631351626016261,0.3821138211382114,high descriptor compatibility only,CHAOS_0426,427,"Mn,Nb,V,Zn","(Mn,Nb,V,Zn)O"
0.7785823170731707,0.6951219512195121,high-EFA + high descriptor compatibility,CHAOS_0427,428,"Cd,Cu,Fe,Mn","(Cd,Cu,Fe,Mn)O"
0.6055640243902439,0.9288617886178862,high-EFA + high descriptor compatibility,CHAOS_0428,429,"Mg,Ni,V,Zn","(Mg,Ni,V,Zn)O"
0.3990091463414634,0.4654471544715447,other,CHAOS_0429,430,"Ca,Co,Fe,Sr","(Ca,Co,Fe,Sr)O"
0.2609247967479675,0.6808943089430894,high-EFA only,CHAOS_0430,431,"Ca,Fe,Ni,Sn","(Ca,Fe,Ni,Sn)O"
0.8690294715447155,0.7560975609756098,high-EFA + high descriptor compatibility,CHAOS_0431,432,"Fe,Mg,Mn,Zn","(Fe,Mg,Mn,Zn)O"
0.4011686991869919,0.5040650406504065,high-EFA only,CHAOS_0432,433,"Ca,Fe,Mg,Nb","(Ca,Fe,Mg,Nb)O"
0.6826727642276422,0.8252032520325203,high-EFA + high descriptor compatibility,CHAOS_0433,434,"Ca,Cd,Ni,Zn","(Ca,Cd,Ni,Zn)O"
0.7620680894308943,0.9817073170731707,high-EFA + high descriptor compatibility,CHAOS_0434,435,"Cu,Fe,Mg,Mn","(Cu,Fe,Mg,Mn)O"
0.7202743902439024,0.4471544715447154,high descriptor compatibility only,CHAOS_0435,436,"Mn,Ti,V,Zn","(Mn,Ti,V,Zn)O"
0.7248475609756098,0.7865853658536586,high-EFA + high descriptor compatibility,CHAOS_0436,437,"Cd,Cu,Ni,Zn","(Cd,Cu,Ni,Zn)O"
0.4500762195121951,0.2032520325203252,other,CHAOS_0437,438,"Cd,Sn,Sr,Ti","(Cd,Sn,Sr,Ti)O"
0.2334857723577236,0.01016260162601626,other,CHAOS_0438,439,"Cd,Nb,Sn,V","(Cd,Nb,Sn,V)O"
0.8509908536585367,0.9247967479674797,high-EFA + high descriptor compatibility,CHAOS_0439,440,"Cd,Fe,Mg,Mn","(Cd,Fe,Mg,Mn)O"
0.5283282520325203,0.8089430894308943,high-EFA + high descriptor compatibility,CHAOS_0440,441,"Cd,Mg,Mn,Sr","(Cd,Mg,Mn,Sr)O"
0.4864075203252033,0.5101626016260162,high-EFA only,CHAOS_0441,442,"Co,Mn,Ni,V","(Co,Mn,Ni,V)O"
0.336255081300813,0.8475609756097561,high-EFA only,CHAOS_0442,443,"Ca,Co,Sn,Zn","(Ca,Co,Sn,Zn)O"
0.516260162601626,0.6524390243902439,high-EFA + high descriptor compatibility,CHAOS_0443,444,"Co,Cu,Sn,Zn","(Co,Cu,Sn,Zn)O"
0.5274390243902439,0.3902439024390244,high descriptor compatibility only,CHAOS_0444,445,"Mg,Sr,Ti,V","(Mg,Sr,Ti,V)O"
0.359375,0.1808943089430894,other,CHAOS_0445,446,"Ca,Cd,Sn,Ti","(Ca,Cd,Sn,Ti)O"
0.7480945121951219,0.9186991869918699,high-EFA + high descriptor compatibility,CHAOS_0446,447,"Ca,Fe,Mg,Mn","(Ca,Fe,Mg,Mn)O"
0.3025914634146342,0.733739837398374,high-EFA only,CHAOS_0447,448,"Cd,Fe,Sn,Sr","(Cd,Fe,Sn,Sr)O"
0.6922002032520326,0.9451219512195121,high-EFA + high descriptor compatibility,CHAOS_0448,449,"Ca,Fe,Mn,Ni","(Ca,Fe,Mn,Ni)O"
0.6373221544715447,0.7357723577235772,high-EFA + high descriptor compatibility,CHAOS_0449,450,"Mg,Ti,V,Zn","(Mg,Ti,V,Zn)O"
0.497459349593496,0.3658536585365854,other,CHAOS_0450,451,"Nb,Ti,V,Zn","(Nb,Ti,V,Zn)O"
0.1538363821138211,0.7276422764227642,high-EFA only,CHAOS_0451,452,"Ca,Mg,Sn,Sr","(Ca,Mg,Sn,Sr)O"
0.8661077235772358,0.8780487804878049,high-EFA + high descriptor compatibility,CHAOS_0452,453,"Cd,Co,Fe,Mn","(Cd,Co,Fe,Mn)O"
0.1327489837398374,0.2703252032520325,other,CHAOS_0453,454,"Ca,Sn,V,Zn","(Ca,Sn,V,Zn)O"
0.2798526422764228,0.5203252032520326,high-EFA only,CHAOS_0454,455,"Mg,Mn,Ni,Sr","(Mg,Mn,Ni,Sr)O"
0.6688262195121951,0.7012195121951219,high-EFA + high descriptor compatibility,CHAOS_0455,456,"Ca,Cd,Fe,Zn","(Ca,Cd,Fe,Zn)O"
0.958714430894309,0.9146341463414634,high-EFA + high descriptor compatibility,CHAOS_0456,457,"Co,Fe,Ni,Zn","(Co,Fe,Ni,Zn)O"
0.5424288617886178,0.8313008130081301,high-EFA + high descriptor compatibility,CHAOS_0457,458,"Ca,Cd,Ni,Sr","(Ca,Cd,Ni,Sr)O"
0.896214430894309,0.926829268292683,high-EFA + high descriptor compatibility,CHAOS_0458,459,"Cd,Fe,Mn,Zn","(Cd,Fe,Mn,Zn)O"
0.3939278455284553,0.3739837398373984,other,CHAOS_0459,460,"Mg,Mn,Nb,V","(Mg,Mn,Nb,V)O"
0.3502286585365854,0.006097560975609756,other,CHAOS_0460,461,"Fe,Nb,Sn,Ti","(Fe,Nb,Sn,Ti)O"
0.1995680894308943,0.5121951219512195,high-EFA only,CHAOS_0461,462,"Mn,Ni,Sn,Sr","(Mn,Ni,Sn,Sr)O"
0.4424542682926829,0.3638211382113821,other,CHAOS_0462,463,"Co,Cu,Fe,Sn","(Co,Cu,Fe,Sn)O"
0.1397357723577236,0.5345528455284553,high-EFA only,CHAOS_0463,464,"Mg,Sn,Sr,Zn","(Mg,Sn,Sr,Zn)O"
0.524390243902439,0.6199186991869918,high-EFA + high descriptor compatibility,CHAOS_0464,465,"Fe,Mg,Sn,Zn","(Fe,Mg,Sn,Zn)O"
0.2045223577235772,0.2804878048780488,other,CHAOS_0465,466,"Ca,Mn,Sn,Sr","(Ca,Mn,Sn,Sr)O"
0.372459349593496,0.3861788617886179,other,CHAOS_0466,467,"Cu,Ni,Ti,Zn","(Cu,Ni,Ti,Zn)O"
0.4646849593495935,0.6686991869918699,high-EFA only,CHAOS_0467,468,"Ca,Fe,Ti,Zn","(Ca,Fe,Ti,Zn)O"
0.1105182926829268,0.1077235772357724,other,CHAOS_0468,469,"Mg,Nb,Sn,V","(Mg,Nb,Sn,V)O"
0.5182926829268293,0.3373983739837398,high descriptor compatibility only,CHAOS_0469,470,"Ca,Nb,V,Zn","(Ca,Nb,V,Zn)O"
0.8150406504065041,0.9308943089430894,high-EFA + high descriptor compatibility,CHAOS_0470,471,"Cd,Co,Mg,Mn","(Cd,Co,Mg,Mn)O"
0.474339430894309,0.2560975609756098,other,CHAOS_0471,472,"Cd,Sn,V,Zn","(Cd,Sn,V,Zn)O"
0.7155741869918699,0.09349593495934959,high descriptor compatibility only,CHAOS_0472,473,"Cd,Sn,Ti,Zn","(Cd,Sn,Ti,Zn)O"
0.2928099593495935,0.2621951219512195,other,CHAOS_0473,474,"Sr,Ti,V,Zn","(Sr,Ti,V,Zn)O"
0.7045223577235773,0.6138211382113821,high-EFA + high descriptor compatibility,CHAOS_0474,475,"Mg,Mn,Ti,Zn","(Mg,Mn,Ti,Zn)O"
0.7035060975609757,0.7926829268292683,high-EFA + high descriptor compatibility,CHAOS_0475,476,"Cd,Fe,Ni,Zn","(Cd,Fe,Ni,Zn)O"
0.7149390243902438,0.3617886178861789,high descriptor compatibility only,CHAOS_0476,477,"Ca,Cd,Mn,Ti","(Ca,Cd,Mn,Ti)O"
0.3481961382113821,0.3719512195121951,other,CHAOS_0477,478,"Ca,Sr,V,Zn","(Ca,Sr,V,Zn)O"
0.5707571138211383,0.6300813008130082,high-EFA + high descriptor compatibility,CHAOS_0478,479,"Co,Cu,Mn,V","(Co,Cu,Mn,V)O"
0.4432164634146341,0.9410569105691057,high-EFA only,CHAOS_0479,480,"Ca,Cd,Ni,Sn","(Ca,Cd,Ni,Sn)O"
0.3884654471544716,0.4898373983739837,other,CHAOS_0480,481,"Co,Fe,Mn,Sr","(Co,Fe,Mn,Sr)O"
0.5364583333333333,0.6077235772357723,high-EFA + high descriptor compatibility,CHAOS_0481,482,"Cd,Mn,Sn,Zn","(Cd,Mn,Sn,Zn)O"
0.6501524390243902,0.306910569105691,high descriptor compatibility only,CHAOS_0482,483,"Cd,Fe,Mg,Ti","(Cd,Fe,Mg,Ti)O"
0.6741615853658536,0.7479674796747967,high-EFA + high descriptor compatibility,CHAOS_0483,484,"Ca,Co,Fe,Mg","(Ca,Co,Fe,Mg)O"
0.295604674796748,0.09146341463414634,other,CHAOS_0484,485,"Cd,Nb,Sn,Sr","(Cd,Nb,Sn,Sr)O"
0.4239075203252033,0.3292682926829268,other,CHAOS_0485,486,"Mn,Nb,Sr,V","(Mn,Nb,Sr,V)O"
0.7548272357723578,0.2642276422764228,high descriptor compatibility only,CHAOS_0486,487,"Ca,Cd,Mn,Nb","(Ca,Cd,Mn,Nb)O"
0.3934197154471545,0.8658536585365854,high-EFA only,CHAOS_0487,488,"Ca,Ni,Sn,Zn","(Ca,Ni,Sn,Zn)O"
0.1288109756097561,0.4552845528455284,other,CHAOS_0488,489,"Fe,Ni,Sn,Sr","(Fe,Ni,Sn,Sr)O"
0.4875508130081301,0.3963414634146342,other,CHAOS_0489,490,"Ca,Cd,Fe,Ti","(Ca,Cd,Fe,Ti)O"
0.5405233739837398,0.9329268292682927,high-EFA + high descriptor compatibility,CHAOS_0490,491,"Ca,Cd,Sr,Zn","(Ca,Cd,Sr,Zn)O"
0.8426067073170731,0.967479674796748,high-EFA + high descriptor compatibility,CHAOS_0491,492,"Co,Cu,Fe,Zn","(Co,Cu,Fe,Zn)O"
0.4803099593495935,0.4735772357723577,other,CHAOS_0492,493,"Cd,Fe,Mn,Sn","(Cd,Fe,Mn,Sn)O"
0.8423526422764227,0.9491869918699187,high-EFA + high descriptor compatibility,CHAOS_0493,494,"Cu,Mn,Ni,Zn","(Cu,Mn,Ni,Zn)O"
