path_relative_to_package,role,bytes,sha256
00_cohort_lock/input/corrected_503_reference.xlsx,analysis input,205801,67b1bbb0da3a5911c3cbaaecd41f405017b4dbb611af2b7c9b30d66b5dd47af5
00_cohort_lock/input/legacy_503_comparator.xlsx,analysis input,182189,54e8d570150d233114e23cdcc038d7e40503f779373d3b9f5816ad40f6c95f5b
00_cohort_lock/input/lib5_efa_deed_source.xlsx,analysis input,58128,7f923f3bc8b74bfc1806f133718e0528ae22ec75b607bba672862c695cb20d74
00_cohort_lock/input/solubility_parameter_503.csv,analysis input,70858,13de87496f4779540025ec5f0e6d11963446aa26b0409ac06169add51b49f044
00_cohort_lock/output/cohort_validation.json,analysis output,996,9eed13650804793e21ea9513bdbb21800c655544763867fce4266c25b58cb102
00_cohort_lock/output/excluded_ten_quinaries.csv,analysis output,1484,73b09522de68ea12f00241d2ef433dccbbcc4fbbe05da69e49fd4f60296712f7
00_cohort_lock/output/locked_493.csv,analysis output,317447,459c1c92aaa241b38b6ea4793b8509fce53df9c23214cc907df6040073ce2e90
00_cohort_lock/output/locked_493.xlsx,analysis output,184939,05e4157985bd8b7c8ce58ed38a32f99842c6544e04a909c184a2ccba59686e22
00_cohort_lock/output/locked_493_typed.json,analysis output,329629,d77f06c0740e534b2a1c0d8ca0111ccb29fab63d367388ae11ac116c2a1295e2
00_cohort_lock/output/solubility_parameter_update.json,analysis output,424,1363e38b406e5efed5941da56c36d8aa918cd5931e846e492177d3a498156c1d
00_cohort_lock/output/source_row_mapping.csv,analysis output,8709,9d19d3c10c7df52b8223fc8e7666503c665b8c00a8201191c0f8b10151fbb4d1
00_runbook/assemble_production.py,runbook/metadata,18479,32f2189bf23821b735be3f2110fde474f793587f1870c2b00986f1100ff5dcf8
00_runbook/build_workbooks.mjs,runbook/metadata,4212,4b4e93a2d95cb1a697dcf600a63ee91a7722b56bfb77a80e4f15ab740ac25dcb
00_runbook/legacy_gkf.py,runbook/metadata,4101,a627a0e7f63fdba305a264fc447da60c01667518a517d7a5fee4b7199afb5511
00_runbook/prepare_cohort.py,runbook/metadata,5873,cc8c6c1afc0038fde61f99f57eec865e5acce24db019ce6bed710df84a9fcff9
00_runbook/prepare_literature_candidates.py,runbook/metadata,3962,aac331280da31a8c655c4e997e883c47f266f6345bb88d413ae6a8cc935644ac
00_runbook/rerun_20261007.py,runbook/metadata,3844,cef537bf0e27eaab2567beb658f4a18a1be41c6475f76e930b694343a9919182
00_runbook/run_existing_analyses.py,runbook/metadata,4100,5143650419f93e74fa9e4713eb3a7227439a47e19b7d8a300032fb81bedca889
00_runbook/run_model_robustness.py,runbook/metadata,4631,b164769af332aa9d6ab486afb9fb704fd6c6ae56be468498dcb57a245829a9ce
00_runbook/run_tableS4_and_text_checks.py,runbook/metadata,9714,f9db1e8a5adde44443ae56b368aec3a68b366a5fa439e543a9f7f6f2182af0c1
00_runbook/update_solubility_parameter.py,runbook/metadata,24435,9d5302f59629e55dda39c6e3f8bf21d226e3f69130c969562550bb6395cd4378
00_runbook/verify_and_manifest.py,runbook/metadata,4626,1f156ae151dd1b4531385a03a5fdf08f1b6fbde33e9bea9b8ce3ba644ca051a0
01_fig6a_compatibility/code/01_analyze_fig6a_descriptor_compatibility_vs_efa.py,script snapshot,21953,5cea63f766938f548e5845dc89e36c1af5d34941aa6d547ea3c31c0043a5d117
01_fig6a_compatibility/input/locked_493.xlsx,analysis input,184939,05e4157985bd8b7c8ce58ed38a32f99842c6544e04a909c184a2ccba59686e22
01_fig6a_compatibility/output/fig6a_descriptor_compatibility_vs_efa_analysis.xlsx,analysis output,163853,b9764e277333b62ee5881d3f46185a3088e8103253efb8ce750a18e8fb2862e8
01_fig6a_compatibility/output/fig6a_descriptor_compatibility_vs_efa_report.txt,analysis output,1993,8e1377989a074c929581c5f455f0e01a3d8bf3ca9e8610a6ca4c76e69635b07b
01_fig6a_compatibility/output/figure_source_csv/OriginPro_By_Class.csv,analysis output,19151,b978617930b947ddd3f80297069de0a289a8d8e41974e362b8849405d16b3b6d
01_fig6a_compatibility/output/figure_source_csv/OriginPro_Thresholds.csv,analysis output,104,1586becc3375a34bc72d4c1b25988ba27ebef0dcd1023ce184c6af8eac15928d
01_fig6a_compatibility/output/figure_source_csv/OriginPro_XY.csv,analysis output,52754,d7eb19a23e6c84d015a34d97fcc3e7919de06738248c4ef38a8d1f6c623b4895
01_fig6a_compatibility/output/figure_source_csv/Plot_Data.csv,analysis output,132964,2f6294338ab773d0d60c6d6011862131afd2e5536debab818995b37cab9b1098
01_fig6a_compatibility/output/manifest.json,analysis output,431,72f641597fa9eafd9cc5952f1a9cc205c4d0ae1f36a5ad9104c7c054dc678062
01_fig6a_compatibility/run_metadata.json,analysis output,1165,74da6d842a919e2d825420431a7e5db7376687361a2a7fc04d0352d9c83f2fb2
01_fig6a_compatibility/run_stderr.txt,analysis output,0,e3b0c44298fc1c149afbf4c8996fb92427ae41e4649b934ca495991b7852b855
01_fig6a_compatibility/run_stdout.txt,analysis output,205,b6427cff3c904020261200025af8f1054b58bc5167b0a0237b65c6f54083f3a9
02_fig6b_pca/code/01_analyze_pca_efa_chaos_descriptors_H_L_S_AK.py,script snapshot,23133,5d17d34c634367f3254f4ef28cbff7244ab57906656a6c062237fd30357b6410
02_fig6b_pca/input/locked_493.xlsx,analysis input,184939,05e4157985bd8b7c8ce58ed38a32f99842c6544e04a909c184a2ccba59686e22
02_fig6b_pca/output/figure_source_csv/PCA_Explained_Variance.csv,analysis output,701,90cb144793541f79185890a20fb9c538b3be6a5256f0e05b3a83925db893ce93
02_fig6b_pca/output/figure_source_csv/PCA_Loadings_Wide.csv,analysis output,11215,a7bbb6684118e5cd228eafcb2a3cdead324f67ffeebfd0bdf719598f94208b4d
02_fig6b_pca/output/figure_source_csv/PCA_Scores_Public.csv,analysis output,116709,25154dd27cec5199c53c9459214148adc625895cee58b0dd0c5cccda1fda54bd
02_fig6b_pca/output/pca_efa_chaos_descriptor_space_H_L_S_AK_analysis.xlsx,analysis output,331026,df0a16e78c46786f3be1329903bb58cb36318446518d60d18135cb7223d2b23e
02_fig6b_pca/output/pca_efa_chaos_descriptor_space_H_L_S_AK_report.txt,analysis output,5378,200946e1c1cd5be8537b88860de84cb96115f602cd542b378c0a27b2084e4016
02_fig6b_pca/output/pca_efa_chaos_descriptor_space_manifest.json,analysis output,418,7c96c52141568d94fcd52bb0ff167686e68b5c4e930661569318732448fb5988
02_fig6b_pca/run_metadata.json,analysis output,1109,0e3e0d43a1c83d90592e879cf6ba1b900885af508d5d98e8740732e6b98bf12d
02_fig6b_pca/run_stderr.txt,analysis output,0,e3b0c44298fc1c149afbf4c8996fb92427ae41e4649b934ca495991b7852b855
02_fig6b_pca/run_stdout.txt,analysis output,207,d85d6c6aa8c3bff6704ab8415ddb163bc9a73cf9afc06d20e7d4a96bd717913e
03_fig6c_si_quartiles/code/01_analyze_efa_quartile_classes_with_originpro.py,script snapshot,27943,94311fb0631d7993f209c4aa74e756df6ea5a5eb063539e8d073021799cd36c9
03_fig6c_si_quartiles/input/locked_493.xlsx,analysis input,184939,05e4157985bd8b7c8ce58ed38a32f99842c6544e04a909c184a2ccba59686e22
03_fig6c_si_quartiles/output/efa_quartile_class_analysis.xlsx,analysis output,344223,6311e964c2b1747ed1b4719c901ebdf75fc1a9a5657947cb28016ffb56d2b976
03_fig6c_si_quartiles/output/efa_quartile_class_analysis_report.txt,analysis output,2460,0dccc56df5dde9a4fc6a0227bbc6a05054c971fa5475475df7ae6beada4e147c
03_fig6c_si_quartiles/output/efa_quartile_class_originpro_subplots.xlsx,analysis output,46122,28cc1ee11761dc283f2d388a4cb8be2ba7d901db6d2ff7f21e546f861419ed2f
03_fig6c_si_quartiles/output/figure_source_csv/Plot_Public_Long.csv,analysis output,347177,ede1fc2584c53c6599d7ea555625e9189eec83cbc1552c50cb0072fe03d23ada
03_fig6c_si_quartiles/output/figure_source_csv/Quartile_Summary.csv,analysis output,4959,3674106560e464bbae5a0de30ba7ee0f280f0cdaa94cf77bc376267f8d52f65d
03_fig6c_si_quartiles/output/figure_source_csv/Trend_Tests.csv,analysis output,1435,8be06bb084170625eaef7fe88a1137280d9e3d0d73665aa75e180d5a8d179865
03_fig6c_si_quartiles/output/manifest.json,analysis output,538,bd35b54b2f0d9aa203ec4f7f9c09207e48d6f173fdc47aadb63ba1d4a993efb4
03_fig6c_si_quartiles/run_metadata.json,analysis output,1156,181326eadb13262a5b87974c4d9051f05c1e3a191c58a9d74fa8c6a0053f7347
03_fig6c_si_quartiles/run_stderr.txt,analysis output,0,e3b0c44298fc1c149afbf4c8996fb92427ae41e4649b934ca495991b7852b855
03_fig6c_si_quartiles/run_stdout.txt,analysis output,328,1f94e402540b552ccc7a5ef7030c3ee386b2a84e6e707a0dcb92d97d1f16d39b
04_fig6d_distortion/code/01_analyze_efa_lattice_distortion_correlations.py,script snapshot,11149,d600d546ebac57ae7d98b6c29c4de5ce8460be9e30710255f4c1486ef9da7205
04_fig6d_distortion/input/locked_493.xlsx,analysis input,184939,05e4157985bd8b7c8ce58ed38a32f99842c6544e04a909c184a2ccba59686e22
04_fig6d_distortion/output/efa_lattice_descriptor_correlation_report.txt,analysis output,3265,06061a2bc7e9e3ace30fbd3b4bec6e8e7cb66479cd1a522831d77b8e7bbb66ea
04_fig6d_distortion/output/efa_lattice_descriptor_correlations.xlsx,analysis output,53396,e53f8b645940fca6c7d500e4f676fc125b538a157e2dee1a258f826861c12c74
04_fig6d_distortion/output/figure_source_csv/Correlation_Long.csv,analysis output,1141,76e2775cfb6144553fee8e9c1a1888bfc4536b51550430bba3d4067f26166eb3
04_fig6d_distortion/output/figure_source_csv/Heatmap_Spearman.csv,analysis output,187,93366cb6cd570765b1922168da25db1059996f8368dc3f3d0fbf9338d313f26e
04_fig6d_distortion/output/manifest.json,analysis output,363,15aa98d21a91956a0384d19154c588256fc97225cc6f15efc100e28fd8e37877
04_fig6d_distortion/run_metadata.json,analysis output,1146,0f301894afa8e0b6dfd2a5ca1929ac6a2853c6bafc6da487a0131ef6151bead0
04_fig6d_distortion/run_stderr.txt,analysis output,0,e3b0c44298fc1c149afbf4c8996fb92427ae41e4649b934ca495991b7852b855
04_fig6d_distortion/run_stdout.txt,analysis output,185,92cfb0a718ee16365390a763a909b64d6f0dac677e37b19b4dd4a6eb0feceea0
05_fig6d_chemistry/code/01_analyze_efa_chemical_descriptor_correlations.py,script snapshot,17836,f27b6233ec6023dcadd10a514404be5a22074284e05196ddec9452615af0cc34
05_fig6d_chemistry/input/locked_493.xlsx,analysis input,184939,05e4157985bd8b7c8ce58ed38a32f99842c6544e04a909c184a2ccba59686e22
05_fig6d_chemistry/output/efa_chemical_descriptor_correlation_report.txt,analysis output,3620,36b6726b36e5aad58bd2e0099e32fc1618dee3f61494c52a787df43ae9192d12
05_fig6d_chemistry/output/efa_chemical_descriptor_correlations.xlsx,analysis output,61084,dfb738034a3a258e78c52b218221cfa5e22b986f2cfdcfd9013c7604e778829f
05_fig6d_chemistry/output/figure_source_csv/Correlation_Long_All.csv,analysis output,6004,5e07509feeb9782b40ce27fbe67c965c7742f8da2908518f093632449c3aa8af
05_fig6d_chemistry/output/figure_source_csv/Heatmap_Spearman.csv,analysis output,272,dfc664acf65041fe13d87f8954d490e31aaf06a969ea0124f4c4a400bf5de690
05_fig6d_chemistry/output/manifest.json,analysis output,363,f5d2cefcd9358f70a7104638d8ccd32b79182f484f36b4df10816dc4a880f1ba
05_fig6d_chemistry/run_metadata.json,analysis output,1143,3e797757d33c67f649f099df9f748c547cf2ec3dee4c55067726652922aaacd4
05_fig6d_chemistry/run_stderr.txt,analysis output,0,e3b0c44298fc1c149afbf4c8996fb92427ae41e4649b934ca495991b7852b855
05_fig6d_chemistry/run_stdout.txt,analysis output,203,35a9064e25e3573eb6b828ca800ec2d416b132c5875423f0dc7322c4fbcd9f80
06_fig7a_regression/code/efa_screening_common.py,script snapshot,11779,ebdd68d0421d379acdc5239bb175ae8c006745ffda10b36e59cc33df69b84c8d
06_fig7a_regression/code/panel_a_predicted_vs_observed_logEFA.py,script snapshot,5842,6313b592d26bb808c23c2b656411cf1767a09dabf408f5cfde8fe20bccca5ea7
06_fig7a_regression/input/locked_493.xlsx,analysis input,184939,05e4157985bd8b7c8ce58ed38a32f99842c6544e04a909c184a2ccba59686e22
06_fig7a_regression/output/figure_source_csv/CV_Metrics.csv,analysis output,552,2df693e7adbf1ebfd4646013982f996ffe70bb252f6fb2aa5cab73010623a678
06_fig7a_regression/output/figure_source_csv/OOF_Predictions.csv,analysis output,167140,f8d47186c7e2b6bad3f4fb82979c822c6ff81e3ceab47553a849429d7142a9b0
06_fig7a_regression/output/panel_a_predicted_vs_observed_logEFA.pdf,analysis output,40136,e2636ca7c98710376a21d591f65a169118ff1ddee1e8f94c45cdf90d1c6aa375
06_fig7a_regression/output/panel_a_predicted_vs_observed_logEFA.png,analysis output,526643,4493a18129f237e935c4c63f09a0e5cc1f9a7c84c8da0e46ecb56e792864eaa1
06_fig7a_regression/output/panel_a_predicted_vs_observed_logEFA_data.xlsx,analysis output,119818,b3d75f94eb80a77aa7123c32eb9821356870deaeeeed7863c3057814896e6be6
06_fig7a_regression/output/panel_a_predicted_vs_observed_logEFA_report.txt,analysis output,1561,00358deb45990fae9e477cc267e9f3463edcaa1677f92ff7b08d83ab1aab9684
06_fig7a_regression/run_metadata.json,analysis output,1292,874d181f25c518f3327f671c68ac0d707b0582b088a6ef14c5046fbf9bb77f65
06_fig7a_regression/run_stderr.txt,analysis output,0,e3b0c44298fc1c149afbf4c8996fb92427ae41e4649b934ca495991b7852b855
06_fig7a_regression/run_stdout.txt,analysis output,61,e453455e7f117c7d2006348a4496240547fc64b6bb018b7058e2d1ad85f52343
07_fig7b_classification/code/efa_screening_common.py,script snapshot,11779,ebdd68d0421d379acdc5239bb175ae8c006745ffda10b36e59cc33df69b84c8d
07_fig7b_classification/code/panel_b_highEFA_ROC_PR_curves.py,script snapshot,6557,537f6ad52117c6f5d32fa5945ca3878ece769c6f27a79acddaf5031605d8ac2e
07_fig7b_classification/input/locked_493.xlsx,analysis input,184939,05e4157985bd8b7c8ce58ed38a32f99842c6544e04a909c184a2ccba59686e22
07_fig7b_classification/output/figure_source_csv/Classifier_Metrics.csv,analysis output,723,b5fa2837171dde7ac0af3bfd6c0e166906e728d3546009a8e4a3f3530f197e70
07_fig7b_classification/output/figure_source_csv/Curve_Data.csv,analysis output,124405,cd2f1c86ca5736fabeedad8ec2c5fc7ac74441d7bd337cd2af862aea77fb6cd0
07_fig7b_classification/output/figure_source_csv/OOF_Probabilities.csv,analysis output,112563,7b0d4f196b353865cfd6e80106e564416f0060a69622e715cd8234abbe7811ab
07_fig7b_classification/output/panel_b_highEFA_ROC_PR_curves.pdf,analysis output,20423,cae3ac396de86c895cebc5b29cd749b6402ab57d904e80acb617db1f3b8c7ef6
07_fig7b_classification/output/panel_b_highEFA_ROC_PR_curves.png,analysis output,242241,85e3d82fc6ed4656a20eb1a361695db014c3e3929549f0db988845328f7be21b
07_fig7b_classification/output/panel_b_highEFA_ROC_PR_data.xlsx,analysis output,143900,72000f8cb216754ad9be32583d3e3223f027b562a8a269fcc30a9e0e3846b0ce
07_fig7b_classification/output/panel_b_highEFA_ROC_PR_report.txt,analysis output,1768,b9a1049360ea3b330f7b9aac5c989437300320bf1bddf4ba51f6b61d01c262af
07_fig7b_classification/run_metadata.json,analysis output,1302,9234014c9179cf8daaf28c8a5a2cdb14b1102f48b5e8b3614e148fe157c60b38
07_fig7b_classification/run_stderr.txt,analysis output,0,e3b0c44298fc1c149afbf4c8996fb92427ae41e4649b934ca495991b7852b855
07_fig7b_classification/run_stdout.txt,analysis output,65,32a4ab696d2cefd6d96130e9d80ae9b34a622bf34b7ea73162ebb377171b52ca
08_fig7c_enrichment/code/efa_screening_common.py,script snapshot,11779,ebdd68d0421d379acdc5239bb175ae8c006745ffda10b36e59cc33df69b84c8d
08_fig7c_enrichment/code/panel_c_highEFA_enrichment_lift.py,script snapshot,6761,aa4fe6a73102541af6667db8df73686d99d114d4bfc0ea29bcc32a68b7ca9db0
08_fig7c_enrichment/input/locked_493.xlsx,analysis input,184939,05e4157985bd8b7c8ce58ed38a32f99842c6544e04a909c184a2ccba59686e22
08_fig7c_enrichment/output/figure_source_csv/Enrichment_Curve.csv,analysis output,28097,433655ab9abebe1c1753d2bcdfd75ee861836ab4dd4a5239cc6fafb28299392b
08_fig7c_enrichment/output/figure_source_csv/TopK_Highlights.csv,analysis output,1479,e267aad23a0ddcf4b1e2063154c54dd0759f7ad32052f9f75ccfeb687ff02278
08_fig7c_enrichment/output/panel_c_highEFA_enrichment_lift.pdf,analysis output,16272,678f047ffb403bff9571fd0e5ecee5202e699103dba8e44b37c4148c45acf5e7
08_fig7c_enrichment/output/panel_c_highEFA_enrichment_lift.png,analysis output,155427,b93f887983fc1cbd8b99093328cb631eb2ad5ef8f5b7a9e9252ab81afec79483
08_fig7c_enrichment/output/panel_c_highEFA_enrichment_lift_data.xlsx,analysis output,112181,11f32074e752e6e6fcfbbb88197412822679636da9b72f2927baeeff6901718b
08_fig7c_enrichment/output/panel_c_highEFA_enrichment_lift_report.txt,analysis output,3677,a960747a9a34492e52960ed9907ea1d66de2fc0ae8d80f06e91be9af8adecd31
08_fig7c_enrichment/run_metadata.json,analysis output,1282,6abae01ba999835dc892f799199619b214dec05af203382f74eff5efc133e643
08_fig7c_enrichment/run_stderr.txt,analysis output,0,e3b0c44298fc1c149afbf4c8996fb92427ae41e4649b934ca495991b7852b855
08_fig7c_enrichment/run_stdout.txt,analysis output,61,010e7e0673eceafb24098bf7e4ad9bf8cd1e9eddba01c08531c7ab7bcd032939
09_fig7d_prioritization/code/01_analyze_fig7d_predEFA_descriptor_compatibility.py,script snapshot,24517,5aab61e22009be3e4c97b59deb9045c45fb4c97db2531388768efc8162ea6255
09_fig7d_prioritization/input/locked_493.xlsx,analysis input,184939,05e4157985bd8b7c8ce58ed38a32f99842c6544e04a909c184a2ccba59686e22
09_fig7d_prioritization/output/fig7d_predEFA_descriptor_compatibility_analysis.xlsx,analysis output,149778,fe1d3def947cf6f62bfa7a11f36268ac3e682da43e77693bf7a3f67196bf6ed3
09_fig7d_prioritization/output/fig7d_predEFA_descriptor_compatibility_report.txt,analysis output,3439,3643c2f3597a7750ccf585d3c63ec68afcdbf58bbea71138f09cca188765a0a4
09_fig7d_prioritization/output/figure_source_csv/OriginPro_By_Class.csv,analysis output,20669,181f3800fb5cd1fe1a656f421f25c4b5930960734dcf5617ea35afda7307c154
09_fig7d_prioritization/output/figure_source_csv/OriginPro_Thresholds.csv,analysis output,76,d8b0dbf214fba6eca5057e8971ae1c37ac1c22ed9edb493e58c5ef99187d22da
09_fig7d_prioritization/output/figure_source_csv/OriginPro_XY.csv,analysis output,42347,3e518090b56e40459a7a9980d9df1911d7b07ae0e69ac771a4c7e000f33b8e3f
09_fig7d_prioritization/output/figure_source_csv/Plot_Data_Public.csv,analysis output,140860,1a99f4119715d8bf80cbc3086e19fc8f64797956462d2d5720d3e03178c9cd99
09_fig7d_prioritization/output/manifest.json,analysis output,354,a200e1a19e806773eb7ded2339bc8d68b2e7315fd4c828641cfeb01aab9ab9d9
09_fig7d_prioritization/run_metadata.json,analysis output,1172,5a335ffcc597a63fb707d99bf9a9fa3414b45f4d1d296acbfeb35e3b7882d418
09_fig7d_prioritization/run_stderr.txt,analysis output,0,e3b0c44298fc1c149afbf4c8996fb92427ae41e4649b934ca495991b7852b855
09_fig7d_prioritization/run_stdout.txt,analysis output,203,bc31d4f17577a6a08dcca3c18ccd14c06e6298bb55daecd3eb051604bc430a4b
10_literature_candidates/code/prepare_literature_candidates.py,script snapshot,3962,aac331280da31a8c655c4e997e883c47f266f6345bb88d413ae6a8cc935644ac
10_literature_candidates/input/evidence-graded_candidate_table_original.tex,analysis input,24368,f097f59015ea99b70d16e32eb77edebc4d8bc32dcd91143d8e163b7a681084ef
10_literature_candidates/input/fig6a_analysis_493.xlsx,analysis input,163758,4983e5674553dd2e26ea56595a298dd2bb5f3a2e0199bada7c3dd818ccbdbde3
10_literature_candidates/input/locked_493.xlsx,analysis input,185268,e790f423028d53f90b5adb59e20d4b83e781fafb0f0ad1287d47e06b210be102
10_literature_candidates/output/literature_candidates_493_audit.xlsx,analysis output,15332,4b0f916c8dd8ee696040b00ce44e45a62f5b9d729ffe8e91ed984b016c9eac28
10_literature_candidates/output/literature_table_43_retained.csv,analysis output,15622,ce84140e753ca0645a16630fec9ffb4d1af72a8bfaa25eb99848425526687de5
10_literature_candidates/output/literature_table_4_removed.csv,analysis output,1738,35f1d00d0fcd675edc7cab57f7ffdce2c2a26a372680181bd26be82e584186d1
10_literature_candidates/output/literature_table_all_47_audit.csv,analysis output,17118,e9479aa8612db24cb184b3737aa9438be8c574553bd836482707b241a820a0b1
11_model_robustness/code/efa_screening_common.py,script snapshot,11779,ebdd68d0421d379acdc5239bb175ae8c006745ffda10b36e59cc33df69b84c8d
11_model_robustness/code/run_model_robustness.py,script snapshot,4631,b164769af332aa9d6ab486afb9fb704fd6c6ae56be468498dcb57a245829a9ce
11_model_robustness/input/locked_493.xlsx,analysis input,184939,05e4157985bd8b7c8ce58ed38a32f99842c6544e04a909c184a2ccba59686e22
11_model_robustness/output/feature_group_check.csv,analysis output,326,3eadfc70c4e5d92b4c6cacd9d79376ebed4bb49794d766491eed880b5f5245d9
11_model_robustness/output/feature_group_check.json,analysis output,2081,df410b630eb371e5abc2b65aeab7749a948b43b5902ff574caef55d1605907d0
11_model_robustness/output/model_robustness.xlsx,analysis output,6935,2ceee79fe6e17d13ded7db2b8a8573cf174e4f6b622cf6a538e9d24923f539d7
11_model_robustness/output/twenty_seed_metrics.csv,analysis output,1697,c8a7cdb29857eb81ae0fc23cf8dcf674091676d6c63e210748bdcad9d4cc837e
11_model_robustness/run_metadata.json,analysis output,958,f4746b70259163346f94860c0b73aa8deaca0ec2b721b170d350b29e3b36a97e
11_model_robustness/run_stderr.txt,analysis output,0,e3b0c44298fc1c149afbf4c8996fb92427ae41e4649b934ca495991b7852b855
11_model_robustness/run_stdout.txt,analysis output,150,f1baf59fa87af4b956a4ba7bd5636adeb29ed7655e3905fea56b581ce5953c76
12_rankings/code/assemble_production.py,script snapshot,18479,32f2189bf23821b735be3f2110fde474f793587f1870c2b00986f1100ff5dcf8
12_rankings/input/locked_493.xlsx,analysis input,184939,05e4157985bd8b7c8ce58ed38a32f99842c6544e04a909c184a2ccba59686e22
12_rankings/output/all_493_ranked.csv,analysis output,105572,3376c6dffc90cec8385b0a2f7bcd987260f569c49b22b874c036609b84d67035
12_rankings/output/chemistry_top_10_percent_50.csv,analysis output,12166,70e03869a1967a6ef4c441906d4235f00a4a3d2f70d2cde84477f832a48dff6f
12_rankings/output/combined_top_10_percent_50.csv,analysis output,12347,848886a5570e09bd980d8f93057fc98b42476f505e6b7b1b100cd926e4a1f152
12_rankings/output/figure7d_priority_region_52.csv,analysis output,13276,bf9e104bf3e66bfdf4fd7c096db00458ce63212aa7632bedab9aed9598dcd3ea
12_rankings/output/rankings_493.xlsx,analysis output,102224,cd4de5a8efbc9b2627d8b534a223d3ee3919cbd7dbb3c31cdfd8eed3ebb29106
13_summary/code/assemble_production.py,script snapshot,18479,32f2189bf23821b735be3f2110fde474f793587f1870c2b00986f1100ff5dcf8
13_summary/input/comparator_503/fig7a_503.xlsx,analysis input,122939,be87907660a26ec4761844d5df08f5d8e5f7a54ca6a5cde7f732f850ad050fed
13_summary/input/comparator_503/fig7b_503.xlsx,analysis input,147949,44195d8ff6f700397efb1e6d9a50138096906e73239ae2845329994ec7da59bf
13_summary/input/comparator_503/fig7c_503.xlsx,analysis input,115422,e695cd278a6030c3e92cadd94d079b8cb491df83430a68afb4d10f08dd25fb39
13_summary/input/comparator_503/fig7d_503.xlsx,analysis input,159908,9c7f2ea3ceac8d350395bfb0578ce0ed2b6e2cec11e3c48f56c440dae811129e
13_summary/input/comparator_503/pca_503.xlsx,analysis input,337275,e8a5943064c9848f5ac321eb1f47ee3e742c7a0330e506453a87476a1fda6ee2
13_summary/input/locked_493.xlsx,analysis input,184939,05e4157985bd8b7c8ce58ed38a32f99842c6544e04a909c184a2ccba59686e22
13_summary/output/CHAOS_EFA493_production_summary.xlsx,analysis output,25691,2e823b4490a1ffd644aac4560e866e99de5d4295699846ace63ed5c635792f80
13_summary/output/before_after_manuscript_numbers.csv,analysis output,3514,312a46712e63786cbec53e3a9ce743607b0851cafcbaaead54d8ca79fe94cc59
13_summary/output/figure_source_index.csv,analysis output,4551,fde042cfc306e09c8087c6497bbb084ceb2fce2553b20c7b5e0640ae8a66d6f2
13_summary/output/final_metrics.csv,analysis output,4865,ad73902be9d12df83ce12c54bfd85b3f289d210d4a8326a81b8da85e657a8ca4
13_summary/output/summary_workbook.json,analysis output,61540,9e929476ffe5306310e62df604b6e1892ee71c8a699caac3599203d5f4019261
14_tableS4_and_text_checks/code/efa_screening_common.py,script snapshot,11779,ebdd68d0421d379acdc5239bb175ae8c006745ffda10b36e59cc33df69b84c8d
14_tableS4_and_text_checks/code/run_tableS4_and_text_checks.py,script snapshot,9714,f9db1e8a5adde44443ae56b368aec3a68b366a5fa439e543a9f7f6f2182af0c1
14_tableS4_and_text_checks/input/all_493_ranked.csv,analysis input,105572,3376c6dffc90cec8385b0a2f7bcd987260f569c49b22b874c036609b84d67035
14_tableS4_and_text_checks/input/locked_493.xlsx,analysis input,184939,05e4157985bd8b7c8ce58ed38a32f99842c6544e04a909c184a2ccba59686e22
14_tableS4_and_text_checks/input/table_s3_submitted.csv,analysis input,13439,9054fe04e6bf2b5ea64aeba8c69aa60bbf408956261528c872d3b5c39c84407f
14_tableS4_and_text_checks/output/element_presence_features.csv,analysis output,21701,34dba4a6811fdf7866fd33dae8626d56698d29140f83044bceba3c37ac10a721
14_tableS4_and_text_checks/output/table_s4_models.csv,analysis output,513,51fd9d3a81859c4613cab5caf36cfc4aad09205f17fd659aa1d7202a00d897d2
14_tableS4_and_text_checks/output/text_checks.json,analysis output,910,bff7268cdba631feab2350c8dee0196841a8998a980f8fec4a8a25b081cfddae
14_tableS4_and_text_checks/run_metadata.json,analysis output,558,2c0fb432b6f09eda4c53bf6f88a8cab826ea1ee8b282a74eee573e15bf33fccd
README.md,runbook/metadata,9570,9df134fcdc53c779f67d2a34f93851a2768f0fa3ed7f46b08bda38e97a2fc5f6
VALIDATION.json,runbook/metadata,2514,cbdc48c5c7b44a53b713c68781507f2de41765e8ca6ba33fa3611c51481ac342
MANIFEST.csv,self-reference; hash intentionally omitted,,
