X_predicted_EFA_percentile,Y_descriptor_compatibility_score,true_class,true_class_code,candidate_formula,anonymous_id,CHAOS_excel_row
0.8719512195121951,0.7120172764227642,true high-EFA only,2,"(Ca,Cd,Co,Fe)O",CHAOS_0001,2
0.7967479674796748,0.7684197154471546,true high descriptor compatibility score only,1,"(Ca,Fe,Mn,Zn)O",CHAOS_0002,3
0.6829268292682927,0.4103150406504065,other,0,"(Co,Mg,Mn,Sr)O",CHAOS_0003,4
0.991869918699187,0.9002794715447154,true high-EFA + high descriptor compatibility score,3,"(Co,Mg,Mn,Ni)O",CHAOS_0004,5
0.3130081300813008,0.4167936991869919,other,0,"(Fe,Mg,Mn,Sr)O",CHAOS_0005,6
0.08333333333333333,0.05487804878048781,other,0,"(Mg,Sn,Sr,Ti)O",CHAOS_0006,7
0.7703252032520326,0.1961382113821138,other,0,"(Ca,Ni,Sn,Sr)O",CHAOS_0007,8
0.5508130081300813,0.5899390243902438,other,0,"(Cu,Fe,Mn,V)O",CHAOS_0008,9
0.7601626016260162,0.6538363821138211,true high-EFA only,2,"(Co,Mg,Sn,Zn)O",CHAOS_0009,10
0.5386178861788617,0.7543191056910569,true high descriptor compatibility score only,1,"(Cd,Fe,Ti,Zn)O",CHAOS_0010,11
0.5121951219512195,0.7146849593495934,other,0,"(Ca,Nb,Ti,V)O",CHAOS_0011,12
0.2886178861788618,0.4419461382113821,other,0,"(Mg,Nb,Sr,V)O",CHAOS_0012,13
0.5894308943089431,0.3363821138211383,true high-EFA only,2,"(Ca,Mn,Sn,Zn)O",CHAOS_0013,14
0.3983739837398374,0.2098577235772358,true high-EFA only,2,"(Ca,Fe,Mg,Sn)O",CHAOS_0014,15
0.298780487804878,0.4302591463414634,other,0,"(Cd,Mg,Sr,V)O",CHAOS_0015,16
0.3008130081300813,0.5058434959349594,other,0,"(Ca,Mg,Mn,Nb)O",CHAOS_0016,17
0.3150406504065041,0.5804115853658537,other,0,"(Ca,Cd,Mg,Nb)O",CHAOS_0017,18
0.8191056910569106,0.4585873983739838,other,0,"(Ca,Mg,Ni,Sr)O",CHAOS_0018,19
0.8597560975609756,0.6850863821138211,true high-EFA only,2,"(Ca,Co,Fe,Zn)O",CHAOS_0019,20
0.8373983739837398,0.510035569105691,true high-EFA only,2,"(Cd,Cu,Mg,Mn)O",CHAOS_0020,21
0.1158536585365854,0.3216463414634146,other,0,"(Nb,Sn,Sr,V)O",CHAOS_0021,22
0.09146341463414634,0.3316819105691057,other,0,"(Cd,Sr,Ti,V)O",CHAOS_0022,23
0.6260162601626016,0.6269054878048781,true high-EFA only,2,"(Ca,Cd,Mn,Sr)O",CHAOS_0023,24
0.9776422764227642,0.7714684959349594,true high-EFA + high descriptor compatibility score,3,"(Co,Cu,Mg,Mn)O",CHAOS_0024,25
0.7317073170731707,0.736915650406504,true high-EFA only,2,"(Cd,Cu,Fe,Zn)O",CHAOS_0025,26
0.7296747967479674,0.4179369918699187,other,0,"(Ca,Co,Mn,Sr)O",CHAOS_0026,27
0.7235772357723578,0.4815802845528455,other,0,"(Cd,Co,Fe,Sr)O",CHAOS_0027,28
0.7723577235772358,0.4256859756097561,other,0,"(Cd,Co,Sr,Zn)O",CHAOS_0028,29
0.1056910569105691,0.08892276422764228,other,0,"(Ca,Mg,Nb,Sn)O",CHAOS_0029,30
0.1666666666666667,0.4254319105691057,other,0,"(Cd,Mn,Sn,V)O",CHAOS_0030,31
0.5589430894308943,0.3285060975609756,other,0,"(Mg,Ni,Sr,Zn)O",CHAOS_0031,32
0.9410569105691057,0.8046239837398375,true high-EFA + high descriptor compatibility score,3,"(Cd,Mn,Ni,Zn)O",CHAOS_0032,33
0.4288617886178862,0.4479166666666666,other,0,"(Cd,Mn,Sr,V)O",CHAOS_0033,34
0.6056910569105691,0.6464684959349593,true high-EFA only,2,"(Cu,Fe,Sn,Zn)O",CHAOS_0034,35
0.8760162601626016,0.6800050813008129,true high-EFA only,2,"(Ca,Mg,Mn,Ni)O",CHAOS_0035,36
0.8800813008130082,0.6579014227642277,other,0,"(Ca,Cd,Fe,Ni)O",CHAOS_0036,37
0.1016260162601626,0.5123221544715447,other,0,"(Ca,Mg,Nb,Zn)O",CHAOS_0037,38
0.2784552845528455,0.6200457317073171,other,0,"(Nb,Tc,Ti,V)O",CHAOS_0038,39
0.709349593495935,0.5920985772357723,true high-EFA only,2,"(Ca,Cu,Mg,Mn)O",CHAOS_0039,40
0.8150406504065041,0.5854928861788617,other,0,"(Co,Mg,Mn,Sn)O",CHAOS_0040,41
0.823170731707317,0.6107723577235773,true high-EFA only,2,"(Co,Mg,Ni,Sn)O",CHAOS_0041,42
0.7540650406504065,0.4885670731707317,other,0,"(Cd,Co,Mg,Sr)O",CHAOS_0042,43
0.2642276422764228,0.5293445121951219,other,0,"(Cd,Mg,Nb,Sn)O",CHAOS_0043,44
0.3739837398373984,0.4265752032520325,other,0,"(Ca,Mn,Nb,Sr)O",CHAOS_0044,45
0.006097560975609756,0.1595528455284553,other,0,"(Mg,Sn,Ti,V)O",CHAOS_0045,46
0.2032520325203252,0.5401422764227642,other,0,"(Cd,Fe,Sr,Ti)O",CHAOS_0046,47
0.717479674796748,0.4108231707317073,true high-EFA only,2,"(Ca,Cd,Sn,Zn)O",CHAOS_0047,48
0.5365853658536586,0.5802845528455285,other,0,"(Cd,Co,Sn,Zn)O",CHAOS_0048,49
0.6361788617886179,0.632494918699187,other,0,"(Cu,Mn,V,Zn)O",CHAOS_0049,50
0.676829268292683,0.5768546747967479,other,0,"(Cd,Ni,Sn,Zn)O",CHAOS_0050,51
0.3780487804878049,0.1831808943089431,other,0,"(Ca,Mg,Mn,Sn)O",CHAOS_0051,52
0.9471544715447154,0.8652184959349594,true high-EFA + high descriptor compatibility score,3,"(Co,Cu,Mg,Ni)O",CHAOS_0052,53
0.5630081300813008,0.521214430894309,other,0,"(Fe,Mn,Sn,Zn)O",CHAOS_0053,54
0.4065040650406504,0.5711382113821137,other,0,"(Ca,Mn,Nb,Zn)O",CHAOS_0054,55
0.5203252032520326,0.6659044715447155,true high-EFA only,2,"(Ca,Mg,Ti,V)O",CHAOS_0055,56
0.002032520325203252,0.462525406504065,other,0,"(Mn,Nb,Ti,Zn)O",CHAOS_0056,57
0.1341463414634146,0.6985518292682926,other,0,"(Cd,Fe,Nb,Ti)O",CHAOS_0057,58
0.05487804878048781,0.09273373983739835,other,0,"(Nb,Sn,Sr,Ti)O",CHAOS_0058,59
0.02642276422764228,0.1891514227642276,other,0,"(Cu,Nb,Sn,Tc)O",CHAOS_0059,60
0.2235772357723577,0.2820121951219512,other,0,"(Mg,Mn,Nb,Sr)O",CHAOS_0060,61
0.7154471544715447,0.5384908536585366,other,0,"(Cu,Mn,Sn,Zn)O",CHAOS_0061,62
0.2703252032520325,0.366869918699187,other,0,"(Ca,Mn,Sr,Ti)O",CHAOS_0062,63
0.8658536585365854,0.834984756097561,true high-EFA + high descriptor compatibility score,3,"(Cd,Co,Mg,Zn)O",CHAOS_0063,64
0.8333333333333334,0.8128810975609756,true high-EFA + high descriptor compatibility score,3,"(Co,Mg,Mn,V)O",CHAOS_0064,65
0.9065040650406504,0.9082825203252032,true high-EFA + high descriptor compatibility score,3,"(Co,Fe,Mn,Zn)O",CHAOS_0065,66
0.4857723577235772,0.2284044715447154,true high-EFA only,2,"(Cd,Mg,Sn,Sr)O",CHAOS_0066,67
0.9939024390243902,0.9071392276422764,true high-EFA + high descriptor compatibility score,3,"(Cu,Mg,Ni,Zn)O",CHAOS_0067,68
0.6910569105691057,0.6810213414634146,true high-EFA only,2,"(Ca,Cd,Mg,Zn)O",CHAOS_0068,69
0.5101626016260162,0.1847052845528455,other,0,"(Co,Mg,Sn,Sr)O",CHAOS_0069,70
0.08943089430894309,0.801194105691057,true high descriptor compatibility score only,1,"(Cd,Mg,Ti,V)O",CHAOS_0070,71
0.07317073170731707,0.3315548780487805,other,0,"(Mg,Nb,V,Zn)O",CHAOS_0071,72
0.0426829268292683,0.1547256097560975,other,0,"(Cu,Nb,Sn,Ti)O",CHAOS_0072,73
0.5467479674796748,0.8328252032520325,true high descriptor compatibility score only,1,"(Cd,Mn,V,Zn)O",CHAOS_0073,74
0.4776422764227642,0.1955030487804878,other,0,"(Co,Mn,Sn,Sr)O",CHAOS_0074,75
0.6686991869918699,0.6802591463414633,true high-EFA only,2,"(Ca,Cd,V,Zn)O",CHAOS_0075,76
0.2520325203252032,0.4453760162601626,other,0,"(Mg,Mn,Nb,Sn)O",CHAOS_0076,77
0.467479674796748,0.1265243902439024,other,0,"(Ca,Fe,Sn,Sr)O",CHAOS_0077,78
0.9288617886178862,0.8418445121951219,true high-EFA + high descriptor compatibility score,3,"(Cd,Co,Mn,Zn)O",CHAOS_0078,79
0.75,0.6645071138211383,true high-EFA only,2,"(Co,Mn,Sn,Zn)O",CHAOS_0079,80
0.03252032520325204,0.1612042682926829,other,0,"(Ca,Fe,Nb,Sn)O",CHAOS_0080,81
0.3313008130081301,0.2136686991869919,other,0,"(Mn,Sn,Sr,Zn)O",CHAOS_0081,82
0.7865853658536586,0.7822662601626016,true high-EFA + high descriptor compatibility score,3,"(Cd,Co,Fe,Zn)O",CHAOS_0082,83
0.8963414634146342,0.8821138211382114,true high-EFA + high descriptor compatibility score,3,"(Cd,Mg,Ni,Zn)O",CHAOS_0083,84
0.05284552845528456,0.3305386178861789,other,0,"(Mn,Nb,Sn,Ti)O",CHAOS_0084,85
0.6117886178861789,0.5505589430894309,true high-EFA only,2,"(Ca,Cd,Mg,Sr)O",CHAOS_0085,86
0.6402439024390244,0.4601117886178862,other,0,"(Ca,Cd,Mn,Sn)O",CHAOS_0086,87
0.6077235772357723,0.3335873983739838,other,0,"(Cd,Sn,Sr,Zn)O",CHAOS_0087,88
0.7398373983739838,0.5348069105691057,other,0,"(Cd,Mn,Ni,Sn)O",CHAOS_0088,89
0.008130081300813009,0.3086890243902439,other,0,"(Nb,Sn,Ti,V)O",CHAOS_0089,90
0.4044715447154472,0.3457825203252033,other,0,"(Ca,Fe,Nb,Sr)O",CHAOS_0090,91
0.3638211382113821,0.7842987804878049,true high descriptor compatibility score only,1,"(Cd,Ti,V,Zn)O",CHAOS_0091,92
0.03658536585365853,0.1077235772357724,other,0,"(Sn,Sr,Ti,V)O",CHAOS_0092,93
0.5020325203252033,0.6995680894308943,other,0,"(Ca,Cd,Mg,V)O",CHAOS_0093,94
0.693089430894309,0.7850609756097562,true high descriptor compatibility score only,1,"(Mg,Mn,V,Zn)O",CHAOS_0094,95
0.9308943089430894,0.8526422764227642,true high-EFA + high descriptor compatibility score,3,"(Cd,Co,Mg,Ni)O",CHAOS_0095,96
0.3882113821138211,0.3889735772357724,other,0,"(Fe,Mg,Sr,Zn)O",CHAOS_0096,97
0.225609756097561,0.2856961382113821,other,0,"(Co,Fe,Sn,Sr)O",CHAOS_0097,98
0.5752032520325203,0.4989837398373983,other,0,"(Cd,Fe,Mg,Sr)O",CHAOS_0098,99
0.475609756097561,0.6018800813008129,other,0,"(Sn,Ti,V,Zn)O",CHAOS_0099,100
0.9146341463414634,0.6302083333333334,true high-EFA only,2,"(Cd,Fe,Mg,Ni)O",CHAOS_0100,101
0.8943089430894309,0.6556148373983739,true high-EFA only,2,"(Ca,Fe,Mg,Ni)O",CHAOS_0101,102
0.08739837398373984,0.1834349593495935,other,0,"(Mg,Mn,Sn,Ti)O",CHAOS_0102,103
0.5528455284552846,0.2342479674796748,true high-EFA only,2,"(Ca,Mg,Sn,Zn)O",CHAOS_0103,104
0.5142276422764228,0.4735772357723577,other,0,"(Ca,Fe,Mg,Ti)O",CHAOS_0104,105
0.07520325203252033,0.6755589430894309,other,0,"(Sn,Tc,Ti,V)O",CHAOS_0105,106
0.4207317073170732,0.7433943089430894,other,0,"(Cd,Mn,Nb,Zn)O",CHAOS_0106,107
0.09349593495934959,0.6689532520325203,other,0,"(Cd,Sn,Ti,V)O",CHAOS_0107,108
0.4349593495934959,0.6286839430894309,other,0,"(Cd,Mg,Sn,Ti)O",CHAOS_0108,109
0.3861788617886179,0.4862804878048781,other,0,"(Mg,Mn,Sr,V)O",CHAOS_0109,110
0.04471544715447155,0.3516260162601626,other,0,"(Cd,Fe,Nb,Zn)O",CHAOS_0110,111
0.9369918699186992,0.3321900406504065,other,0,"(Ca,Co,Ni,Sr)O",CHAOS_0111,112
0.5040650406504065,0.7752794715447154,true high descriptor compatibility score only,1,"(Ca,Cd,Nb,Ti)O",CHAOS_0112,113
0.7378048780487805,0.5882876016260163,true high-EFA only,2,"(Cd,Mg,Ni,Sn)O",CHAOS_0113,114
0.9715447154471545,0.8891006097560976,true high-EFA + high descriptor compatibility score,3,"(Cu,Fe,Mg,Ni)O",CHAOS_0114,115
0.7621951219512195,0.6065802845528455,true high-EFA only,2,"(Ca,Cu,Mg,Zn)O",CHAOS_0115,116
0.3333333333333333,0.690040650406504,other,0,"(Cd,Mg,Ti,Zn)O",CHAOS_0116,117
0.1199186991869919,0.6563770325203251,other,0,"(Cd,Fe,Mg,Nb)O",CHAOS_0117,118
0.4227642276422764,0.4405487804878049,other,0,"(Cu,Fe,V,Zn)O",CHAOS_0118,119
0.241869918699187,0.573170731707317,other,0,"(Ca,Mn,Nb,Ti)O",CHAOS_0119,120
0.8008130081300813,0.2882367886178862,other,0,"(Co,Fe,Ni,Sr)O",CHAOS_0120,121
0.4126016260162602,0.291285569105691,true high-EFA only,2,"(Ca,Fe,Mn,Sn)O",CHAOS_0121,122
0.1605691056910569,0.3878302845528455,other,0,"(Ca,Cd,Nb,Zn)O",CHAOS_0122,123
0.6280487804878049,0.1634908536585366,other,0,"(Ni,Sn,Sr,Zn)O",CHAOS_0123,124
0.7012195121951219,0.3907520325203252,true high-EFA only,2,"(Ca,Co,Mg,Sn)O",CHAOS_0124,125
0.4247967479674797,0.4842479674796748,other,0,"(Ca,Mg,Mn,Sr)O",CHAOS_0125,126
0.975609756097561,0.9413109756097562,true high-EFA + high descriptor compatibility score,3,"(Co,Fe,Mn,Ni)O",CHAOS_0126,127
0.282520325203252,0.8583587398373984,true high descriptor compatibility score only,1,"(Cd,Mn,Nb,Ti)O",CHAOS_0127,128
0.1178861788617886,0.3555640243902439,other,0,"(Nb,Sn,Tc,Zn)O",CHAOS_0128,129
0.06300813008130081,0.5659298780487805,other,0,"(Fe,Nb,Sn,V)O",CHAOS_0129,130
0.4268292682926829,0.3366361788617886,other,0,"(Ca,Fe,Sr,Ti)O",CHAOS_0130,131
0.209349593495935,0.280614837398374,other,0,"(Mg,Sn,Ti,Zn)O",CHAOS_0131,132
0.7520325203252033,0.4404217479674797,other,0,"(Ca,Fe,Ni,Sr)O",CHAOS_0132,133
0.4898373983739837,0.7475863821138211,other,0,"(Cd,Nb,Sr,Ti)O",CHAOS_0133,134
0.2540650406504065,0.1534552845528455,other,0,"(Fe,Mg,Sn,Sr)O",CHAOS_0134,135
0.5670731707317073,0.6014989837398373,other,0,"(Cd,Co,Ni,Sn)O",CHAOS_0135,136
0.1402439024390244,0.3842733739837398,other,0,"(Mg,Nb,Sr,Zn)O",CHAOS_0136,137
0.217479674796748,0.4329268292682927,other,0,"(Cd,Fe,Sn,Zn)O",CHAOS_0137,138
0.2764227642276423,0.7158282520325203,other,0,"(Cd,Mg,Sn,V)O",CHAOS_0138,139
0.7987804878048781,0.7646087398373984,true high descriptor compatibility score only,1,"(Mn,Ni,V,Zn)O",CHAOS_0139,140
0.532520325203252,0.462525406504065,other,0,"(Cd,Mg,Sr,Zn)O",CHAOS_0140,141
0.06707317073170732,0.5893038617886179,other,0,"(Nb,Ni,Sn,Ti)O",CHAOS_0141,142
0.9004065040650406,0.8682672764227642,true high-EFA + high descriptor compatibility score,3,"(Cd,Co,Ni,Zn)O",CHAOS_0142,143
0.1544715447154472,0.290015243902439,other,0,"(Mg,Sn,V,Zn)O",CHAOS_0143,144
0.766260162601626,0.6694613821138211,other,0,"(Ca,Fe,Mg,Zn)O",CHAOS_0144,145
0.516260162601626,0.3150406504065041,true high-EFA only,2,"(Ca,Cd,Fe,Sn)O",CHAOS_0145,146
0.25,0.522484756097561,other,0,"(Ca,Mn,Nb,V)O",CHAOS_0146,147
0.7195121951219512,0.5189278455284553,other,0,"(Cd,Fe,Ni,Sr)O",CHAOS_0147,148
0.2560975609756098,0.5436991869918699,other,0,"(Ca,Mg,Nb,Ti)O",CHAOS_0148,149
0.725609756097561,0.4402947154471545,other,0,"(Ca,Co,Mg,Sr)O",CHAOS_0149,150
0.2052845528455285,0.2746443089430894,other,0,"(Mg,Sr,Ti,Zn)O",CHAOS_0150,151
0.1991869918699187,0.6681910569105691,other,0,"(Cd,Mg,Mn,Nb)O",CHAOS_0151,152
0.4654471544715447,0.4307672764227642,other,0,"(Fe,Mn,Sr,Zn)O",CHAOS_0152,153
0.8353658536585366,0.8060213414634146,true high-EFA + high descriptor compatibility score,3,"(Cd,Fe,Mg,Zn)O",CHAOS_0153,154
0.7032520325203252,0.4803099593495935,other,0,"(Ca,Mn,Ni,Sr)O",CHAOS_0154,155
0.2113821138211382,0.3948170731707317,other,0,"(Cd,Mn,Nb,Sr)O",CHAOS_0155,156
0.8089430894308943,0.6890243902439024,true high-EFA only,2,"(Cd,Cu,Fe,Mg)O",CHAOS_0156,157
0.1077235772357724,0.1760670731707317,other,0,"(Ca,Sn,Ti,V)O",CHAOS_0157,158
0.9857723577235772,0.8944359756097562,true high-EFA + high descriptor compatibility score,3,"(Fe,Mg,Mn,Ni)O",CHAOS_0158,159
0.5873983739837398,0.5260416666666667,other,0,"(Cd,Fe,Ni,Sn)O",CHAOS_0159,160
0.3658536585365854,0.8044969512195121,true high descriptor compatibility score only,1,"(Cd,Mg,V,Zn)O",CHAOS_0160,161
0.4613821138211382,0.6140752032520325,other,0,"(Ca,Mg,Mn,Ti)O",CHAOS_0161,162
0.1239837398373984,0.811229674796748,true high-EFA + high descriptor compatibility score,3,"(Co,Cu,Fe,Ni)O",CHAOS_0162,163
0.4390243902439024,0.5816819105691057,other,0,"(Ca,Cd,Nb,Sn)O",CHAOS_0163,164
0.2134146341463415,0.5893038617886178,other,0,"(Fe,Mg,Nb,Sn)O",CHAOS_0164,165
0.5955284552845529,0.6089939024390244,true high-EFA only,2,"(Cu,Mg,V,Zn)O",CHAOS_0165,166
0.2296747967479675,0.2017276422764228,other,0,"(Fe,Mg,Nb,Sr)O",CHAOS_0166,167
0.2723577235772358,0.1039126016260163,other,0,"(Ca,Sn,Sr,Ti)O",CHAOS_0167,168
0.5691056910569106,0.4336890243902439,true high-EFA only,2,"(Cd,Mg,Sn,Zn)O",CHAOS_0168,169
0.4817073170731707,0.4023119918699187,other,0,"(Ca,Cd,Nb,Sr)O",CHAOS_0169,170
0.3353658536585366,0.7211636178861788,other,0,"(Cd,Fe,Sn,Ti)O",CHAOS_0170,171
0.01016260162601626,0.2021087398373984,other,0,"(Fe,Nb,Sn,Zn)O",CHAOS_0171,172
0.07113821138211382,0.1829268292682927,other,0,"(Cu,Nb,Sn,V)O",CHAOS_0172,173
0.0975609756097561,0.8201219512195121,true high descriptor compatibility score only,1,"(Cd,Nb,Ti,V)O",CHAOS_0173,174
0.9512195121951219,0.8561991869918699,true high-EFA + high descriptor compatibility score,3,"(Cd,Fe,Mn,Ni)O",CHAOS_0174,175
0.1097560975609756,0.1321138211382114,other,0,"(Ca,Fe,Sn,Ti)O",CHAOS_0175,176
0.9024390243902439,0.6821646341463414,true high-EFA only,2,"(Ca,Cd,Mg,Ni)O",CHAOS_0176,177
0.4308943089430894,0.5720274390243902,other,0,"(Ca,Mg,Nb,Sr)O",CHAOS_0177,178
0.9613821138211383,0.708714430894309,true high-EFA only,2,"(Mg,Ni,Sn,Zn)O",CHAOS_0178,179
0.2378048780487805,0.1438008130081301,other,0,"(Mg,Mn,Sn,Sr)O",CHAOS_0179,180
0.6890243902439024,0.3941819105691057,other,0,"(Fe,Mg,Ni,Sr)O",CHAOS_0180,181
0.5345528455284553,0.7365345528455285,other,0,"(Ca,Mg,Mn,V)O",CHAOS_0181,182
0.4735772357723577,0.4396595528455285,other,0,"(Co,Cu,Fe,V)O",CHAOS_0182,183
0.6443089430894309,0.255589430894309,other,0,"(Ca,Co,Sn,Sr)O",CHAOS_0183,184
0.967479674796748,0.9303861788617886,true high-EFA + high descriptor compatibility score,3,"(Fe,Mn,Ni,Zn)O",CHAOS_0184,185
0.8780487804878049,0.697408536585366,true high-EFA only,2,"(Ca,Co,Mg,Mn)O",CHAOS_0185,186
0.04065040650406504,0.1344004065040651,other,0,"(Ca,Nb,Sn,Ti)O",CHAOS_0186,187
0.5426829268292683,0.3730945121951219,other,0,"(Ca,Cd,Sr,V)O",CHAOS_0187,188
0.1869918699186992,0.1277947154471545,other,0,"(Ca,Mg,Sn,Ti)O",CHAOS_0188,189
0.0,0.6733993902439024,other,0,"(Mn,Nb,Ti,V)O",CHAOS_0189,190
0.782520325203252,0.3836382113821138,true high-EFA only,2,"(Ca,Mg,Ni,Sn)O",CHAOS_0190,191
0.5223577235772358,0.6434197154471545,other,0,"(Cd,Cu,V,Zn)O",CHAOS_0191,192
0.2845528455284553,0.7282774390243902,other,0,"(Cd,Mg,Nb,Zn)O",CHAOS_0192,193
0.6138211382113821,0.5480182926829268,other,0,"(Cd,Co,Fe,Sn)O",CHAOS_0193,194
0.3597560975609756,0.3427337398373984,other,0,"(Nb,Sr,Tc,Ti)O",CHAOS_0194,195
0.01829268292682927,0.06389735772357724,other,0,"(Cu,Nb,Sn,Sr)O",CHAOS_0195,196
0.3800813008130081,0.5663109756097562,other,0,"(Ca,Cd,Mg,Ti)O",CHAOS_0196,197
0.491869918699187,0.481834349593496,other,0,"(Ca,Nb,Sr,V)O",CHAOS_0197,198
0.07723577235772358,0.4554115853658537,other,0,"(Cd,Fe,Nb,Sn)O",CHAOS_0198,199
0.8414634146341463,0.2458079268292683,other,0,"(Co,Mg,Ni,Sr)O",CHAOS_0199,200
0.7439024390243902,0.4697662601626016,other,0,"(Co,Mn,Sr,Zn)O",CHAOS_0200,201
0.4878048780487805,0.6845782520325203,other,0,"(Ca,Mn,Ti,V)O",CHAOS_0201,202
0.8048780487804879,0.6859756097560976,true high-EFA only,2,"(Ca,Cd,Co,Mg)O",CHAOS_0202,203
0.233739837398374,0.3798272357723577,other,0,"(Mn,Sr,Ti,V)O",CHAOS_0203,204
0.1686991869918699,0.2624491869918699,other,0,"(Cd,Sr,Ti,Zn)O",CHAOS_0204,205
0.6219512195121951,0.561864837398374,other,0,"(Fe,Ni,Sn,Zn)O",CHAOS_0205,206
0.3434959349593496,0.3292682926829268,other,0,"(Ca,Nb,Sn,Sr)O",CHAOS_0206,207
0.04674796747967479,0.4070121951219512,other,0,"(Cd,Mg,Nb,V)O",CHAOS_0207,208
0.06910569105691057,0.0933689024390244,other,0,"(Fe,Nb,Sn,Sr)O",CHAOS_0208,209
0.5914634146341463,0.3897357723577236,other,0,"(Ca,Cu,Mg,V)O",CHAOS_0209,210
0.540650406504065,0.4048526422764228,other,0,"(Ca,Fe,Mg,Sr)O",CHAOS_0210,211
0.4979674796747968,0.171239837398374,other,0,"(Ca,Sn,Sr,Zn)O",CHAOS_0211,212
0.3678861788617886,0.5848577235772359,other,0,"(Cd,Mn,Sr,Ti)O",CHAOS_0212,213
0.6788617886178862,0.4101880081300813,other,0,"(Mn,Ni,Sr,Zn)O",CHAOS_0213,214
0.4166666666666667,0.290015243902439,other,0,"(Cd,Sr,V,Zn)O",CHAOS_0214,215
0.6646341463414634,0.5036839430894309,other,0,"(Co,Fe,Mg,Sn)O",CHAOS_0215,216
0.3028455284552846,0.4347052845528455,other,0,"(Cu,Sn,Ti,V)O",CHAOS_0216,217
0.573170731707317,0.4167936991869919,other,0,"(Ca,Mn,Sr,Zn)O",CHAOS_0217,218
0.1565040650406504,0.4557926829268292,other,0,"(Mg,Nb,Ti,V)O",CHAOS_0218,219
0.9105691056910569,0.6985518292682926,true high-EFA only,2,"(Ca,Cd,Mn,Ni)O",CHAOS_0219,220
0.4959349593495935,0.5734247967479675,other,0,"(Co,Fe,Sn,Zn)O",CHAOS_0220,221
0.2317073170731707,0.369410569105691,other,0,"(Mg,Nb,Sn,Sr)O",CHAOS_0221,222
0.5975609756097561,0.4556656504065041,other,0,"(Cd,Fe,Sr,Zn)O",CHAOS_0222,223
0.4939024390243902,0.3008130081300813,other,0,"(Ca,Fe,Sn,Zn)O",CHAOS_0223,224
0.1443089430894309,0.4018038617886179,other,0,"(Mg,Nb,Ti,Zn)O",CHAOS_0224,225
0.6544715447154471,0.7234502032520325,true high-EFA only,2,"(Ca,Cd,Mg,Mn)O",CHAOS_0225,226
0.09959349593495935,0.2694359756097561,other,0,"(Nb,Sn,Sr,Zn)O",CHAOS_0226,227
0.1768292682926829,0.1750508130081301,other,0,"(Ca,Mg,Sn,V)O",CHAOS_0227,228
0.7073170731707317,0.6908028455284553,other,0,"(Ca,Cd,Fe,Mg)O",CHAOS_0228,229
0.5772357723577236,0.4583333333333333,other,0,"(Ca,Cu,Mn,V)O",CHAOS_0229,230
0.4796747967479675,0.4087906504065041,true high-EFA only,2,"(Ca,Mg,Sr,Zn)O",CHAOS_0230,231
0.6016260162601627,0.2046493902439024,other,0,"(Cd,Co,Sn,Sr)O",CHAOS_0231,232
0.01219512195121951,0.1173780487804878,other,0,"(Mg,Nb,Sn,Ti)O",CHAOS_0232,233
0.9390243902439024,0.7496189024390243,true high-EFA only,2,"(Cd,Mg,Mn,Ni)O",CHAOS_0233,234
0.8556910569105691,0.5529725609756098,other,0,"(Mg,Mn,Ni,Sn)O",CHAOS_0234,235
0.03455284552845529,0.2195121951219512,other,0,"(Cd,Nb,Sn,Zn)O",CHAOS_0235,236
0.9552845528455285,0.7158282520325203,other,0,"(Cd,Co,Mn,Ni)O",CHAOS_0236,237
0.3922764227642276,0.4597306910569106,other,0,"(Ca,Fe,Mn,Sr)O",CHAOS_0237,238
0.3455284552845528,0.3702997967479675,other,0,"(Ca,Sn,Ti,Zn)O",CHAOS_0238,239
0.5304878048780488,0.5124491869918699,other,0,"(Ca,Nb,Sr,Ti)O",CHAOS_0239,240
0.5060975609756098,0.4635416666666666,other,0,"(Co,Fe,Ni,V)O",CHAOS_0240,241
1.0,0.3945630081300813,other,0,"(Cd,Mg,Mn,Sn)O",CHAOS_0241,242
0.5995934959349594,0.2693089430894309,other,0,"(Co,Mg,Sr,Zn)O",CHAOS_0242,243
0.3191056910569106,0.1138211382113821,other,0,"(Ca,Sn,Sr,V)O",CHAOS_0243,244
0.451219512195122,0.3910060975609755,other,0,"(Cu,Fe,Mg,Ti)O",CHAOS_0244,245
0.3536585365853658,0.6891514227642277,other,0,"(Cd,Mn,Nb,Sn)O",CHAOS_0245,246
0.2967479674796748,0.2976371951219512,other,0,"(Mg,Nb,Sn,Zn)O",CHAOS_0246,247
0.8861788617886179,0.7479674796747968,true high-EFA only,2,"(Ca,Cd,Co,Mn)O",CHAOS_0247,248
0.9349593495934959,0.8269817073170731,true high-EFA + high descriptor compatibility score,3,"(Cu,Fe,Mg,Zn)O",CHAOS_0248,249
0.2926829268292683,0.2239583333333333,other,0,"(Fe,Mn,Sn,Sr)O",CHAOS_0249,250
0.5,0.7217987804878048,other,0,"(Mg,Mn,Ti,V)O",CHAOS_0250,251
0.6727642276422764,0.6876270325203253,other,0,"(Ca,Mg,Mn,Zn)O",CHAOS_0251,252
0.1727642276422764,0.2272611788617886,other,0,"(Cd,Sn,Sr,V)O",CHAOS_0252,253
0.8211382113821138,0.3452743902439025,true high-EFA only,2,"(Ca,Co,Ni,Sn)O",CHAOS_0253,254
0.6869918699186992,0.3642022357723577,other,0,"(Fe,Mn,Ni,Sr)O",CHAOS_0254,255
0.5934959349593496,0.3315548780487805,true high-EFA only,2,"(Ca,Cd,Mg,Sn)O",CHAOS_0255,256
0.5284552845528455,0.4355945121951219,other,0,"(Ca,Mn,Ti,Zn)O",CHAOS_0256,257
0.3760162601626016,0.3791920731707317,other,0,"(Mg,Mn,Sr,Zn)O",CHAOS_0257,258
0.1361788617886179,0.4541412601626016,other,0,"(Mn,Nb,Sn,V)O",CHAOS_0258,259
0.1707317073170732,0.3622967479674797,other,0,"(Mn,Sn,Sr,V)O",CHAOS_0259,260
0.1930894308943089,0.09883130081300812,other,0,"(Co,Nb,Sn,Sr)O",CHAOS_0260,261
0.5264227642276422,0.7801067073170731,true high descriptor compatibility score only,1,"(Cd,Mn,Ti,Zn)O",CHAOS_0261,262
0.4329268292682927,0.529979674796748,other,0,"(Ca,Mg,Ti,Zn)O",CHAOS_0262,263
0.7479674796747967,0.5050813008130081,other,0,"(Cd,Co,Mn,Sr)O",CHAOS_0263,264
0.02439024390243903,0.5236280487804879,other,0,"(Mg,Mn,Nb,Zn)O",CHAOS_0264,265
0.8495934959349594,0.7137957317073171,true high-EFA only,2,"(Ca,Co,Mn,Zn)O",CHAOS_0265,266
0.2621951219512195,0.3484502032520325,other,0,"(Cd,Fe,Nb,Sr)O",CHAOS_0266,267
0.5609756097560976,0.7460619918699187,true high-EFA only,2,"(Co,Ni,Sn,Zn)O",CHAOS_0267,268
0.8617886178861789,0.7538109756097561,true high-EFA + high descriptor compatibility score,3,"(Ca,Co,Fe,Mn)O",CHAOS_0268,269
0.4491869918699187,0.4122205284552846,other,0,"(Ca,Fe,Nb,Zn)O",CHAOS_0269,270
0.06097560975609756,0.6873729674796748,other,0,"(Fe,Nb,Ti,Zn)O",CHAOS_0270,271
0.2439024390243902,0.4970782520325203,other,0,"(Fe,Mg,Nb,Ti)O",CHAOS_0271,272
0.6341463414634146,0.5616107723577236,other,0,"(Fe,Mn,Ni,Sn)O",CHAOS_0272,273
0.6321138211382114,0.5486534552845528,true high-EFA only,2,"(Cu,Fe,Mn,Zn)O",CHAOS_0273,274
0.1585365853658537,0.2154471544715447,other,0,"(Mn,Sr,Ti,Zn)O",CHAOS_0274,275
0.6666666666666666,0.4921239837398373,other,0,"(Cd,Mg,Ni,Sr)O",CHAOS_0275,276
0.201219512195122,0.5104166666666666,other,0,"(Mn,Sn,Ti,V)O",CHAOS_0276,277
0.9532520325203252,0.7360264227642277,true high-EFA only,2,"(Ca,Co,Mn,Ni)O",CHAOS_0277,278
0.7276422764227642,0.2629573170731707,other,0,"(Co,Ni,Sn,Sr)O",CHAOS_0278,279
0.3577235772357724,0.5480182926829268,other,0,"(Nb,Sr,Ti,V)O",CHAOS_0279,280
0.6483739837398373,0.3766514227642276,other,0,"(Cd,Co,Mn,Sn)O",CHAOS_0280,281
0.6808943089430894,0.539380081300813,other,0,"(Ca,Cd,Fe,Sr)O",CHAOS_0281,282
0.9817073170731707,0.9321646341463414,true high-EFA + high descriptor compatibility score,3,"(Co,Mg,Ni,Zn)O",CHAOS_0282,283
0.2459349593495935,0.4766260162601626,other,0,"(Nb,Sn,Ti,Zn)O",CHAOS_0283,284
0.3272357723577236,0.368140243902439,other,0,"(Cd,Fe,Mg,Sn)O",CHAOS_0284,285
0.8455284552845529,0.2893800813008131,other,0,"(Co,Ni,Sr,Zn)O",CHAOS_0285,286
0.8983739837398373,0.7096036585365854,other,0,"(Ca,Mn,Ni,Zn)O",CHAOS_0286,287
0.01422764227642276,0.2379319105691057,other,0,"(Fe,Sn,Ti,V)O",CHAOS_0287,288
0.483739837398374,0.2009654471544715,other,0,"(Cd,Mn,Sn,Sr)O",CHAOS_0288,289
0.758130081300813,0.7592733739837398,true high-EFA + high descriptor compatibility score,3,"(Cd,Co,Cu,Fe)O",CHAOS_0289,290
0.8577235772357723,0.794334349593496,true high-EFA + high descriptor compatibility score,3,"(Co,Cu,Mn,Zn)O",CHAOS_0290,291
0.08536585365853659,0.6215701219512195,other,0,"(Co,Nb,Sn,Ti)O",CHAOS_0291,292
0.9979674796747967,0.5207063008130082,other,0,"(Cu,Mg,Ni,Sn)O",CHAOS_0292,293
0.06504065040650407,0.07647357723577233,other,0,"(Fe,Sn,Sr,Ti)O",CHAOS_0293,294
0.6036585365853658,0.3365091463414634,other,0,"(Co,Fe,Sr,Zn)O",CHAOS_0294,295
0.9634146341463414,0.8896087398373984,true high-EFA + high descriptor compatibility score,3,"(Mg,Mn,Ni,Zn)O",CHAOS_0295,296
0.290650406504065,0.09667174796747967,other,0,"(Sn,Sr,V,Zn)O",CHAOS_0296,297
0.8292682926829268,0.8592479674796748,true high-EFA + high descriptor compatibility score,3,"(Cd,Mg,Mn,Zn)O",CHAOS_0297,298
0.7682926829268293,0.5365853658536586,other,0,"(Fe,Mn,Ni,V)O",CHAOS_0298,299
0.9227642276422764,0.7061737804878049,true high-EFA only,2,"(Ca,Co,Ni,Zn)O",CHAOS_0299,300
0.6524390243902439,0.248094512195122,true high-EFA only,2,"(Cd,Ni,Sn,Sr)O",CHAOS_0300,301
0.09552845528455285,0.2214176829268293,other,0,"(Cd,Nb,Sr,Zn)O",CHAOS_0301,302
0.4085365853658536,0.3318089430894309,other,0,"(Fe,Mg,Sn,Ti)O",CHAOS_0302,303
0.6097560975609756,0.7566056910569106,true high descriptor compatibility score only,1,"(Ca,Cd,Mn,V)O",CHAOS_0303,304
0.5833333333333334,0.5767276422764227,other,0,"(Fe,Mg,Ti,Zn)O",CHAOS_0304,305
0.07926829268292683,0.3061483739837398,other,0,"(Mg,Nb,Sn,Tc)O",CHAOS_0305,306
0.5711382113821138,0.6403709349593496,true high-EFA only,2,"(Ca,Mg,V,Zn)O",CHAOS_0306,307
0.5813008130081301,0.5547510162601625,other,0,"(Cd,Fe,Mn,Sr)O",CHAOS_0307,308
0.7784552845528455,0.6044207317073171,true high-EFA only,2,"(Co,Mn,V,Zn)O",CHAOS_0308,309
0.1382113821138211,0.3130081300813008,other,0,"(Nb,Sr,V,Zn)O",CHAOS_0309,310
0.790650406504065,0.7498729674796747,true high-EFA only,2,"(Co,Mg,V,Zn)O",CHAOS_0310,311
0.1849593495934959,0.5188008130081301,other,0,"(Mg,Mn,Nb,Ti)O",CHAOS_0311,312
0.3495934959349594,0.4485518292682926,other,0,"(Ca,Fe,Nb,Ti)O",CHAOS_0312,313
0.3902439024390244,0.5773628048780488,other,0,"(Ca,Mg,Sr,Ti)O",CHAOS_0313,314
0.443089430894309,0.3526422764227642,other,0,"(Cd,Nb,Sr,V)O",CHAOS_0314,315
0.1788617886178862,0.5085111788617886,other,0,"(Mn,Nb,Sn,Zn)O",CHAOS_0315,316
0.6605691056910569,0.4443597560975609,true high-EFA only,2,"(Ca,Cd,Sn,Sr)O",CHAOS_0316,317
0.4004065040650406,0.5415396341463414,other,0,"(Cd,Mn,Sn,Ti)O",CHAOS_0317,318
0.1951219512195122,0.303734756097561,other,0,"(Fe,Sn,Ti,Zn)O",CHAOS_0318,319
0.3252032520325203,0.2588922764227642,other,0,"(Fe,Mg,Sr,Ti)O",CHAOS_0319,320
0.1138211382113821,0.06529471544715446,other,0,"(Mg,Sn,Sr,V)O",CHAOS_0320,321
0.3170731707317073,0.272484756097561,other,0,"(Ca,Co,Fe,Sn)O",CHAOS_0321,322
0.4552845528455284,0.5920985772357723,other,0,"(Ca,Mg,Sr,V)O",CHAOS_0322,323
0.3373983739837398,0.3996443089430894,other,0,"(Mn,Sn,Sr,Ti)O",CHAOS_0323,324
0.03861788617886179,0.1570121951219512,other,0,"(Ca,Mn,Nb,Sn)O",CHAOS_0324,325
0.5650406504065041,0.1267784552845528,other,0,"(Mg,Ni,Sn,Sr)O",CHAOS_0325,326
0.0508130081300813,0.1539634146341464,other,0,"(Ca,Mn,Sn,Ti)O",CHAOS_0326,327
0.5447154471544715,0.5912093495934959,other,0,"(Ca,Sr,Ti,V)O",CHAOS_0327,328
0.5548780487804879,0.3504827235772358,other,0,"(Cu,Mn,Ni,Sn)O",CHAOS_0328,329
0.08130081300813008,0.2508892276422764,other,0,"(Fe,Nb,Sr,Zn)O",CHAOS_0329,330
0.2804878048780488,0.5151168699186992,other,0,"(Ca,Mg,Nb,V)O",CHAOS_0330,331
0.3821138211382114,0.3086890243902439,other,0,"(Ca,Cd,Sr,Ti)O",CHAOS_0331,332
0.5182926829268293,0.8259654471544715,true high descriptor compatibility score only,1,"(Cd,Mg,Mn,V)O",CHAOS_0332,333
0.05691056910569105,0.1976626016260162,other,0,"(Nb,Sn,V,Zn)O",CHAOS_0333,334
0.774390243902439,0.3166920731707317,other,0,"(Co,Mn,Ni,Sr)O",CHAOS_0334,335
0.2947154471544716,0.2235772357723577,other,0,"(Fe,Sr,Ti,Zn)O",CHAOS_0335,336
0.7215447154471545,0.615599593495935,other,0,"(Cu,Mg,Mn,V)O",CHAOS_0336,337
0.3414634146341464,0.2464430894308943,other,0,"(Mn,Sr,V,Zn)O",CHAOS_0337,338
0.943089430894309,0.8107215447154471,true high-EFA + high descriptor compatibility score,3,"(Co,Cu,Fe,Mg)O",CHAOS_0338,339
0.9044715447154471,0.681910569105691,other,0,"(Fe,Mg,Ni,Sn)O",CHAOS_0339,340
0.9166666666666666,0.802464430894309,true high descriptor compatibility score only,1,"(Co,Cu,Mn,Ni)O",CHAOS_0340,341
0.03048780487804878,0.4790396341463414,other,0,"(Fe,Mg,Nb,Zn)O",CHAOS_0341,342
0.3963414634146342,0.3159298780487805,other,0,"(Mg,Sr,V,Zn)O",CHAOS_0342,343
0.7845528455284553,0.4378810975609756,true high-EFA only,2,"(Ca,Cd,Co,Sn)O",CHAOS_0343,344
0.7560975609756098,0.5374745934959351,other,0,"(Cd,Mn,Ni,Sr)O",CHAOS_0344,345
0.2195121951219512,0.3142784552845528,other,0,"(Ca,Nb,Sn,V)O",CHAOS_0345,346
0.7113821138211383,0.6404979674796748,other,0,"(Co,Mn,Ni,Sn)O",CHAOS_0346,347
0.3841463414634146,0.4020579268292682,other,0,"(Mn,Sn,V,Zn)O",CHAOS_0347,348
0.1504065040650407,0.5443343495934959,other,0,"(Cd,Mn,Nb,V)O",CHAOS_0348,349
0.8922764227642277,0.7658790650406504,true high-EFA + high descriptor compatibility score,3,"(Cd,Co,Fe,Mg)O",CHAOS_0349,350
0.1890243902439024,0.1957571138211382,other,0,"(Sn,Sr,Ti,Zn)O",CHAOS_0350,351
0.258130081300813,0.3077997967479675,other,0,"(Ca,Cd,Sn,V)O",CHAOS_0351,352
0.9491869918699187,0.7902693089430894,true high-EFA + high descriptor compatibility score,3,"(Cu,Mg,Mn,Zn)O",CHAOS_0352,353
0.1422764227642276,0.2647357723577236,other,0,"(Cd,Mg,Sr,Ti)O",CHAOS_0353,354
0.983739837398374,0.9382621951219512,true high-EFA + high descriptor compatibility score,3,"(Co,Mn,Ni,Zn)O",CHAOS_0354,355
0.1483739837398374,0.669334349593496,other,0,"(Mn,Nb,Sn,Tc)O",CHAOS_0355,356
0.8130081300813008,0.8154217479674797,true high descriptor compatibility score only,1,"(Cd,Co,Fe,Ni)O",CHAOS_0356,357
0.9796747967479674,0.9145071138211383,true high-EFA + high descriptor compatibility score,3,"(Fe,Mg,Ni,Zn)O",CHAOS_0357,358
0.1321138211382114,0.2545731707317074,other,0,"(Mg,Mn,Sn,V)O",CHAOS_0358,359
0.1829268292682927,0.6173780487804879,other,0,"(Cd,Nb,V,Zn)O",CHAOS_0359,360
0.8739837398373984,0.5452235772357724,true high-EFA only,2,"(Ca,Cd,Co,Sr)O",CHAOS_0360,361
0.8434959349593496,0.6626016260162602,true high-EFA only,2,"(Ca,Mg,Ni,Zn)O",CHAOS_0361,362
0.6199186991869918,0.321900406504065,other,0,"(Ca,Fe,Sr,Zn)O",CHAOS_0362,363
0.4573170731707317,0.6641260162601625,other,0,"(Ca,Mn,Sr,V)O",CHAOS_0363,364
0.1626016260162602,0.2263719512195122,other,0,"(Mn,Nb,Sr,Zn)O",CHAOS_0364,365
0.2276422764227642,0.3706808943089431,other,0,"(Mg,Nb,Sr,Ti)O",CHAOS_0365,366
0.7947154471544715,0.4893292682926829,other,0,"(Cd,Ni,Sr,Zn)O",CHAOS_0366,367
0.9126016260162602,0.6990599593495934,other,0,"(Cd,Cu,Mn,Ni)O",CHAOS_0367,368
0.1280487804878049,0.1476117886178862,other,0,"(Ca,Mn,Sn,V)O",CHAOS_0368,369
0.7886178861788617,0.7911585365853658,true high-EFA + high descriptor compatibility score,3,"(Co,Cu,Fe,Mn)O",CHAOS_0369,370
0.3048780487804878,0.369410569105691,other,0,"(Ca,Cd,Ti,Zn)O",CHAOS_0370,371
0.8109756097560976,0.4677337398373984,other,0,"(Cd,Co,Ni,Sr)O",CHAOS_0371,372
0.9654471544715447,0.6934705284552846,true high-EFA only,2,"(Ca,Co,Fe,Ni)O",CHAOS_0372,373
0.6158536585365854,0.5154979674796748,true high-EFA only,2,"(Cd,Mn,Sr,Zn)O",CHAOS_0373,374
0.6565040650406504,0.3509908536585366,other,0,"(Cd,Co,Mg,Sn)O",CHAOS_0374,375
0.6585365853658537,0.4232723577235772,other,0,"(Mg,Mn,Sn,Zn)O",CHAOS_0375,376
0.8638211382113821,0.3927845528455285,other,0,"(Ca,Ni,Sr,Zn)O",CHAOS_0376,377
0.2357723577235772,0.6820376016260163,other,0,"(Ca,Cd,Fe,Nb)O",CHAOS_0377,378
0.9247967479674797,0.883130081300813,true high-EFA + high descriptor compatibility score,3,"(Co,Mg,Mn,Zn)O",CHAOS_0378,379
0.508130081300813,0.5097815040650406,other,0,"(Mn,Sn,Ti,Zn)O",CHAOS_0379,380
0.3943089430894309,0.5717733739837398,other,0,"(Ca,Nb,Ti,Zn)O",CHAOS_0380,381
0.806910569105691,0.3462906504065041,other,0,"(Ca,Co,Sr,Zn)O",CHAOS_0381,382
0.6178861788617886,0.193724593495935,other,0,"(Co,Sn,Sr,Zn)O",CHAOS_0382,383
0.05894308943089431,0.3319359756097561,other,0,"(Ca,Cd,Nb,V)O",CHAOS_0383,384
0.2865853658536585,0.1872459349593496,other,0,"(Ca,Sr,Ti,Zn)O",CHAOS_0384,385
0.02845528455284553,0.4267022357723578,other,0,"(Cd,Mn,Ti,V)O",CHAOS_0385,386
0.9695121951219512,0.6651422764227641,other,0,"(Ca,Cd,Co,Ni)O",CHAOS_0386,387
0.8272357723577236,0.8109756097560976,true high-EFA + high descriptor compatibility score,3,"(Cd,Cu,Mg,Zn)O",CHAOS_0387,388
0.7642276422764228,0.5619918699186992,other,0,"(Mn,Ni,Sn,Zn)O",CHAOS_0388,389
0.2398373983739837,0.2604166666666666,other,0,"(Mg,Mn,Sr,Ti)O",CHAOS_0389,390
0.959349593495935,0.6767022357723578,true high-EFA only,2,"(Ca,Co,Mg,Ni)O",CHAOS_0390,391
0.5792682926829268,0.2869664634146341,other,0,"(Co,Fe,Mg,Sr)O",CHAOS_0391,392
0.556910569105691,0.7193851626016261,other,0,"(Co,Fe,Ni,Sn)O",CHAOS_0392,393
0.1300813008130081,0.5744410569105691,other,0,"(Cd,Nb,Ti,Zn)O",CHAOS_0393,394
0.4146341463414634,0.8320630081300813,true high descriptor compatibility score only,1,"(Cd,Mg,Mn,Ti)O",CHAOS_0394,395
0.3556910569105691,0.3710619918699187,other,0,"(Nb,Sr,Ti,Zn)O",CHAOS_0395,396
0.5487804878048781,0.4264481707317074,other,0,"(Fe,Ni,V,Zn)O",CHAOS_0396,397
0.4369918699186992,0.3901168699186992,other,0,"(Ca,Nb,Sr,Zn)O",CHAOS_0397,398
0.2073170731707317,0.4688770325203252,other,0,"(Co,Fe,Mn,Sn)O",CHAOS_0398,399
0.1219512195121951,0.6557418699186992,other,0,"(Nb,Sn,Tc,Ti)O",CHAOS_0399,400
0.2215447154471545,0.7676575203252032,true high descriptor compatibility score only,1,"(Cd,Mg,Nb,Ti)O",CHAOS_0400,401
0.3211382113821138,0.5367123983739838,other,0,"(Ca,Cd,Ti,V)O",CHAOS_0401,402
0.6747967479674797,0.3390497967479675,other,0,"(Ca,Mn,Ni,Sn)O",CHAOS_0402,403
0.926829268292683,0.8465447154471545,true high-EFA + high descriptor compatibility score,3,"(Cu,Mg,Mn,Ni)O",CHAOS_0403,404
0.3231707317073171,0.2182418699186992,other,0,"(Fe,Sn,Sr,Zn)O",CHAOS_0404,405
0.9735772357723578,0.8977388211382114,true high-EFA + high descriptor compatibility score,3,"(Co,Fe,Mg,Zn)O",CHAOS_0405,406
0.7134146341463414,0.4190802845528455,other,0,"(Fe,Ni,Sr,Zn)O",CHAOS_0406,407
0.6422764227642277,0.3382876016260162,true high-EFA only,2,"(Ca,Co,Mn,Sn)O",CHAOS_0407,408
0.6300813008130082,0.7176067073170731,other,0,"(Ca,Mn,V,Zn)O",CHAOS_0408,409
0.6849593495934959,0.756224593495935,true high descriptor compatibility score only,1,"(Ca,Cd,Fe,Mn)O",CHAOS_0409,410
0.02235772357723577,0.06402439024390247,other,0,"(Mn,Nb,Sn,Sr)O",CHAOS_0410,411
0.7357723577235772,0.8370172764227642,true high descriptor compatibility score only,1,"(Co,Fe,V,Zn)O",CHAOS_0411,412
0.9959349593495935,0.9203506097560976,true high-EFA + high descriptor compatibility score,3,"(Co,Fe,Mg,Ni)O",CHAOS_0412,413
0.8536585365853658,0.6647611788617886,true high-EFA only,2,"(Ca,Cd,Co,Zn)O",CHAOS_0413,414
0.02032520325203252,0.3215193089430894,other,0,"(Nb,Sn,Tc,V)O",CHAOS_0414,415
0.7804878048780488,0.733739837398374,true high-EFA only,2,"(Ca,Cd,Mn,Zn)O",CHAOS_0415,416
0.7926829268292683,0.6646341463414633,true high-EFA only,2,"(Ca,Co,Mg,Zn)O",CHAOS_0416,417
0.8902439024390244,0.9186991869918699,true high-EFA + high descriptor compatibility score,3,"(Cu,Fe,Ni,Zn)O",CHAOS_0417,418
0.1524390243902439,0.2658790650406504,other,0,"(Cd,Mg,Nb,Sr)O",CHAOS_0418,419
0.1971544715447154,0.109375,other,0,"(Ca,Nb,Sn,Zn)O",CHAOS_0419,420
0.8699186991869918,0.6617123983739837,true high-EFA only,2,"(Ca,Fe,Ni,Zn)O",CHAOS_0420,421
0.9878048780487805,0.8846544715447155,true high-EFA + high descriptor compatibility score,3,"(Co,Fe,Mg,Mn)O",CHAOS_0421,422
0.3109756097560976,0.4122205284552846,other,0,"(Fe,Nb,Sr,Ti)O",CHAOS_0422,423
0.1036585365853658,0.4364837398373984,other,0,"(Cd,Nb,Sn,Ti)O",CHAOS_0423,424
0.2682926829268293,0.3833841463414634,other,0,"(Mn,Nb,Sr,Ti)O",CHAOS_0424,425
0.306910569105691,0.598069105691057,other,0,"(Ca,Ti,V,Zn)O",CHAOS_0425,426
0.274390243902439,0.5631351626016261,other,0,"(Mn,Nb,V,Zn)O",CHAOS_0426,427
0.7459349593495935,0.7785823170731707,true high descriptor compatibility score only,1,"(Cd,Cu,Fe,Mn)O",CHAOS_0427,428
0.8475609756097561,0.6055640243902439,true high-EFA only,2,"(Mg,Ni,V,Zn)O",CHAOS_0428,429
0.741869918699187,0.3990091463414634,other,0,"(Ca,Co,Fe,Sr)O",CHAOS_0429,430
0.6463414634146342,0.2609247967479675,other,0,"(Ca,Fe,Ni,Sn)O",CHAOS_0430,431
0.9329268292682927,0.8690294715447155,true high-EFA + high descriptor compatibility score,3,"(Fe,Mg,Mn,Zn)O",CHAOS_0431,432
0.4105691056910569,0.4011686991869919,other,0,"(Ca,Fe,Mg,Nb)O",CHAOS_0432,433
0.8821138211382114,0.6826727642276422,true high-EFA only,2,"(Ca,Cd,Ni,Zn)O",CHAOS_0433,434
0.9186991869918699,0.7620680894308943,true high-EFA + high descriptor compatibility score,3,"(Cu,Fe,Mg,Mn)O",CHAOS_0434,435
0.1808943089430894,0.7202743902439024,other,0,"(Mn,Ti,V,Zn)O",CHAOS_0435,436
0.8841463414634146,0.7248475609756098,true high-EFA only,2,"(Cd,Cu,Ni,Zn)O",CHAOS_0436,437
0.3089430894308943,0.4500762195121951,other,0,"(Cd,Sn,Sr,Ti)O",CHAOS_0437,438
0.004065040650406504,0.2334857723577236,other,0,"(Cd,Nb,Sn,V)O",CHAOS_0438,439
0.7764227642276422,0.8509908536585367,true high-EFA + high descriptor compatibility score,3,"(Cd,Fe,Mg,Mn)O",CHAOS_0439,440
0.4695121951219512,0.5283282520325203,true high-EFA only,2,"(Cd,Mg,Mn,Sr)O",CHAOS_0440,441
0.8252032520325203,0.4864075203252033,other,0,"(Co,Mn,Ni,V)O",CHAOS_0441,442
0.733739837398374,0.336255081300813,true high-EFA only,2,"(Ca,Co,Sn,Zn)O",CHAOS_0442,443
0.3719512195121951,0.516260162601626,other,0,"(Co,Cu,Sn,Zn)O",CHAOS_0443,444
0.4186991869918699,0.5274390243902439,other,0,"(Mg,Sr,Ti,V)O",CHAOS_0444,445
0.4634146341463415,0.359375,other,0,"(Ca,Cd,Sn,Ti)O",CHAOS_0445,446
0.6707317073170732,0.7480945121951219,true high-EFA only,2,"(Ca,Fe,Mg,Mn)O",CHAOS_0446,447
0.4410569105691057,0.3025914634146342,other,0,"(Cd,Fe,Sn,Sr)O",CHAOS_0447,448
0.8394308943089431,0.6922002032520326,true high-EFA only,2,"(Ca,Fe,Mn,Ni)O",CHAOS_0448,449
0.1463414634146341,0.6373221544715447,other,0,"(Mg,Ti,V,Zn)O",CHAOS_0449,450
0.2601626016260163,0.497459349593496,other,0,"(Nb,Ti,V,Zn)O",CHAOS_0450,451
0.3394308943089431,0.1538363821138211,other,0,"(Ca,Mg,Sn,Sr)O",CHAOS_0451,452
0.9898373983739838,0.8661077235772358,true high-EFA + high descriptor compatibility score,3,"(Cd,Co,Fe,Mn)O",CHAOS_0452,453
0.1260162601626016,0.1327489837398374,other,0,"(Ca,Sn,V,Zn)O",CHAOS_0453,454
0.6626016260162602,0.2798526422764228,other,0,"(Mg,Mn,Ni,Sr)O",CHAOS_0454,455
0.8028455284552846,0.6688262195121951,other,0,"(Ca,Cd,Fe,Zn)O",CHAOS_0455,456
0.9573170731707317,0.958714430894309,true high-EFA + high descriptor compatibility score,3,"(Co,Fe,Ni,Zn)O",CHAOS_0456,457
0.9207317073170732,0.5424288617886178,true high-EFA only,2,"(Ca,Cd,Ni,Sr)O",CHAOS_0457,458
0.8516260162601627,0.896214430894309,true high-EFA + high descriptor compatibility score,3,"(Cd,Fe,Mn,Zn)O",CHAOS_0458,459
0.1910569105691057,0.3939278455284553,other,0,"(Mg,Mn,Nb,V)O",CHAOS_0459,460
0.04878048780487805,0.3502286585365854,other,0,"(Fe,Nb,Sn,Ti)O",CHAOS_0460,461
0.4471544715447154,0.1995680894308943,other,0,"(Mn,Ni,Sn,Sr)O",CHAOS_0461,462
0.1646341463414634,0.4424542682926829,other,0,"(Co,Cu,Fe,Sn)O",CHAOS_0462,463
0.4024390243902439,0.1397357723577236,other,0,"(Mg,Sn,Sr,Zn)O",CHAOS_0463,464
0.6382113821138211,0.524390243902439,other,0,"(Fe,Mg,Sn,Zn)O",CHAOS_0464,465
0.3699186991869919,0.2045223577235772,other,0,"(Ca,Mn,Sn,Sr)O",CHAOS_0465,466
0.266260162601626,0.372459349593496,other,0,"(Cu,Ni,Ti,Zn)O",CHAOS_0466,467
0.6504065040650406,0.4646849593495935,other,0,"(Ca,Fe,Ti,Zn)O",CHAOS_0467,468
0.01626016260162602,0.1105182926829268,other,0,"(Mg,Nb,Sn,V)O",CHAOS_0468,469
0.3292682926829268,0.5182926829268293,other,0,"(Ca,Nb,V,Zn)O",CHAOS_0469,470
0.9085365853658537,0.8150406504065041,true high-EFA + high descriptor compatibility score,3,"(Cd,Co,Mg,Mn)O",CHAOS_0470,471
0.1117886178861789,0.474339430894309,other,0,"(Cd,Sn,V,Zn)O",CHAOS_0471,472
0.4451219512195122,0.7155741869918699,other,0,"(Cd,Sn,Ti,Zn)O",CHAOS_0472,473
0.1747967479674797,0.2928099593495935,other,0,"(Sr,Ti,V,Zn)O",CHAOS_0473,474
0.524390243902439,0.7045223577235773,other,0,"(Mg,Mn,Ti,Zn)O",CHAOS_0474,475
0.8678861788617886,0.7035060975609757,true high-EFA only,2,"(Cd,Fe,Ni,Zn)O",CHAOS_0475,476
0.5853658536585366,0.7149390243902438,other,0,"(Ca,Cd,Mn,Ti)O",CHAOS_0476,477
0.4532520325203252,0.3481961382113821,other,0,"(Ca,Sr,V,Zn)O",CHAOS_0477,478
0.7052845528455285,0.5707571138211383,other,0,"(Co,Cu,Mn,V)O",CHAOS_0478,479
0.8313008130081301,0.4432164634146341,true high-EFA only,2,"(Ca,Cd,Ni,Sn)O",CHAOS_0479,480
0.6239837398373984,0.3884654471544716,other,0,"(Co,Fe,Mn,Sr)O",CHAOS_0480,481
0.6971544715447154,0.5364583333333333,other,0,"(Cd,Mn,Sn,Zn)O",CHAOS_0481,482
0.3475609756097561,0.6501524390243902,other,0,"(Cd,Fe,Mg,Ti)O",CHAOS_0482,483
0.8170731707317073,0.6741615853658536,other,0,"(Ca,Co,Fe,Mg)O",CHAOS_0483,484
0.4715447154471545,0.295604674796748,other,0,"(Cd,Nb,Sn,Sr)O",CHAOS_0484,485
0.2479674796747967,0.4239075203252033,other,0,"(Mn,Nb,Sr,V)O",CHAOS_0485,486
0.3516260162601626,0.7548272357723578,true high descriptor compatibility score only,1,"(Ca,Cd,Mn,Nb)O",CHAOS_0486,487
0.6991869918699187,0.3934197154471545,true high-EFA only,2,"(Ca,Ni,Sn,Zn)O",CHAOS_0487,488
0.2154471544715447,0.1288109756097561,other,0,"(Fe,Ni,Sn,Sr)O",CHAOS_0488,489
0.459349593495935,0.4875508130081301,other,0,"(Ca,Cd,Fe,Ti)O",CHAOS_0489,490
0.6951219512195121,0.5405233739837398,true high-EFA only,2,"(Ca,Cd,Sr,Zn)O",CHAOS_0490,491
0.8882113821138211,0.8426067073170731,true high-EFA + high descriptor compatibility score,3,"(Co,Cu,Fe,Zn)O",CHAOS_0491,492
0.3617886178861789,0.4803099593495935,other,0,"(Cd,Fe,Mn,Sn)O",CHAOS_0492,493
0.9451219512195121,0.8423526422764227,true high-EFA + high descriptor compatibility score,3,"(Cu,Mn,Ni,Zn)O",CHAOS_0493,494
