figure,with,pearson_r,spearman_rho
Figure 2b,eps_bar,0.290372,0.446570
Figure 2b,sigma_eps,0.187160,0.313614
Figure 2b,d_bar,0.241239,0.348772
Figure 2b,sigma_d,0.209293,0.307935
Figure 4b,Hmix_miedema,,
Figure 4b,Omega,,
Figure 4b,S_config_atom,0.083912,-0.019126
Figure 4b,S_config_cell,0.083912,-0.019126
Figure 4b,S_config_partial_atom,0.083912,-0.019126
Figure 4b,S_config_rfu,0.083912,-0.019126
Figure 4b,S_config_species,0.083912,-0.019126
Figure 4b,S_config_sublattice,0.083912,-0.019126
Figure 4b,VEC,0.014065,-0.000467
Figure 4b,delta_electronegativity_Allen,-0.184239,-0.206205
Figure 4b,delta_electronegativity_Ghosh,0.229152,0.299411
Figure 4b,delta_electronegativity_Pauling,-0.188939,-0.148073
Figure 4b,delta_electronegativity_Pearson,-0.129460,-0.053970
Figure 4b,delta_radii_Ghosh08,0.139053,0.183983
Figure 4b,delta_radii_Pyykko,-0.135271,-0.148348
Figure 4b,delta_radii_Slatter,-0.145172,-0.110973
Figure 4b,delta_radius_PT,0.091097,0.106986
Figure 4b,delta_radius_Saxena,-0.203420,-0.214868
Figure 4b,delta_radius_covalent_PT,-0.001745,0.006376
Figure 4b,delta_radius_covalent,-0.045878,-0.057428
Figure 4b,param_geo_radii_Ghosh08,-0.139674,-0.182626
Figure 4b,param_geo_radii_Pyykko,0.045555,0.146733
Figure 4b,param_geo_radii_Slatter,0.111490,0.110542
Figure 4b,param_geo_radius_PT,-0.072195,-0.105381
Figure 4b,param_geo_radius_Saxena,0.005664,0.213673
Figure 4b,param_geo_radius_covalent_PT,-0.065524,-0.006682
Figure 4b,param_geo_radius_covalent,0.006532,0.056168
