name,n_supercells,solubility_parameter_1200K,solubility_parameter_300K,solubility_parameter_archived
Ca_svCdCoFe_pvO:PAW_PBE/AB_cF8_225_a_b.AB:POCC_P0-1xE_P1-0.25xA-0.25xB-0.25xC-0.25xD,18,0.034404907920226,0.034048435575252,406.933494408
Ca_svFe_pvMn_pvOZn:PAW_PBE/AB_cF8_225_a_b.AB:POCC_P0-1xD_P1-0.25xA-0.25xB-0.25xC-0.25xE,18,0.007624034991918,0.001872917743972,370.5863562612
CoMg_pvMn_pvOSr_sv:PAW_PBE/AB_cF8_225_a_b.AB:POCC_P0-1xD_P1-0.25xA-0.25xB-0.25xC-0.25xE,18,0.027625454011806,0.029996157987182,242.9541147199
CoMg_pvMn_pvNi_pvO:PAW_PBE/AB_cF8_225_a_b.AB:POCC_P0-1xE_P1-0.25xA-0.25xB-0.25xC-0.25xD,18,0.003109126951106,0.001873511623071,254.1738199206
Fe_pvMg_pvMn_pvOSr_sv:PAW_PBE/AB_cF8_225_a_b.AB:POCC_P0-1xD_P1-0.25xA-0.25xB-0.25xC-0.25xE,18,0.123975306999756,0.216733117442942,270.8660179855
Mg_pvOSnSr_svTi_sv:PAW_PBE/AB_cF8_225_a_b.AB:POCC_P0-1xB_P1-0.25xA-0.25xC-0.25xD-0.25xE,18,0.049523550109775,0.046270137732384,312.3588568647
Ca_svNi_pvOSnSr_sv:PAW_PBE/AB_cF8_225_a_b.AB:POCC_P0-1xC_P1-0.25xA-0.25xB-0.25xD-0.25xE,18,0.105914381870376,0.023884060727921,180.8936032438
Cu_pvFe_pvMn_pvOV_sv:PAW_PBE/AB_cF8_225_a_b.AB:POCC_P0-1xD_P1-0.25xA-0.25xB-0.25xC-0.25xE,18,0.115554811844745,0.058317944646499,364.1899246444
CoMg_pvOSnZn:PAW_PBE/AB_cF8_225_a_b.AB:POCC_P0-1xC_P1-0.25xA-0.25xB-0.25xD-0.25xE,18,0.099141780321434,0.057152244170445,411.5485808595
CdFe_pvOTi_svZn:PAW_PBE/AB_cF8_225_a_b.AB:POCC_P0-1xC_P1-0.25xA-0.25xB-0.25xD-0.25xE,18,0.207605034279939,0.103333945738537,498.8520322604
Ca_svNb_svOTi_svV_sv:PAW_PBE/AB_cF8_225_a_b.AB:POCC_P0-1xC_P1-0.25xA-0.25xB-0.25xD-0.25xE,18,0.042385303396346,0.024987004830697,293.675243043
Mg_pvNb_svOSr_svV_sv:PAW_PBE/AB_cF8_225_a_b.AB:POCC_P0-1xC_P1-0.25xA-0.25xB-0.25xD-0.25xE,18,0.105720378894843,0.077056943556664,250.3460923907
Ca_svMn_pvOSnZn:PAW_PBE/AB_cF8_225_a_b.AB:POCC_P0-1xC_P1-0.25xA-0.25xB-0.25xD-0.25xE,18,0.05717315307492,0.028899134258669,186.9175778032
Ca_svFe_pvMg_pvOSn:PAW_PBE/AB_cF8_225_a_b.AB:POCC_P0-1xD_P1-0.25xA-0.25xB-0.25xC-0.25xE,18,0.124426648329451,0.074987050817716,382.4135018398
CdMg_pvOSr_svV_sv:PAW_PBE/AB_cF8_225_a_b.AB:POCC_P0-1xC_P1-0.25xA-0.25xB-0.25xD-0.25xE,18,0.081941637218076,0.044156248619598,350.9180460428
Ca_svMg_pvMn_pvNb_svO:PAW_PBE/AB_cF8_225_a_b.AB:POCC_P0-1xE_P1-0.25xA-0.25xB-0.25xC-0.25xD,18,0.012394457623601,0.004598790076312,189.8409946411
Ca_svCdMg_pvNb_svO:PAW_PBE/AB_cF8_225_a_b.AB:POCC_P0-1xE_P1-0.25xA-0.25xB-0.25xC-0.25xD,18,0.130982327638931,0.074980160459445,277.7005315811
Ca_svMg_pvNi_pvOSr_sv:PAW_PBE/AB_cF8_225_a_b.AB:POCC_P0-1xD_P1-0.25xA-0.25xB-0.25xC-0.25xE,18,0.044423324725332,0.089631900121356,258.2743822384
Ca_svCoFe_pvOZn:PAW_PBE/AB_cF8_225_a_b.AB:POCC_P0-1xD_P1-0.25xA-0.25xB-0.25xC-0.25xE,18,0.024858047035164,0.02741236454355,325.7470158747
CdCu_pvMg_pvMn_pvO:PAW_PBE/AB_cF8_225_a_b.AB:POCC_P0-1xE_P1-0.25xA-0.25xB-0.25xC-0.25xD,18,0.047015098127888,0.075169156316377,167.0346959816
Nb_svOSnSr_svV_sv:PAW_PBE/AB_cF8_225_a_b.AB:POCC_P0-1xB_P1-0.25xA-0.25xC-0.25xD-0.25xE,18,0.28142384012799,0.340194553922739,369.4831171348
Fe_pvMg_pvMn_pvNi_pvOZn:PAW_PBE/AB_cF8_225_a_b.AB:POCC_P0-1xE_P1-0.2xA-0.2xB-0.2xC-0.2xD-0.2xF,49,0.002217934363793,0.000866368884904,2747.78781615
Mg_pvNb_svOSnTi_svV_sv:PAW_PBE/AB_cF8_225_a_b.AB:POCC_P0-1xC_P1-0.2xA-0.2xB-0.2xD-0.2xE-0.2xF,49,0.779366513016021,0.580216831388098,2798.152455528
CdOSr_svTi_svV_sv:PAW_PBE/AB_cF8_225_a_b.AB:POCC_P0-1xB_P1-0.25xA-0.25xC-0.25xD-0.25xE,18,0.179664620933545,0.128624911503595,436.1612894933
Ca_svCdMn_pvOSr_sv:PAW_PBE/AB_cF8_225_a_b.AB:POCC_P0-1xD_P1-0.25xA-0.25xB-0.25xC-0.25xE,18,0.001758229072445,0.001876995852306,102.703066923
CoCu_pvMg_pvMn_pvO:PAW_PBE/AB_cF8_225_a_b.AB:POCC_P0-1xE_P1-0.25xA-0.25xB-0.25xC-0.25xD,18,0.010936277152679,0.010139905256076,272.5138365607
CdCu_pvFe_pvOZn:PAW_PBE/AB_cF8_225_a_b.AB:POCC_P0-1xD_P1-0.25xA-0.25xB-0.25xC-0.25xE,18,0.171584301689686,0.218918134031468,318.5540103509
CoCu_pvFe_pvMg_pvOZn:PAW_PBE/AB_cF8_225_a_b.AB:POCC_P0-1xE_P1-0.2xA-0.2xB-0.2xC-0.2xD-0.2xF,49,0.008601448905806,0.007466380589724,2893.317138761
Ca_svCoMn_pvOSr_sv:PAW_PBE/AB_cF8_225_a_b.AB:POCC_P0-1xD_P1-0.25xA-0.25xB-0.25xC-0.25xE,18,0.021497922400986,0.000287515710481,152.2430094309
CdCoFe_pvOSr_sv:PAW_PBE/AB_cF8_225_a_b.AB:POCC_P0-1xD_P1-0.25xA-0.25xB-0.25xC-0.25xE,18,0.135130730315807,0.080702221127592,343.9788952482
CdCoOSr_svZn:PAW_PBE/AB_cF8_225_a_b.AB:POCC_P0-1xC_P1-0.25xA-0.25xB-0.25xD-0.25xE,18,0.064178978128516,0.087291579314681,288.4967914798
CoCu_pvMn_pvNi_pvOZn:PAW_PBE/AB_cF8_225_a_b.AB:POCC_P0-1xE_P1-0.2xA-0.2xB-0.2xC-0.2xD-0.2xF,49,0.070900898260422,0.069280253717576,3160.100397299
Ca_svMg_pvNb_svOSn:PAW_PBE/AB_cF8_225_a_b.AB:POCC_P0-1xD_P1-0.25xA-0.25xB-0.25xC-0.25xE,18,0.083534385271318,0.05426703254329,389.4281231547
CdMn_pvOSnV_sv:PAW_PBE/AB_cF8_225_a_b.AB:POCC_P0-1xC_P1-0.25xA-0.25xB-0.25xD-0.25xE,18,0.036065943065026,0.015835647186747,605.3985948165
Mg_pvNb_svOSnV_svZn:PAW_PBE/AB_cF8_225_a_b.AB:POCC_P0-1xC_P1-0.2xA-0.2xB-0.2xD-0.2xE-0.2xF,49,0.645469189763113,0.521423033742634,2549.344543661
Mg_pvNi_pvOSr_svZn:PAW_PBE/AB_cF8_225_a_b.AB:POCC_P0-1xC_P1-0.25xA-0.25xB-0.25xD-0.25xE,18,0.113448321250125,0.121989283663634,269.0853443457
CdMn_pvNi_pvOZn:PAW_PBE/AB_cF8_225_a_b.AB:POCC_P0-1xD_P1-0.25xA-0.25xB-0.25xC-0.25xE,18,0.020416987953651,0.026409505303754,444.9539445713
CdMn_pvOSr_svV_sv:PAW_PBE/AB_cF8_225_a_b.AB:POCC_P0-1xC_P1-0.25xA-0.25xB-0.25xD-0.25xE,18,0.043943065840933,0.003615542040835,196.0693051215
Cu_pvFe_pvOSnZn:PAW_PBE/AB_cF8_225_a_b.AB:POCC_P0-1xC_P1-0.25xA-0.25xB-0.25xD-0.25xE,18,0.231380663378112,0.273929221714424,396.6933787562
Ca_svMg_pvMn_pvNi_pvO:PAW_PBE/AB_cF8_225_a_b.AB:POCC_P0-1xE_P1-0.25xA-0.25xB-0.25xC-0.25xD,18,0.005753679233072,0.007704870838882,228.3041861267
Ca_svCdFe_pvNi_pvO:PAW_PBE/AB_cF8_225_a_b.AB:POCC_P0-1xE_P1-0.25xA-0.25xB-0.25xC-0.25xD,18,0.058263606955532,0.030742255119133,268.5519381672
Ca_svMg_pvNb_svOZn:PAW_PBE/AB_cF8_225_a_b.AB:POCC_P0-1xD_P1-0.25xA-0.25xB-0.25xC-0.25xE,18,0.438559515681385,0.186684853673821,302.7946330781
Nb_svOTc_pvTi_svV_sv:PAW_PBE/AB_cF8_225_a_b.AB:POCC_P0-1xB_P1-0.25xA-0.25xC-0.25xD-0.25xE,18,0.057302938390103,0.036900575073898,73.67570195572
Fe_pvNb_svOSnTi_svV_sv:PAW_PBE/AB_cF8_225_a_b.AB:POCC_P0-1xC_P1-0.2xA-0.2xB-0.2xD-0.2xE-0.2xF,49,0.312344625264308,0.411801327553972,3879.192507765
Ca_svCu_pvMg_pvMn_pvO:PAW_PBE/AB_cF8_225_a_b.AB:POCC_P0-1xE_P1-0.25xA-0.25xB-0.25xC-0.25xD,18,0.061729489943499,0.098655258497123,101.5272441298
CoMg_pvMn_pvOSn:PAW_PBE/AB_cF8_225_a_b.AB:POCC_P0-1xD_P1-0.25xA-0.25xB-0.25xC-0.25xE,18,0.141724560088475,0.076679620050402,465.0525011625
CoMg_pvOSnSr_svTi_sv:PAW_PBE/AB_cF8_225_a_b.AB:POCC_P0-1xC_P1-0.2xA-0.2xB-0.2xD-0.2xE-0.2xF,49,0.206636264629207,0.104220770590874,1466.955947831
CoMg_pvNi_pvOSn:PAW_PBE/AB_cF8_225_a_b.AB:POCC_P0-1xD_P1-0.25xA-0.25xB-0.25xC-0.25xE,18,0.067925863653466,0.042478336630046,522.5976067645
CdCoMg_pvOSr_sv:PAW_PBE/AB_cF8_225_a_b.AB:POCC_P0-1xD_P1-0.25xA-0.25xB-0.25xC-0.25xE,18,0.060125315780768,0.096332700668394,244.3959411021
CdMg_pvNb_svOSn:PAW_PBE/AB_cF8_225_a_b.AB:POCC_P0-1xD_P1-0.25xA-0.25xB-0.25xC-0.25xE,18,0.071413463859394,0.037849757202136,189.8103383753
Ca_svMn_pvNb_svOSr_sv:PAW_PBE/AB_cF8_225_a_b.AB:POCC_P0-1xD_P1-0.25xA-0.25xB-0.25xC-0.25xE,18,0.060063558671139,0.012558699142522,114.348202306
Cu_pvMg_pvMn_pvOV_svZn:PAW_PBE/AB_cF8_225_a_b.AB:POCC_P0-1xD_P1-0.2xA-0.2xB-0.2xC-0.2xE-0.2xF,49,0.041661549940012,0.064960384685883,2014.879907739
Mg_pvOSnTi_svV_sv:PAW_PBE/AB_cF8_225_a_b.AB:POCC_P0-1xB_P1-0.25xA-0.25xC-0.25xD-0.25xE,18,0.215074057855287,0.269634284850319,1070.408921324
CoCu_pvMg_pvNi_pvOZn:PAW_PBE/AB_cF8_225_a_b.AB:POCC_P0-1xE_P1-0.2xA-0.2xB-0.2xC-0.2xD-0.2xF,49,0.009461107889948,0.009062888641488,2754.645171369
CdFe_pvOSr_svTi_sv:PAW_PBE/AB_cF8_225_a_b.AB:POCC_P0-1xC_P1-0.25xA-0.25xB-0.25xD-0.25xE,18,0.57401325826686,0.398068273204906,308.4481956723
Ca_svCdOSnZn:PAW_PBE/AB_cF8_225_a_b.AB:POCC_P0-1xC_P1-0.25xA-0.25xB-0.25xD-0.25xE,18,0.063411622294208,0.035590333920862,163.6770769098
Ca_svCdMg_pvNi_pvOZn:PAW_PBE/AB_cF8_225_a_b.AB:POCC_P0-1xE_P1-0.2xA-0.2xB-0.2xC-0.2xD-0.2xF,49,0.004537523196088,0.003985004973544,1398.077383206
CdCoOSnZn:PAW_PBE/AB_cF8_225_a_b.AB:POCC_P0-1xC_P1-0.25xA-0.25xB-0.25xD-0.25xE,18,0.206826325436162,0.046007050902061,262.6136240729
Cu_pvMn_pvOV_svZn:PAW_PBE/AB_cF8_225_a_b.AB:POCC_P0-1xC_P1-0.25xA-0.25xB-0.25xD-0.25xE,18,0.135843617864525,0.041423571820409,279.6323636619
CdNi_pvOSnZn:PAW_PBE/AB_cF8_225_a_b.AB:POCC_P0-1xC_P1-0.25xA-0.25xB-0.25xD-0.25xE,18,0.124327868798368,0.003891172292741,268.8487957547
Ca_svMg_pvMn_pvOSn:PAW_PBE/AB_cF8_225_a_b.AB:POCC_P0-1xD_P1-0.25xA-0.25xB-0.25xC-0.25xE,18,0.032446346105734,0.026154407999249,117.7041817417
CoCu_pvMg_pvNi_pvO:PAW_PBE/AB_cF8_225_a_b.AB:POCC_P0-1xE_P1-0.25xA-0.25xB-0.25xC-0.25xD,18,0.138878851574709,0.097133737127519,326.933273797
Fe_pvMn_pvOSnZn:PAW_PBE/AB_cF8_225_a_b.AB:POCC_P0-1xC_P1-0.25xA-0.25xB-0.25xD-0.25xE,18,0.14565902461388,0.033788859508485,628.4771560859
Ca_svMn_pvNb_svOZn:PAW_PBE/AB_cF8_225_a_b.AB:POCC_P0-1xD_P1-0.25xA-0.25xB-0.25xC-0.25xE,18,0.194443248399223,0.122125125983316,260.0047505045
Ca_svMg_pvOTi_svV_sv:PAW_PBE/AB_cF8_225_a_b.AB:POCC_P0-1xC_P1-0.25xA-0.25xB-0.25xD-0.25xE,18,0.005106240411462,0.002875916148916,241.5332386946
Mn_pvNb_svOTi_svZn:PAW_PBE/AB_cF8_225_a_b.AB:POCC_P0-1xC_P1-0.25xA-0.25xB-0.25xD-0.25xE,18,0.609547788245216,0.352423500300635,620.7754711585
CdFe_pvNb_svOTi_sv:PAW_PBE/AB_cF8_225_a_b.AB:POCC_P0-1xD_P1-0.25xA-0.25xB-0.25xC-0.25xE,18,0.145832742296645,0.090232130514828,897.1102686324
Nb_svOSnSr_svTi_sv:PAW_PBE/AB_cF8_225_a_b.AB:POCC_P0-1xB_P1-0.25xA-0.25xC-0.25xD-0.25xE,18,0.231042834314996,0.182898712045373,284.9376201172
Cu_pvNb_svOSnTc_pv:PAW_PBE/AB_cF8_225_a_b.AB:POCC_P0-1xC_P1-0.25xA-0.25xB-0.25xD-0.25xE,18,0.051652271000012,0.027439001838313,207.4299378408
Mg_pvMn_pvNb_svOSr_sv:PAW_PBE/AB_cF8_225_a_b.AB:POCC_P0-1xD_P1-0.25xA-0.25xB-0.25xC-0.25xE,18,0.029471019117066,0.014995293823579,203.4443156091
Cu_pvMn_pvOSnZn:PAW_PBE/AB_cF8_225_a_b.AB:POCC_P0-1xC_P1-0.25xA-0.25xB-0.25xD-0.25xE,18,0.084468718481986,0.024198850506698,284.3329970686
Ca_svMn_pvOSr_svTi_sv:PAW_PBE/AB_cF8_225_a_b.AB:POCC_P0-1xC_P1-0.25xA-0.25xB-0.25xD-0.25xE,18,0.045262208236028,0.034461157263391,191.1683192132
CdCoMg_pvOZn:PAW_PBE/AB_cF8_225_a_b.AB:POCC_P0-1xD_P1-0.25xA-0.25xB-0.25xC-0.25xE,18,0.019119467960638,0.012618982719481,394.2601743177
CoMg_pvMn_pvOV_sv:PAW_PBE/AB_cF8_225_a_b.AB:POCC_P0-1xD_P1-0.25xA-0.25xB-0.25xC-0.25xE,18,0.00274254773174,0.002135146402133,288.3073427151
CoFe_pvMn_pvOZn:PAW_PBE/AB_cF8_225_a_b.AB:POCC_P0-1xD_P1-0.25xA-0.25xB-0.25xC-0.25xE,18,0.014414205075158,0.015732145194646,421.4704101595
CdMg_pvOSnSr_sv:PAW_PBE/AB_cF8_225_a_b.AB:POCC_P0-1xC_P1-0.25xA-0.25xB-0.25xD-0.25xE,18,0.036562393656407,0.04004303778424,117.1088927532
Cu_pvMg_pvNi_pvOZn:PAW_PBE/AB_cF8_225_a_b.AB:POCC_P0-1xD_P1-0.25xA-0.25xB-0.25xC-0.25xE,18,0.003367249558475,0.00173319808627,271.7821200222
Ca_svCdMg_pvOZn:PAW_PBE/AB_cF8_225_a_b.AB:POCC_P0-1xD_P1-0.25xA-0.25xB-0.25xC-0.25xE,18,0.003726571509871,0.002364829831521,185.6218715896
CoMg_pvOSnSr_sv:PAW_PBE/AB_cF8_225_a_b.AB:POCC_P0-1xC_P1-0.25xA-0.25xB-0.25xD-0.25xE,18,0.082774360837994,0.118773363224708,184.5608052679
CdMg_pvOTi_svV_sv:PAW_PBE/AB_cF8_225_a_b.AB:POCC_P0-1xC_P1-0.25xA-0.25xB-0.25xD-0.25xE,18,0.245938695318291,0.04257869796495,963.6473949757
Mg_pvNb_svOV_svZn:PAW_PBE/AB_cF8_225_a_b.AB:POCC_P0-1xC_P1-0.25xA-0.25xB-0.25xD-0.25xE,18,0.176907592959108,0.145018509224628,685.8272929521
Cu_pvNb_svOSnTi_sv:PAW_PBE/AB_cF8_225_a_b.AB:POCC_P0-1xC_P1-0.25xA-0.25xB-0.25xD-0.25xE,18,0.315152350811123,0.107172548302185,485.5677185476
CdMn_pvOV_svZn:PAW_PBE/AB_cF8_225_a_b.AB:POCC_P0-1xC_P1-0.25xA-0.25xB-0.25xD-0.25xE,18,0.128584759175962,0.022550556146898,597.8648017309
CoMn_pvOSnSr_sv:PAW_PBE/AB_cF8_225_a_b.AB:POCC_P0-1xC_P1-0.25xA-0.25xB-0.25xD-0.25xE,18,0.092719297606169,0.037568377766113,178.7819634456
Ca_svCdOV_svZn:PAW_PBE/AB_cF8_225_a_b.AB:POCC_P0-1xC_P1-0.25xA-0.25xB-0.25xD-0.25xE,18,0.11558446639744,0.10294251004597,539.7835493061
Mg_pvMn_pvNb_svOSn:PAW_PBE/AB_cF8_225_a_b.AB:POCC_P0-1xD_P1-0.25xA-0.25xB-0.25xC-0.25xE,18,0.037539686737508,0.000241011511989,320.8779592938
Ca_svFe_pvOSnSr_sv:PAW_PBE/AB_cF8_225_a_b.AB:POCC_P0-1xC_P1-0.25xA-0.25xB-0.25xD-0.25xE,18,0.117824011041905,0.029765616198378,152.5992884089
CdCoMn_pvOZn:PAW_PBE/AB_cF8_225_a_b.AB:POCC_P0-1xD_P1-0.25xA-0.25xB-0.25xC-0.25xE,18,0.012196316529738,0.014640525940753,397.1342777439
CoMn_pvOSnZn:PAW_PBE/AB_cF8_225_a_b.AB:POCC_P0-1xC_P1-0.25xA-0.25xB-0.25xD-0.25xE,18,0.118506664491976,0.078250137687534,600.6536050621
Ca_svFe_pvNb_svOSn:PAW_PBE/AB_cF8_225_a_b.AB:POCC_P0-1xD_P1-0.25xA-0.25xB-0.25xC-0.25xE,18,0.353329402510493,0.355667571226075,305.9577455498
Mn_pvOSnSr_svZn:PAW_PBE/AB_cF8_225_a_b.AB:POCC_P0-1xB_P1-0.25xA-0.25xC-0.25xD-0.25xE,18,0.100253304692628,0.041019523162812,138.1978366932
CdCoFe_pvOZn:PAW_PBE/AB_cF8_225_a_b.AB:POCC_P0-1xD_P1-0.25xA-0.25xB-0.25xC-0.25xE,18,0.185730658250548,0.383099988662663,492.0448618802
CdMg_pvNi_pvOZn:PAW_PBE/AB_cF8_225_a_b.AB:POCC_P0-1xD_P1-0.25xA-0.25xB-0.25xC-0.25xE,18,0.004843574910703,0.002869675364226,373.7539702264
Mn_pvNb_svOSnTi_sv:PAW_PBE/AB_cF8_225_a_b.AB:POCC_P0-1xC_P1-0.25xA-0.25xB-0.25xD-0.25xE,18,0.283251112635924,0.163149750620589,557.3039187864
Ca_svCdMg_pvOSr_sv:PAW_PBE/AB_cF8_225_a_b.AB:POCC_P0-1xD_P1-0.25xA-0.25xB-0.25xC-0.25xE,18,0.002868292456874,0.002428453994355,123.1070401478
Ca_svCdMn_pvOSn:PAW_PBE/AB_cF8_225_a_b.AB:POCC_P0-1xD_P1-0.25xA-0.25xB-0.25xC-0.25xE,18,0.020996281251324,0.024879975242818,133.5276530475
CdOSnSr_svZn:PAW_PBE/AB_cF8_225_a_b.AB:POCC_P0-1xB_P1-0.25xA-0.25xC-0.25xD-0.25xE,18,0.087938933948205,0.024353071904517,133.1370890118
CdMn_pvNi_pvOSn:PAW_PBE/AB_cF8_225_a_b.AB:POCC_P0-1xD_P1-0.25xA-0.25xB-0.25xC-0.25xE,18,0.113743123975978,0.131952996559046,285.5390754067
Nb_svOSnTi_svV_sv:PAW_PBE/AB_cF8_225_a_b.AB:POCC_P0-1xB_P1-0.25xA-0.25xC-0.25xD-0.25xE,18,0.489085629470393,0.19529806718544,1179.551819194
Ca_svFe_pvNb_svOSr_sv:PAW_PBE/AB_cF8_225_a_b.AB:POCC_P0-1xD_P1-0.25xA-0.25xB-0.25xC-0.25xE,18,0.104667792220316,0.011741976723027,181.1832183369
CdOTi_svV_svZn:PAW_PBE/AB_cF8_225_a_b.AB:POCC_P0-1xB_P1-0.25xA-0.25xC-0.25xD-0.25xE,18,0.204979059569943,0.022127746359802,1100.729030252
OSnSr_svTi_svV_sv:PAW_PBE/AB_cF8_225_a_b.AB:POCC_P0-1xA_P1-0.25xB-0.25xC-0.25xD-0.25xE,18,0.218976887801654,0.358045854046071,492.9768575011
Ca_svCdMg_pvOV_sv:PAW_PBE/AB_cF8_225_a_b.AB:POCC_P0-1xD_P1-0.25xA-0.25xB-0.25xC-0.25xE,18,0.080626570046725,0.07506650308111,526.426683693
Mg_pvMn_pvOV_svZn:PAW_PBE/AB_cF8_225_a_b.AB:POCC_P0-1xC_P1-0.25xA-0.25xB-0.25xD-0.25xE,18,0.025819628520116,0.007997933905564,299.0815453815
CdCoMg_pvNi_pvO:PAW_PBE/AB_cF8_225_a_b.AB:POCC_P0-1xE_P1-0.25xA-0.25xB-0.25xC-0.25xD,18,0.016773548392866,0.011603993688462,442.1214741231
Fe_pvMg_pvOSr_svZn:PAW_PBE/AB_cF8_225_a_b.AB:POCC_P0-1xC_P1-0.25xA-0.25xB-0.25xD-0.25xE,18,0.257277858536825,0.239909944845935,239.2272482563
CoFe_pvOSnSr_sv:PAW_PBE/AB_cF8_225_a_b.AB:POCC_P0-1xC_P1-0.25xA-0.25xB-0.25xD-0.25xE,18,0.512982681983555,0.627119583759837,251.996461419
CdFe_pvMg_pvOSr_sv:PAW_PBE/AB_cF8_225_a_b.AB:POCC_P0-1xD_P1-0.25xA-0.25xB-0.25xC-0.25xE,18,0.04421922894009,0.02562354328943,327.5380980691
OSnTi_svV_svZn:PAW_PBE/AB_cF8_225_a_b.AB:POCC_P0-1xA_P1-0.25xB-0.25xC-0.25xD-0.25xE,18,0.173904710315465,0.063865029487893,800.5802367918
CdFe_pvMg_pvNi_pvO:PAW_PBE/AB_cF8_225_a_b.AB:POCC_P0-1xE_P1-0.25xA-0.25xB-0.25xC-0.25xD,18,0.041202441227517,0.04489991091145,405.7929005066
Ca_svFe_pvMg_pvNi_pvO:PAW_PBE/AB_cF8_225_a_b.AB:POCC_P0-1xE_P1-0.25xA-0.25xB-0.25xC-0.25xD,18,0.03601939486769,0.043280225883848,291.4396949061
Mg_pvMn_pvOSnTi_sv:PAW_PBE/AB_cF8_225_a_b.AB:POCC_P0-1xC_P1-0.25xA-0.25xB-0.25xD-0.25xE,18,0.112636790701688,0.003375572934038,257.0160303292
Ca_svMg_pvOSnZn:PAW_PBE/AB_cF8_225_a_b.AB:POCC_P0-1xC_P1-0.25xA-0.25xB-0.25xD-0.25xE,18,0.051060408555937,0.03929714765266,186.5685227328
Ca_svFe_pvMg_pvOTi_sv:PAW_PBE/AB_cF8_225_a_b.AB:POCC_P0-1xD_P1-0.25xA-0.25xB-0.25xC-0.25xE,18,0.030761689517186,0.013756667113316,262.2210111677
OSnTc_pvTi_svV_sv:PAW_PBE/AB_cF8_225_a_b.AB:POCC_P0-1xA_P1-0.25xB-0.25xC-0.25xD-0.25xE,18,0.194134590511504,0.03885210056599,310.04455418
CdMn_pvNb_svOZn:PAW_PBE/AB_cF8_225_a_b.AB:POCC_P0-1xD_P1-0.25xA-0.25xB-0.25xC-0.25xE,18,0.209292993631306,0.042271457683892,361.9159424187
CdOSnTi_svV_sv:PAW_PBE/AB_cF8_225_a_b.AB:POCC_P0-1xB_P1-0.25xA-0.25xC-0.25xD-0.25xE,18,0.23343855540825,0.210712575009166,916.471081093
CdMg_pvOSnTi_sv:PAW_PBE/AB_cF8_225_a_b.AB:POCC_P0-1xC_P1-0.25xA-0.25xB-0.25xD-0.25xE,18,0.086036994992304,0.040177598420621,381.3004682373
Mg_pvMn_pvOSr_svV_sv:PAW_PBE/AB_cF8_225_a_b.AB:POCC_P0-1xC_P1-0.25xA-0.25xB-0.25xD-0.25xE,18,0.023277104864596,0.029675695375329,228.4366070462
CdFe_pvNb_svOZn:PAW_PBE/AB_cF8_225_a_b.AB:POCC_P0-1xD_P1-0.25xA-0.25xB-0.25xC-0.25xE,18,0.40752335010321,0.221912561219684,618.993175571
Ca_svCoNi_pvOSr_sv:PAW_PBE/AB_cF8_225_a_b.AB:POCC_P0-1xD_P1-0.25xA-0.25xB-0.25xC-0.25xE,18,0.044511238796258,0.000497719440373,237.0552463984
Ca_svCdNb_svOTi_sv:PAW_PBE/AB_cF8_225_a_b.AB:POCC_P0-1xD_P1-0.25xA-0.25xB-0.25xC-0.25xE,18,0.117184473579117,0.023606819257149,470.5432260046
CdMg_pvNi_pvOSn:PAW_PBE/AB_cF8_225_a_b.AB:POCC_P0-1xD_P1-0.25xA-0.25xB-0.25xC-0.25xE,18,0.064361450170962,0.058107681894558,268.1193081857
Cu_pvFe_pvMg_pvNi_pvO:PAW_PBE/AB_cF8_225_a_b.AB:POCC_P0-1xE_P1-0.25xA-0.25xB-0.25xC-0.25xD,18,0.028848136848803,0.030712891022636,371.3109299549
Ca_svCu_pvMg_pvOZn:PAW_PBE/AB_cF8_225_a_b.AB:POCC_P0-1xD_P1-0.25xA-0.25xB-0.25xC-0.25xE,18,0.004943097880328,0.007949545576979,166.7536651772
CdMg_pvOTi_svZn:PAW_PBE/AB_cF8_225_a_b.AB:POCC_P0-1xC_P1-0.25xA-0.25xB-0.25xD-0.25xE,18,0.244135141047569,0.1094127668027,464.1162893318
CdFe_pvMg_pvNb_svO:PAW_PBE/AB_cF8_225_a_b.AB:POCC_P0-1xE_P1-0.25xA-0.25xB-0.25xC-0.25xD,18,0.330203991318807,0.146474498225909,437.8836489284
Cu_pvFe_pvOV_svZn:PAW_PBE/AB_cF8_225_a_b.AB:POCC_P0-1xC_P1-0.25xA-0.25xB-0.25xD-0.25xE,18,0.172073476481192,0.104224490746047,316.9627983213
Ca_svMn_pvNb_svOTi_sv:PAW_PBE/AB_cF8_225_a_b.AB:POCC_P0-1xD_P1-0.25xA-0.25xB-0.25xC-0.25xE,18,0.019284087401328,0.01449302710678,294.8880823966
CoFe_pvNi_pvOSr_sv:PAW_PBE/AB_cF8_225_a_b.AB:POCC_P0-1xD_P1-0.25xA-0.25xB-0.25xC-0.25xE,18,0.077058372634815,0.02356769666728,251.6660791921
Ca_svFe_pvMn_pvOSn:PAW_PBE/AB_cF8_225_a_b.AB:POCC_P0-1xD_P1-0.25xA-0.25xB-0.25xC-0.25xE,18,0.094467033530507,0.048389421656392,319.6664001888
Ca_svCdNb_svOZn:PAW_PBE/AB_cF8_225_a_b.AB:POCC_P0-1xD_P1-0.25xA-0.25xB-0.25xC-0.25xE,18,0.463088778957492,0.233455145849323,222.2729266397
Ni_pvOSnSr_svZn:PAW_PBE/AB_cF8_225_a_b.AB:POCC_P0-1xB_P1-0.25xA-0.25xC-0.25xD-0.25xE,18,0.076229127788407,0.024034143433123,172.7934199396
Ca_svCoMg_pvOSn:PAW_PBE/AB_cF8_225_a_b.AB:POCC_P0-1xD_P1-0.25xA-0.25xB-0.25xC-0.25xE,18,0.069325027995922,0.07656004533332,253.1133781527
Ca_svMg_pvMn_pvOSr_sv:PAW_PBE/AB_cF8_225_a_b.AB:POCC_P0-1xD_P1-0.25xA-0.25xB-0.25xC-0.25xE,18,0.012335530484827,0.005001133100207,78.33842451532
CoFe_pvMn_pvNi_pvO:PAW_PBE/AB_cF8_225_a_b.AB:POCC_P0-1xE_P1-0.25xA-0.25xB-0.25xC-0.25xD,18,0.012367240425262,0.011887646110237,451.6081383551
CdMn_pvNb_svOTi_sv:PAW_PBE/AB_cF8_225_a_b.AB:POCC_P0-1xD_P1-0.25xA-0.25xB-0.25xC-0.25xE,18,0.100671137566685,0.071270508833848,709.2329270803
Nb_svOSnTc_pvZn:PAW_PBE/AB_cF8_225_a_b.AB:POCC_P0-1xB_P1-0.25xA-0.25xC-0.25xD-0.25xE,18,0.102133648530096,0.024495925289107,284.9423272972
Fe_pvNb_svOSnV_sv:PAW_PBE/AB_cF8_225_a_b.AB:POCC_P0-1xC_P1-0.25xA-0.25xB-0.25xD-0.25xE,18,0.441906720706879,0.337743795847646,461.4338419029
Ca_svFe_pvOSr_svTi_sv:PAW_PBE/AB_cF8_225_a_b.AB:POCC_P0-1xC_P1-0.25xA-0.25xB-0.25xD-0.25xE,18,0.072427346532876,0.024243488078969,274.3640380047
Mg_pvOSnTi_svZn:PAW_PBE/AB_cF8_225_a_b.AB:POCC_P0-1xB_P1-0.25xA-0.25xC-0.25xD-0.25xE,18,0.148740302978918,0.051514551898416,309.0957059509
Ca_svFe_pvNi_pvOSr_sv:PAW_PBE/AB_cF8_225_a_b.AB:POCC_P0-1xD_P1-0.25xA-0.25xB-0.25xC-0.25xE,18,0.054608056129588,0.003492804566426,232.9607920329
CdNb_svOSr_svTi_sv:PAW_PBE/AB_cF8_225_a_b.AB:POCC_P0-1xC_P1-0.25xA-0.25xB-0.25xD-0.25xE,18,0.065874326836616,0.008004176949148,324.6879512633
Fe_pvMg_pvOSnSr_sv:PAW_PBE/AB_cF8_225_a_b.AB:POCC_P0-1xC_P1-0.25xA-0.25xB-0.25xD-0.25xE,18,0.085009120483825,0.037735717709844,252.0977397275
CdCoNi_pvOSn:PAW_PBE/AB_cF8_225_a_b.AB:POCC_P0-1xD_P1-0.25xA-0.25xB-0.25xC-0.25xE,18,0.113502570975012,0.021611118956721,473.2240763702
Mg_pvNb_svOSr_svZn:PAW_PBE/AB_cF8_225_a_b.AB:POCC_P0-1xC_P1-0.25xA-0.25xB-0.25xD-0.25xE,18,0.286863095210511,0.17957862626965,146.5089217352
CdFe_pvOSnZn:PAW_PBE/AB_cF8_225_a_b.AB:POCC_P0-1xC_P1-0.25xA-0.25xB-0.25xD-0.25xE,18,0.477725795023221,0.572471981053709,480.4930744658
CdMg_pvOSnV_sv:PAW_PBE/AB_cF8_225_a_b.AB:POCC_P0-1xC_P1-0.25xA-0.25xB-0.25xD-0.25xE,18,0.098144626210712,0.079253423512127,281.6453210608
Mn_pvNi_pvOV_svZn:PAW_PBE/AB_cF8_225_a_b.AB:POCC_P0-1xC_P1-0.25xA-0.25xB-0.25xD-0.25xE,18,0.127622334036092,0.015905283403185,275.4549156638
CdMg_pvOSr_svZn:PAW_PBE/AB_cF8_225_a_b.AB:POCC_P0-1xC_P1-0.25xA-0.25xB-0.25xD-0.25xE,18,0.075408422174309,0.088112801530032,191.1031933336
Nb_svNi_pvOSnTi_sv:PAW_PBE/AB_cF8_225_a_b.AB:POCC_P0-1xC_P1-0.25xA-0.25xB-0.25xD-0.25xE,18,0.782182232185977,0.528399710442243,292.2578983291
CdCoNi_pvOZn:PAW_PBE/AB_cF8_225_a_b.AB:POCC_P0-1xD_P1-0.25xA-0.25xB-0.25xC-0.25xE,18,0.028463703721959,0.030408283468212,529.4652786698
Mg_pvOSnV_svZn:PAW_PBE/AB_cF8_225_a_b.AB:POCC_P0-1xB_P1-0.25xA-0.25xC-0.25xD-0.25xE,18,0.136339318911112,0.031218059264788,513.5315246199
Ca_svFe_pvMg_pvOZn:PAW_PBE/AB_cF8_225_a_b.AB:POCC_P0-1xD_P1-0.25xA-0.25xB-0.25xC-0.25xE,18,0.02463295101572,0.00483121940239,230.1781580392
Ca_svCdFe_pvOSn:PAW_PBE/AB_cF8_225_a_b.AB:POCC_P0-1xD_P1-0.25xA-0.25xB-0.25xC-0.25xE,18,0.12527998012593,0.048430526192525,246.0051666653
Ca_svMn_pvNb_svOV_sv:PAW_PBE/AB_cF8_225_a_b.AB:POCC_P0-1xD_P1-0.25xA-0.25xB-0.25xC-0.25xE,18,0.044160832794903,0.016428951151382,273.9697044722
CdFe_pvNi_pvOSr_sv:PAW_PBE/AB_cF8_225_a_b.AB:POCC_P0-1xD_P1-0.25xA-0.25xB-0.25xC-0.25xE,18,0.141812309375152,0.145787118489428,256.5048948899
Ca_svMg_pvNb_svOTi_sv:PAW_PBE/AB_cF8_225_a_b.AB:POCC_P0-1xD_P1-0.25xA-0.25xB-0.25xC-0.25xE,18,0.020337440305184,0.020933910314679,277.2647982483
Ca_svCoMg_pvOSr_sv:PAW_PBE/AB_cF8_225_a_b.AB:POCC_P0-1xD_P1-0.25xA-0.25xB-0.25xC-0.25xE,18,0.01905457831277,0.015788073231845,251.8558455787
Mg_pvOSr_svTi_svZn:PAW_PBE/AB_cF8_225_a_b.AB:POCC_P0-1xB_P1-0.25xA-0.25xC-0.25xD-0.25xE,18,0.120434302297548,0.028242397496521,164.6052802197
CdMg_pvMn_pvNb_svO:PAW_PBE/AB_cF8_225_a_b.AB:POCC_P0-1xE_P1-0.25xA-0.25xB-0.25xC-0.25xD,18,0.170502001916527,0.081415369028806,330.7885424748
Fe_pvMn_pvOSr_svZn:PAW_PBE/AB_cF8_225_a_b.AB:POCC_P0-1xC_P1-0.25xA-0.25xB-0.25xD-0.25xE,18,0.178576314801378,0.259867291977349,352.4054276466
CdFe_pvMg_pvOZn:PAW_PBE/AB_cF8_225_a_b.AB:POCC_P0-1xD_P1-0.25xA-0.25xB-0.25xC-0.25xE,18,0.015651582191054,0.01552801099193,430.598622679
Ca_svMn_pvNi_pvOSr_sv:PAW_PBE/AB_cF8_225_a_b.AB:POCC_P0-1xD_P1-0.25xA-0.25xB-0.25xC-0.25xE,18,0.030523253335469,0.011108363423575,190.5872048896
CdMn_pvNb_svOSr_sv:PAW_PBE/AB_cF8_225_a_b.AB:POCC_P0-1xD_P1-0.25xA-0.25xB-0.25xC-0.25xE,18,0.132507035193472,0.051503670511648,91.14527699709
CdCu_pvFe_pvMg_pvO:PAW_PBE/AB_cF8_225_a_b.AB:POCC_P0-1xE_P1-0.25xA-0.25xB-0.25xC-0.25xD,18,0.030404201037639,0.036204316711707,281.9870721511
Ca_svOSnTi_svV_sv:PAW_PBE/AB_cF8_225_a_b.AB:POCC_P0-1xB_P1-0.25xA-0.25xC-0.25xD-0.25xE,18,0.211696692918818,0.206050207288976,765.53369426
Fe_pvMg_pvMn_pvNi_pvO:PAW_PBE/AB_cF8_225_a_b.AB:POCC_P0-1xE_P1-0.25xA-0.25xB-0.25xC-0.25xD,18,0.001142540473013,0.000955401261333,397.994567541
CdFe_pvNi_pvOSn:PAW_PBE/AB_cF8_225_a_b.AB:POCC_P0-1xD_P1-0.25xA-0.25xB-0.25xC-0.25xE,18,0.115475202113628,0.057696857305793,337.6724189241
CdMg_pvOV_svZn:PAW_PBE/AB_cF8_225_a_b.AB:POCC_P0-1xC_P1-0.25xA-0.25xB-0.25xD-0.25xE,18,0.195222324553977,0.030422558285526,860.5210703566
Ca_svMg_pvMn_pvOTi_sv:PAW_PBE/AB_cF8_225_a_b.AB:POCC_P0-1xD_P1-0.25xA-0.25xB-0.25xC-0.25xE,18,0.011208152617635,0.00597275802517,199.3565424133
CoCu_pvFe_pvNi_pvO:PAW_PBE/AB_cF8_225_a_b.AB:POCC_P0-1xE_P1-0.25xA-0.25xB-0.25xC-0.25xD,18,0.010831639823871,0.007833705336344,465.6142521322
Ca_svCdNb_svOSn:PAW_PBE/AB_cF8_225_a_b.AB:POCC_P0-1xD_P1-0.25xA-0.25xB-0.25xC-0.25xE,18,0.081459332842299,0.048553110804387,146.7408217202
Fe_pvMg_pvNb_svOSn:PAW_PBE/AB_cF8_225_a_b.AB:POCC_P0-1xD_P1-0.25xA-0.25xB-0.25xC-0.25xE,18,0.250945520479011,0.073656664853734,257.1482958192
Cu_pvMg_pvOV_svZn:PAW_PBE/AB_cF8_225_a_b.AB:POCC_P0-1xC_P1-0.25xA-0.25xB-0.25xD-0.25xE,18,0.122926771009205,0.102838221343254,265.9172195581
Fe_pvMg_pvNb_svOSr_sv:PAW_PBE/AB_cF8_225_a_b.AB:POCC_P0-1xD_P1-0.25xA-0.25xB-0.25xC-0.25xE,18,0.113265402950762,0.013178352022991,200.8669660307
Ca_svOSnSr_svTi_sv:PAW_PBE/AB_cF8_225_a_b.AB:POCC_P0-1xB_P1-0.25xA-0.25xC-0.25xD-0.25xE,18,0.045563882934557,0.041365213193322,217.2271380058
CdMg_pvOSnZn:PAW_PBE/AB_cF8_225_a_b.AB:POCC_P0-1xC_P1-0.25xA-0.25xB-0.25xD-0.25xE,18,0.067419868768216,0.031147824951763,218.1644252913
Ca_svCdNb_svOSr_sv:PAW_PBE/AB_cF8_225_a_b.AB:POCC_P0-1xD_P1-0.25xA-0.25xB-0.25xC-0.25xE,18,0.123483410131212,0.108251527239119,118.710736531
CdFe_pvOSnTi_sv:PAW_PBE/AB_cF8_225_a_b.AB:POCC_P0-1xC_P1-0.25xA-0.25xB-0.25xD-0.25xE,18,0.120304275752605,0.045430741560647,807.3975566641
Fe_pvNb_svOSnZn:PAW_PBE/AB_cF8_225_a_b.AB:POCC_P0-1xC_P1-0.25xA-0.25xB-0.25xD-0.25xE,18,0.316045590248697,0.363275553779049,334.8516240734
Cu_pvNb_svOSnV_sv:PAW_PBE/AB_cF8_225_a_b.AB:POCC_P0-1xC_P1-0.25xA-0.25xB-0.25xD-0.25xE,18,0.124985411353047,0.072271941066436,255.7475287629
CdNb_svOTi_svV_sv:PAW_PBE/AB_cF8_225_a_b.AB:POCC_P0-1xC_P1-0.25xA-0.25xB-0.25xD-0.25xE,18,0.221012260568565,0.048715443904901,1182.321876474
CdFe_pvMn_pvNi_pvO:PAW_PBE/AB_cF8_225_a_b.AB:POCC_P0-1xE_P1-0.25xA-0.25xB-0.25xC-0.25xD,18,0.085454731763793,0.132189896876698,712.9312223494
Ca_svFe_pvOSnTi_sv:PAW_PBE/AB_cF8_225_a_b.AB:POCC_P0-1xC_P1-0.25xA-0.25xB-0.25xD-0.25xE,18,0.314758507634565,0.193742375886694,434.2875142488
Ca_svCdMg_pvNi_pvO:PAW_PBE/AB_cF8_225_a_b.AB:POCC_P0-1xE_P1-0.25xA-0.25xB-0.25xC-0.25xD,18,0.007096310558854,0.00308233021614,271.4869979345
Ca_svMg_pvNb_svOSr_sv:PAW_PBE/AB_cF8_225_a_b.AB:POCC_P0-1xD_P1-0.25xA-0.25xB-0.25xC-0.25xE,18,0.009992337133122,0.001948632106176,259.6683035939
Mg_pvNi_pvOSnZn:PAW_PBE/AB_cF8_225_a_b.AB:POCC_P0-1xC_P1-0.25xA-0.25xB-0.25xD-0.25xE,18,0.186762083345778,0.107115323645048,321.9397047607
Mg_pvMn_pvOSnSr_sv:PAW_PBE/AB_cF8_225_a_b.AB:POCC_P0-1xC_P1-0.25xA-0.25xB-0.25xD-0.25xE,18,0.044129816847453,0.024113814353583,93.09186412357
Fe_pvMg_pvNi_pvOSr_sv:PAW_PBE/AB_cF8_225_a_b.AB:POCC_P0-1xD_P1-0.25xA-0.25xB-0.25xC-0.25xE,18,0.121357019726744,0.102247205610544,272.973579074
Ca_svMg_pvMn_pvOV_sv:PAW_PBE/AB_cF8_225_a_b.AB:POCC_P0-1xD_P1-0.25xA-0.25xB-0.25xC-0.25xE,18,0.005928837140788,0.002860078075346,198.2977686196
CoCu_pvFe_pvOV_sv:PAW_PBE/AB_cF8_225_a_b.AB:POCC_P0-1xD_P1-0.25xA-0.25xB-0.25xC-0.25xE,18,0.101482349031592,0.018717991133639,355.9794688698
Ca_svCoOSnSr_sv:PAW_PBE/AB_cF8_225_a_b.AB:POCC_P0-1xC_P1-0.25xA-0.25xB-0.25xD-0.25xE,18,0.117675192915133,0.105953639791252,176.7841994842
Fe_pvMn_pvNi_pvOZn:PAW_PBE/AB_cF8_225_a_b.AB:POCC_P0-1xD_P1-0.25xA-0.25xB-0.25xC-0.25xE,18,0.007117158153178,0.0086552767773,524.1719732419
Ca_svCoMg_pvMn_pvO:PAW_PBE/AB_cF8_225_a_b.AB:POCC_P0-1xE_P1-0.25xA-0.25xB-0.25xC-0.25xD,18,0.005451986833966,0.006011024176858,235.7013412135
Ca_svNb_svOSnTi_sv:PAW_PBE/AB_cF8_225_a_b.AB:POCC_P0-1xC_P1-0.25xA-0.25xB-0.25xD-0.25xE,18,0.251910017517114,0.128469365776274,559.8206109805
Ca_svCdOSr_svV_sv:PAW_PBE/AB_cF8_225_a_b.AB:POCC_P0-1xC_P1-0.25xA-0.25xB-0.25xD-0.25xE,18,0.041144441191723,0.021772932117349,168.1111337315
Ca_svMg_pvOSnTi_sv:PAW_PBE/AB_cF8_225_a_b.AB:POCC_P0-1xC_P1-0.25xA-0.25xB-0.25xD-0.25xE,18,0.071758989960979,0.068291539257972,417.7125362151
Mn_pvNb_svOTi_svV_sv:PAW_PBE/AB_cF8_225_a_b.AB:POCC_P0-1xC_P1-0.25xA-0.25xB-0.25xD-0.25xE,18,0.049562080242867,0.023801745144843,258.8014867044
Ca_svMg_pvNi_pvOSn:PAW_PBE/AB_cF8_225_a_b.AB:POCC_P0-1xD_P1-0.25xA-0.25xB-0.25xC-0.25xE,18,0.069644966101726,0.059583065934847,230.6001773891
CdCu_pvOV_svZn:PAW_PBE/AB_cF8_225_a_b.AB:POCC_P0-1xC_P1-0.25xA-0.25xB-0.25xD-0.25xE,18,0.152114273224659,0.024515579735135,289.8851542446
CdMg_pvNb_svOZn:PAW_PBE/AB_cF8_225_a_b.AB:POCC_P0-1xD_P1-0.25xA-0.25xB-0.25xC-0.25xE,18,0.241576841570493,0.044546991407224,295.9621890268
CdCoFe_pvOSn:PAW_PBE/AB_cF8_225_a_b.AB:POCC_P0-1xD_P1-0.25xA-0.25xB-0.25xC-0.25xE,18,0.125591718100936,0.090278628193868,381.8483030204
Nb_svOSr_svTc_pvTi_sv:PAW_PBE/AB_cF8_225_a_b.AB:POCC_P0-1xB_P1-0.25xA-0.25xC-0.25xD-0.25xE,18,0.112142045824414,0.005198578608505,151.221129219
Cu_pvNb_svOSnSr_sv:PAW_PBE/AB_cF8_225_a_b.AB:POCC_P0-1xC_P1-0.25xA-0.25xB-0.25xD-0.25xE,18,0.295348396114496,0.319900301660448,148.9365321723
Ca_svCdMg_pvOTi_sv:PAW_PBE/AB_cF8_225_a_b.AB:POCC_P0-1xD_P1-0.25xA-0.25xB-0.25xC-0.25xE,18,0.119708724476207,0.075931621428425,384.1925319221
Ca_svNb_svOSr_svV_sv:PAW_PBE/AB_cF8_225_a_b.AB:POCC_P0-1xC_P1-0.25xA-0.25xB-0.25xD-0.25xE,18,0.06306298731501,0.055054940420269,296.2118306506
CdFe_pvNb_svOSn:PAW_PBE/AB_cF8_225_a_b.AB:POCC_P0-1xD_P1-0.25xA-0.25xB-0.25xC-0.25xE,18,0.15626864873319,0.03349814485514,535.4789238615
CoMg_pvNi_pvOSr_sv:PAW_PBE/AB_cF8_225_a_b.AB:POCC_P0-1xD_P1-0.25xA-0.25xB-0.25xC-0.25xE,18,0.059006964748982,0.01616607840166,290.289583528
CoMn_pvOSr_svZn:PAW_PBE/AB_cF8_225_a_b.AB:POCC_P0-1xC_P1-0.25xA-0.25xB-0.25xD-0.25xE,18,0.04023527376895,0.039411137221415,289.4436359448
Ca_svMn_pvOTi_svV_sv:PAW_PBE/AB_cF8_225_a_b.AB:POCC_P0-1xC_P1-0.25xA-0.25xB-0.25xD-0.25xE,18,0.01702259997851,0.01065068661461,216.9018399291
Ca_svCdCoMg_pvO:PAW_PBE/AB_cF8_225_a_b.AB:POCC_P0-1xE_P1-0.25xA-0.25xB-0.25xC-0.25xD,18,0.005681420819414,0.003022136285046,276.1781817398
Mn_pvOSr_svTi_svV_sv:PAW_PBE/AB_cF8_225_a_b.AB:POCC_P0-1xB_P1-0.25xA-0.25xC-0.25xD-0.25xE,18,0.055491108802523,0.000522514573726,153.0437081193
CdOSr_svTi_svZn:PAW_PBE/AB_cF8_225_a_b.AB:POCC_P0-1xB_P1-0.25xA-0.25xC-0.25xD-0.25xE,18,0.610688186048185,0.137155276466214,299.8781370482
Fe_pvNi_pvOSnZn:PAW_PBE/AB_cF8_225_a_b.AB:POCC_P0-1xC_P1-0.25xA-0.25xB-0.25xD-0.25xE,18,0.324675310450988,0.089810207547579,348.7542831359
Ca_svNb_svOSnSr_sv:PAW_PBE/AB_cF8_225_a_b.AB:POCC_P0-1xC_P1-0.25xA-0.25xB-0.25xD-0.25xE,18,0.0887554519978,0.003397642006466,96.03442473802
CdMg_pvNb_svOV_sv:PAW_PBE/AB_cF8_225_a_b.AB:POCC_P0-1xD_P1-0.25xA-0.25xB-0.25xC-0.25xE,18,0.166644898396141,0.111897696218253,1030.634842263
Fe_pvNb_svOSnSr_sv:PAW_PBE/AB_cF8_225_a_b.AB:POCC_P0-1xC_P1-0.25xA-0.25xB-0.25xD-0.25xE,18,0.322116947132636,0.28834722838753,243.1949844806
Ca_svCu_pvMg_pvOV_sv:PAW_PBE/AB_cF8_225_a_b.AB:POCC_P0-1xD_P1-0.25xA-0.25xB-0.25xC-0.25xE,18,0.025360971850395,0.023960281696488,187.4610338548
Ca_svFe_pvMg_pvOSr_sv:PAW_PBE/AB_cF8_225_a_b.AB:POCC_P0-1xD_P1-0.25xA-0.25xB-0.25xC-0.25xE,18,0.080486749233386,0.035166986933355,138.9419640135
Ca_svOSnSr_svZn:PAW_PBE/AB_cF8_225_a_b.AB:POCC_P0-1xB_P1-0.25xA-0.25xC-0.25xD-0.25xE,18,0.052065014073019,0.01840346773652,121.7861710513
CdMn_pvOSr_svTi_sv:PAW_PBE/AB_cF8_225_a_b.AB:POCC_P0-1xC_P1-0.25xA-0.25xB-0.25xD-0.25xE,18,0.107655628794184,0.062515283357529,171.400655138
Mn_pvNi_pvOSr_svZn:PAW_PBE/AB_cF8_225_a_b.AB:POCC_P0-1xC_P1-0.25xA-0.25xB-0.25xD-0.25xE,18,0.046500627466943,0.02541191206393,229.6354603829
CdOSr_svV_svZn:PAW_PBE/AB_cF8_225_a_b.AB:POCC_P0-1xB_P1-0.25xA-0.25xC-0.25xD-0.25xE,18,0.152311430497657,0.074773798611185,340.5844791606
CoFe_pvMg_pvOSn:PAW_PBE/AB_cF8_225_a_b.AB:POCC_P0-1xD_P1-0.25xA-0.25xB-0.25xC-0.25xE,18,0.216518803169314,0.201044030347615,604.1282595944
Cu_pvOSnTi_svV_sv:PAW_PBE/AB_cF8_225_a_b.AB:POCC_P0-1xB_P1-0.25xA-0.25xC-0.25xD-0.25xE,18,0.088098846031608,0.071336532298906,284.1570666247
Ca_svMn_pvOSr_svZn:PAW_PBE/AB_cF8_225_a_b.AB:POCC_P0-1xC_P1-0.25xA-0.25xB-0.25xD-0.25xE,18,0.010942382264646,0.005555797900722,126.9166909451
Mg_pvNb_svOTi_svV_sv:PAW_PBE/AB_cF8_225_a_b.AB:POCC_P0-1xC_P1-0.25xA-0.25xB-0.25xD-0.25xE,18,0.028591021736137,0.024387711003381,374.3213453962
Ca_svCdMn_pvNi_pvO:PAW_PBE/AB_cF8_225_a_b.AB:POCC_P0-1xE_P1-0.25xA-0.25xB-0.25xC-0.25xD,18,0.004553307861838,0.002685917479928,253.217782054
CoFe_pvOSnZn:PAW_PBE/AB_cF8_225_a_b.AB:POCC_P0-1xC_P1-0.25xA-0.25xB-0.25xD-0.25xE,18,0.430828124472259,0.402472853741536,573.6277102017
Mg_pvNb_svOSnSr_sv:PAW_PBE/AB_cF8_225_a_b.AB:POCC_P0-1xC_P1-0.25xA-0.25xB-0.25xD-0.25xE,18,0.158203259853288,0.181339238885806,197.93939382
CdFe_pvOSr_svZn:PAW_PBE/AB_cF8_225_a_b.AB:POCC_P0-1xC_P1-0.25xA-0.25xB-0.25xD-0.25xE,18,0.113148625754346,0.09022769800095,339.838717912
Ca_svFe_pvOSnZn:PAW_PBE/AB_cF8_225_a_b.AB:POCC_P0-1xC_P1-0.25xA-0.25xB-0.25xD-0.25xE,18,0.236940162191972,0.145006587639993,490.8412316324
Mg_pvNb_svOTi_svZn:PAW_PBE/AB_cF8_225_a_b.AB:POCC_P0-1xC_P1-0.25xA-0.25xB-0.25xD-0.25xE,18,0.216758714757682,0.123250886341998,316.8733870887
Ca_svCdMg_pvMn_pvO:PAW_PBE/AB_cF8_225_a_b.AB:POCC_P0-1xE_P1-0.25xA-0.25xB-0.25xC-0.25xD,18,0.001428697561646,0.001009747245498,106.6677516531
Nb_svOSnSr_svZn:PAW_PBE/AB_cF8_225_a_b.AB:POCC_P0-1xB_P1-0.25xA-0.25xC-0.25xD-0.25xE,18,0.283781598912912,0.193390314398796,183.3209172758
Ca_svMg_pvOSnV_sv:PAW_PBE/AB_cF8_225_a_b.AB:POCC_P0-1xC_P1-0.25xA-0.25xB-0.25xD-0.25xE,18,0.07757920431691,0.020827549290678,574.3902716147
Ca_svCdFe_pvMg_pvO:PAW_PBE/AB_cF8_225_a_b.AB:POCC_P0-1xE_P1-0.25xA-0.25xB-0.25xC-0.25xD,18,0.020718784344449,0.007853847060244,355.4756403614
Ca_svCu_pvMn_pvOV_sv:PAW_PBE/AB_cF8_225_a_b.AB:POCC_P0-1xD_P1-0.25xA-0.25xB-0.25xC-0.25xE,18,0.048334668412072,0.063438571809404,220.1303298615
Ca_svMg_pvOSr_svZn:PAW_PBE/AB_cF8_225_a_b.AB:POCC_P0-1xC_P1-0.25xA-0.25xB-0.25xD-0.25xE,18,0.021268271999123,0.016553604023576,175.6893083516
CdCoOSnSr_sv:PAW_PBE/AB_cF8_225_a_b.AB:POCC_P0-1xC_P1-0.25xA-0.25xB-0.25xD-0.25xE,18,0.149710739632387,0.045158799486275,178.456100871
Mg_pvNb_svOSnTi_sv:PAW_PBE/AB_cF8_225_a_b.AB:POCC_P0-1xC_P1-0.25xA-0.25xB-0.25xD-0.25xE,18,0.19056181034492,0.120648681620517,614.8723010869
CdMg_pvMn_pvNi_pvO:PAW_PBE/AB_cF8_225_a_b.AB:POCC_P0-1xE_P1-0.25xA-0.25xB-0.25xC-0.25xD,18,0.010869462110515,0.015058282892115,339.2989433196
Mg_pvMn_pvNi_pvOSn:PAW_PBE/AB_cF8_225_a_b.AB:POCC_P0-1xD_P1-0.25xA-0.25xB-0.25xC-0.25xE,18,0.054580611604198,0.001695199700818,238.4092975747
CdNb_svOSnZn:PAW_PBE/AB_cF8_225_a_b.AB:POCC_P0-1xC_P1-0.25xA-0.25xB-0.25xD-0.25xE,18,0.069456015672878,0.027357435582264,415.3637554718
CdCoMn_pvNi_pvO:PAW_PBE/AB_cF8_225_a_b.AB:POCC_P0-1xE_P1-0.25xA-0.25xB-0.25xC-0.25xD,18,0.068987580700524,0.046150489983354,732.6560478159
Ca_svFe_pvMn_pvOSr_sv:PAW_PBE/AB_cF8_225_a_b.AB:POCC_P0-1xD_P1-0.25xA-0.25xB-0.25xC-0.25xE,18,0.057699125660102,0.000700870777223,200.6505760516
Ca_svOSnTi_svZn:PAW_PBE/AB_cF8_225_a_b.AB:POCC_P0-1xB_P1-0.25xA-0.25xC-0.25xD-0.25xE,18,0.241303954844127,0.241686023507734,352.5211405913
Ca_svNb_svOSr_svTi_sv:PAW_PBE/AB_cF8_225_a_b.AB:POCC_P0-1xC_P1-0.25xA-0.25xB-0.25xD-0.25xE,18,0.074875750229974,0.00028808269649,190.306922701
CoFe_pvNi_pvOV_sv:PAW_PBE/AB_cF8_225_a_b.AB:POCC_P0-1xD_P1-0.25xA-0.25xB-0.25xC-0.25xE,18,0.266021759007349,0.085477425364366,329.6782898639
CdMg_pvMn_pvOSn:PAW_PBE/AB_cF8_225_a_b.AB:POCC_P0-1xD_P1-0.25xA-0.25xB-0.25xC-0.25xE,18,0.030599550826835,0.005141793506626,217.3095990299
CoMg_pvOSr_svZn:PAW_PBE/AB_cF8_225_a_b.AB:POCC_P0-1xC_P1-0.25xA-0.25xB-0.25xD-0.25xE,18,0.143704291574002,0.221868422907384,265.1075668956
Ca_svOSnSr_svV_sv:PAW_PBE/AB_cF8_225_a_b.AB:POCC_P0-1xB_P1-0.25xA-0.25xC-0.25xD-0.25xE,18,0.034428970895131,0.02002431873603,345.6511246255
Cu_pvFe_pvMg_pvOTi_sv:PAW_PBE/AB_cF8_225_a_b.AB:POCC_P0-1xD_P1-0.25xA-0.25xB-0.25xC-0.25xE,18,0.201369649536514,0.01837589271196,266.3960489015
CdMn_pvNb_svOSn:PAW_PBE/AB_cF8_225_a_b.AB:POCC_P0-1xD_P1-0.25xA-0.25xB-0.25xC-0.25xE,18,0.086661562591143,0.044675484163317,303.0537389878
Mg_pvNb_svOSnZn:PAW_PBE/AB_cF8_225_a_b.AB:POCC_P0-1xC_P1-0.25xA-0.25xB-0.25xD-0.25xE,18,0.168441131241232,0.035196619531424,227.0954037013
Ca_svCdCoMn_pvO:PAW_PBE/AB_cF8_225_a_b.AB:POCC_P0-1xE_P1-0.25xA-0.25xB-0.25xC-0.25xD,18,0.003678491374051,0.001613329319217,271.4965810571
Cu_pvFe_pvMg_pvOZn:PAW_PBE/AB_cF8_225_a_b.AB:POCC_P0-1xD_P1-0.25xA-0.25xB-0.25xC-0.25xE,18,0.042201535507388,0.104168540457904,273.7111912784
Fe_pvMn_pvOSnSr_sv:PAW_PBE/AB_cF8_225_a_b.AB:POCC_P0-1xC_P1-0.25xA-0.25xB-0.25xD-0.25xE,18,0.08932600300715,0.050086264718429,255.0248099546
Mg_pvMn_pvOTi_svV_sv:PAW_PBE/AB_cF8_225_a_b.AB:POCC_P0-1xC_P1-0.25xA-0.25xB-0.25xD-0.25xE,18,0.002750713106446,0.001421087437756,267.2835317945
Ca_svMg_pvMn_pvOZn:PAW_PBE/AB_cF8_225_a_b.AB:POCC_P0-1xD_P1-0.25xA-0.25xB-0.25xC-0.25xE,18,0.005521675543226,0.001499329442248,154.5268220198
CdOSnSr_svV_sv:PAW_PBE/AB_cF8_225_a_b.AB:POCC_P0-1xB_P1-0.25xA-0.25xC-0.25xD-0.25xE,18,0.21229873414643,0.11013609710591,158.1503213459
Ca_svCoNi_pvOSn:PAW_PBE/AB_cF8_225_a_b.AB:POCC_P0-1xD_P1-0.25xA-0.25xB-0.25xC-0.25xE,18,0.133992477168676,0.029719705117212,249.8619376257
Fe_pvMn_pvNi_pvOSr_sv:PAW_PBE/AB_cF8_225_a_b.AB:POCC_P0-1xD_P1-0.25xA-0.25xB-0.25xC-0.25xE,18,0.080945168236874,0.043810825951455,274.222954492
Ca_svCdMg_pvOSn:PAW_PBE/AB_cF8_225_a_b.AB:POCC_P0-1xD_P1-0.25xA-0.25xB-0.25xC-0.25xE,18,0.023599789117476,0.025564879395988,142.1516092447
Ca_svMn_pvOTi_svZn:PAW_PBE/AB_cF8_225_a_b.AB:POCC_P0-1xC_P1-0.25xA-0.25xB-0.25xD-0.25xE,18,0.098930549803176,0.06289950412372,183.8038425594
Mg_pvMn_pvOSr_svZn:PAW_PBE/AB_cF8_225_a_b.AB:POCC_P0-1xC_P1-0.25xA-0.25xB-0.25xD-0.25xE,18,0.069571485291468,0.096633776846685,180.0528390535
Mn_pvNb_svOSnV_sv:PAW_PBE/AB_cF8_225_a_b.AB:POCC_P0-1xC_P1-0.25xA-0.25xB-0.25xD-0.25xE,18,0.231766165365787,0.078860821623703,477.5684868863
Mn_pvOSnSr_svV_sv:PAW_PBE/AB_cF8_225_a_b.AB:POCC_P0-1xB_P1-0.25xA-0.25xC-0.25xD-0.25xE,18,0.101884876504167,0.050044942221569,264.6776185123
CoNb_svOSnSr_sv:PAW_PBE/AB_cF8_225_a_b.AB:POCC_P0-1xC_P1-0.25xA-0.25xB-0.25xD-0.25xE,18,0.296714817611745,0.202679754492625,214.3362768739
CdMn_pvOTi_svZn:PAW_PBE/AB_cF8_225_a_b.AB:POCC_P0-1xC_P1-0.25xA-0.25xB-0.25xD-0.25xE,18,0.147709050645054,0.043923031509864,583.9140143485
Ca_svMg_pvOTi_svZn:PAW_PBE/AB_cF8_225_a_b.AB:POCC_P0-1xC_P1-0.25xA-0.25xB-0.25xD-0.25xE,18,0.108216533937258,0.066435689732655,230.6681189783
CdCoMn_pvOSr_sv:PAW_PBE/AB_cF8_225_a_b.AB:POCC_P0-1xD_P1-0.25xA-0.25xB-0.25xC-0.25xE,18,0.019111032157191,0.001766325690838,243.1598995879
Mg_pvMn_pvNb_svOZn:PAW_PBE/AB_cF8_225_a_b.AB:POCC_P0-1xD_P1-0.25xA-0.25xB-0.25xC-0.25xE,18,0.648471749392252,0.465008286428705,338.8631702537
Ca_svCoMn_pvOZn:PAW_PBE/AB_cF8_225_a_b.AB:POCC_P0-1xD_P1-0.25xA-0.25xB-0.25xC-0.25xE,18,0.003162367585342,0.003262871182326,282.7192766505
CdFe_pvNb_svOSr_sv:PAW_PBE/AB_cF8_225_a_b.AB:POCC_P0-1xD_P1-0.25xA-0.25xB-0.25xC-0.25xE,18,0.292917628066152,0.150344003508686,255.6853797713
CoNi_pvOSnZn:PAW_PBE/AB_cF8_225_a_b.AB:POCC_P0-1xC_P1-0.25xA-0.25xB-0.25xD-0.25xE,18,0.20047975857427,0.293365852927449,598.4476840298
Ca_svCoFe_pvMn_pvO:PAW_PBE/AB_cF8_225_a_b.AB:POCC_P0-1xE_P1-0.25xA-0.25xB-0.25xC-0.25xD,18,0.010006958423128,0.008990140956193,382.6205731603
Ca_svFe_pvNb_svOZn:PAW_PBE/AB_cF8_225_a_b.AB:POCC_P0-1xD_P1-0.25xA-0.25xB-0.25xC-0.25xE,18,0.116204422890036,0.00630586758361,308.5545613238
Fe_pvNb_svOTi_svZn:PAW_PBE/AB_cF8_225_a_b.AB:POCC_P0-1xC_P1-0.25xA-0.25xB-0.25xD-0.25xE,18,0.76334302733612,0.156808487448599,717.8535820986
Fe_pvMg_pvNb_svOTi_sv:PAW_PBE/AB_cF8_225_a_b.AB:POCC_P0-1xD_P1-0.25xA-0.25xB-0.25xC-0.25xE,18,0.070447812984001,0.015660490830132,443.2191795548
Fe_pvMn_pvNi_pvOSn:PAW_PBE/AB_cF8_225_a_b.AB:POCC_P0-1xD_P1-0.25xA-0.25xB-0.25xC-0.25xE,18,0.102896427743861,0.085973409698319,605.3879012107
Cu_pvFe_pvMn_pvOZn:PAW_PBE/AB_cF8_225_a_b.AB:POCC_P0-1xD_P1-0.25xA-0.25xB-0.25xC-0.25xE,18,0.298242565294103,0.309789716034232,364.5133053281
Mn_pvOSr_svTi_svZn:PAW_PBE/AB_cF8_225_a_b.AB:POCC_P0-1xB_P1-0.25xA-0.25xC-0.25xD-0.25xE,18,0.13634484392816,0.029852955112466,186.8426560325
CdMg_pvNi_pvOSr_sv:PAW_PBE/AB_cF8_225_a_b.AB:POCC_P0-1xD_P1-0.25xA-0.25xB-0.25xC-0.25xE,18,0.077476502241698,0.175019525288943,267.7609535116
Mn_pvOSnTi_svV_sv:PAW_PBE/AB_cF8_225_a_b.AB:POCC_P0-1xB_P1-0.25xA-0.25xC-0.25xD-0.25xE,18,0.182749241127593,0.043146995385721,519.4897694166
Ca_svCoMn_pvNi_pvO:PAW_PBE/AB_cF8_225_a_b.AB:POCC_P0-1xE_P1-0.25xA-0.25xB-0.25xC-0.25xD,18,0.046292118102025,0.067323587619736,310.2151545474
CoNi_pvOSnSr_sv:PAW_PBE/AB_cF8_225_a_b.AB:POCC_P0-1xC_P1-0.25xA-0.25xB-0.25xD-0.25xE,18,0.070848298260173,0.016983825254315,181.1683144259
Nb_svOSr_svTi_svV_sv:PAW_PBE/AB_cF8_225_a_b.AB:POCC_P0-1xB_P1-0.25xA-0.25xC-0.25xD-0.25xE,18,0.098033531799032,0.009073906468044,225.0866746288
CdCoMn_pvOSn:PAW_PBE/AB_cF8_225_a_b.AB:POCC_P0-1xD_P1-0.25xA-0.25xB-0.25xC-0.25xE,18,0.087826732603348,0.022395534533869,306.7465411388
Ca_svCdFe_pvOSr_sv:PAW_PBE/AB_cF8_225_a_b.AB:POCC_P0-1xD_P1-0.25xA-0.25xB-0.25xC-0.25xE,18,0.046275632126132,0.009081065877333,138.2425768715
CoMg_pvNi_pvOZn:PAW_PBE/AB_cF8_225_a_b.AB:POCC_P0-1xD_P1-0.25xA-0.25xB-0.25xC-0.25xE,18,0.001949649994377,0.0017628831584,374.1444138301
Nb_svOSnTi_svZn:PAW_PBE/AB_cF8_225_a_b.AB:POCC_P0-1xB_P1-0.25xA-0.25xC-0.25xD-0.25xE,18,0.238455776554977,0.22014326781989,1029.16025376
CdFe_pvMg_pvOSn:PAW_PBE/AB_cF8_225_a_b.AB:POCC_P0-1xD_P1-0.25xA-0.25xB-0.25xC-0.25xE,18,0.149142023483708,0.071823922571069,372.341542948
CoNi_pvOSr_svZn:PAW_PBE/AB_cF8_225_a_b.AB:POCC_P0-1xC_P1-0.25xA-0.25xB-0.25xD-0.25xE,18,0.08422721362641,0.062553966345676,300.8795426565
Ca_svMn_pvNi_pvOZn:PAW_PBE/AB_cF8_225_a_b.AB:POCC_P0-1xD_P1-0.25xA-0.25xB-0.25xC-0.25xE,18,0.003283128981618,0.002555582775326,193.1015749806
Fe_pvOSnTi_svV_sv:PAW_PBE/AB_cF8_225_a_b.AB:POCC_P0-1xB_P1-0.25xA-0.25xC-0.25xD-0.25xE,18,0.262833796107947,0.307992469826621,654.892568679
CdMn_pvOSnSr_sv:PAW_PBE/AB_cF8_225_a_b.AB:POCC_P0-1xC_P1-0.25xA-0.25xB-0.25xD-0.25xE,18,0.033946834115047,0.016995720459351,108.2753831259
CdCoCu_pvFe_pvO:PAW_PBE/AB_cF8_225_a_b.AB:POCC_P0-1xE_P1-0.25xA-0.25xB-0.25xC-0.25xD,18,0.183245037531392,0.165967115809473,353.3980840641
CoCu_pvMn_pvOZn:PAW_PBE/AB_cF8_225_a_b.AB:POCC_P0-1xD_P1-0.25xA-0.25xB-0.25xC-0.25xE,18,0.06692467623731,0.133252191868916,356.412152469
CoNb_svOSnTi_sv:PAW_PBE/AB_cF8_225_a_b.AB:POCC_P0-1xC_P1-0.25xA-0.25xB-0.25xD-0.25xE,18,0.815138996555447,1.081745670098456,527.4016966492
Cu_pvMg_pvNi_pvOSn:PAW_PBE/AB_cF8_225_a_b.AB:POCC_P0-1xD_P1-0.25xA-0.25xB-0.25xC-0.25xE,18,0.070996623169593,0.046246187930384,213.0512832425
Fe_pvOSnSr_svTi_sv:PAW_PBE/AB_cF8_225_a_b.AB:POCC_P0-1xB_P1-0.25xA-0.25xC-0.25xD-0.25xE,18,0.352517615110078,0.468045326898029,357.3443983459
CoFe_pvOSr_svZn:PAW_PBE/AB_cF8_225_a_b.AB:POCC_P0-1xC_P1-0.25xA-0.25xB-0.25xD-0.25xE,18,0.229385820669704,0.236891363451401,350.7469531078
Mg_pvMn_pvNi_pvOZn:PAW_PBE/AB_cF8_225_a_b.AB:POCC_P0-1xD_P1-0.25xA-0.25xB-0.25xC-0.25xE,18,0.00071772638968,0.000591959517052,234.2285769747
OSnSr_svV_svZn:PAW_PBE/AB_cF8_225_a_b.AB:POCC_P0-1xA_P1-0.25xB-0.25xC-0.25xD-0.25xE,18,0.277727535193248,0.35441076429777,345.8547504906
CdMg_pvMn_pvOZn:PAW_PBE/AB_cF8_225_a_b.AB:POCC_P0-1xD_P1-0.25xA-0.25xB-0.25xC-0.25xE,18,0.004846310673169,0.003775482821662,243.2087012341
Fe_pvMn_pvNi_pvOV_sv:PAW_PBE/AB_cF8_225_a_b.AB:POCC_P0-1xD_P1-0.25xA-0.25xB-0.25xC-0.25xE,18,0.100333694422453,0.016700584564777,483.4312766983
Ca_svCoNi_pvOZn:PAW_PBE/AB_cF8_225_a_b.AB:POCC_P0-1xD_P1-0.25xA-0.25xB-0.25xC-0.25xE,18,0.004744402508035,0.003631147234218,358.1760476066
CdNi_pvOSnSr_sv:PAW_PBE/AB_cF8_225_a_b.AB:POCC_P0-1xC_P1-0.25xA-0.25xB-0.25xD-0.25xE,18,0.106849699315994,0.030085185162064,195.5463576839
CdNb_svOSr_svZn:PAW_PBE/AB_cF8_225_a_b.AB:POCC_P0-1xC_P1-0.25xA-0.25xB-0.25xD-0.25xE,18,0.489940948497636,0.453441655199998,246.8739852889
Fe_pvMg_pvOSnTi_sv:PAW_PBE/AB_cF8_225_a_b.AB:POCC_P0-1xC_P1-0.25xA-0.25xB-0.25xD-0.25xE,18,0.087670090592104,0.00246218342207,436.5346408425
Ca_svCdMn_pvOV_sv:PAW_PBE/AB_cF8_225_a_b.AB:POCC_P0-1xD_P1-0.25xA-0.25xB-0.25xC-0.25xE,18,0.081856630847709,0.02702190718307,467.4660511667
Fe_pvMg_pvOTi_svZn:PAW_PBE/AB_cF8_225_a_b.AB:POCC_P0-1xC_P1-0.25xA-0.25xB-0.25xD-0.25xE,18,0.062343842521928,0.05196228629808,357.2558061558
Mg_pvNb_svOSnTc_pv:PAW_PBE/AB_cF8_225_a_b.AB:POCC_P0-1xC_P1-0.25xA-0.25xB-0.25xD-0.25xE,18,0.126266867327813,0.016858828577166,182.391149563
Ca_svMg_pvOV_svZn:PAW_PBE/AB_cF8_225_a_b.AB:POCC_P0-1xC_P1-0.25xA-0.25xB-0.25xD-0.25xE,18,0.007863246387259,0.010515658933844,205.7691038944
CdFe_pvMn_pvOSr_sv:PAW_PBE/AB_cF8_225_a_b.AB:POCC_P0-1xD_P1-0.25xA-0.25xB-0.25xC-0.25xE,18,0.040679225537667,0.006194058113501,277.0221726165
CoMn_pvOV_svZn:PAW_PBE/AB_cF8_225_a_b.AB:POCC_P0-1xC_P1-0.25xA-0.25xB-0.25xD-0.25xE,18,0.144897824849031,0.068245758019646,322.1492836124
Nb_svOSr_svV_svZn:PAW_PBE/AB_cF8_225_a_b.AB:POCC_P0-1xB_P1-0.25xA-0.25xC-0.25xD-0.25xE,18,0.162558157052534,0.11723161373819,268.2269094561
CoMg_pvOV_svZn:PAW_PBE/AB_cF8_225_a_b.AB:POCC_P0-1xC_P1-0.25xA-0.25xB-0.25xD-0.25xE,18,0.009539338051683,0.008934637328303,334.6362506063
Mg_pvMn_pvNb_svOTi_sv:PAW_PBE/AB_cF8_225_a_b.AB:POCC_P0-1xD_P1-0.25xA-0.25xB-0.25xC-0.25xE,18,0.034779912924903,0.015546357354537,336.1386816018
Ca_svFe_pvNb_svOTi_sv:PAW_PBE/AB_cF8_225_a_b.AB:POCC_P0-1xD_P1-0.25xA-0.25xB-0.25xC-0.25xE,18,0.043103950067982,0.03691255865255,334.5266424845
Ca_svMg_pvOSr_svTi_sv:PAW_PBE/AB_cF8_225_a_b.AB:POCC_P0-1xC_P1-0.25xA-0.25xB-0.25xD-0.25xE,18,0.041854730932774,0.093006843372964,247.0466678007
CdNb_svOSr_svV_sv:PAW_PBE/AB_cF8_225_a_b.AB:POCC_P0-1xC_P1-0.25xA-0.25xB-0.25xD-0.25xE,18,0.108482380931315,0.059728345320915,343.7053502918
Mn_pvNb_svOSnZn:PAW_PBE/AB_cF8_225_a_b.AB:POCC_P0-1xC_P1-0.25xA-0.25xB-0.25xD-0.25xE,18,0.346916684258426,0.119740719409258,629.7919586286
Ca_svCdOSnSr_sv:PAW_PBE/AB_cF8_225_a_b.AB:POCC_P0-1xC_P1-0.25xA-0.25xB-0.25xD-0.25xE,18,0.019884185328841,0.033097020161874,112.4293663563
CdMn_pvOSnTi_sv:PAW_PBE/AB_cF8_225_a_b.AB:POCC_P0-1xC_P1-0.25xA-0.25xB-0.25xD-0.25xE,18,0.037287339339802,0.011011562249193,468.5544709092
Fe_pvOSnTi_svZn:PAW_PBE/AB_cF8_225_a_b.AB:POCC_P0-1xB_P1-0.25xA-0.25xC-0.25xD-0.25xE,18,0.078719082986784,0.005685256686054,554.7274776268
Fe_pvMg_pvOSr_svTi_sv:PAW_PBE/AB_cF8_225_a_b.AB:POCC_P0-1xC_P1-0.25xA-0.25xB-0.25xD-0.25xE,18,0.066739063323143,0.021481549408865,236.1724973845
Mg_pvOSnSr_svV_sv:PAW_PBE/AB_cF8_225_a_b.AB:POCC_P0-1xB_P1-0.25xA-0.25xC-0.25xD-0.25xE,18,0.061608711928842,0.044574148063158,423.1191186389
Ca_svCoFe_pvOSn:PAW_PBE/AB_cF8_225_a_b.AB:POCC_P0-1xD_P1-0.25xA-0.25xB-0.25xC-0.25xE,18,0.440419920504519,0.53386354894647,374.5378982156
Ca_svMg_pvOSr_svV_sv:PAW_PBE/AB_cF8_225_a_b.AB:POCC_P0-1xC_P1-0.25xA-0.25xB-0.25xD-0.25xE,18,0.016922805536266,0.019756261230305,209.7789466401
Mn_pvOSnSr_svTi_sv:PAW_PBE/AB_cF8_225_a_b.AB:POCC_P0-1xB_P1-0.25xA-0.25xC-0.25xD-0.25xE,18,0.133641387551773,0.037358314025282,180.4217476256
Ca_svMn_pvNb_svOSn:PAW_PBE/AB_cF8_225_a_b.AB:POCC_P0-1xD_P1-0.25xA-0.25xB-0.25xC-0.25xE,18,0.255033004818024,0.047660756146162,178.4993529395
Mg_pvNi_pvOSnSr_sv:PAW_PBE/AB_cF8_225_a_b.AB:POCC_P0-1xC_P1-0.25xA-0.25xB-0.25xD-0.25xE,18,0.076369049179512,0.10976203821806,168.8532757387
Ca_svMn_pvOSnTi_sv:PAW_PBE/AB_cF8_225_a_b.AB:POCC_P0-1xC_P1-0.25xA-0.25xB-0.25xD-0.25xE,18,0.116581497215622,0.064963902996943,234.9962710075
Ca_svOSr_svTi_svV_sv:PAW_PBE/AB_cF8_225_a_b.AB:POCC_P0-1xB_P1-0.25xA-0.25xC-0.25xD-0.25xE,18,0.046617480150936,0.000192736825742,235.9837991772
Cu_pvMn_pvNi_pvOSn:PAW_PBE/AB_cF8_225_a_b.AB:POCC_P0-1xD_P1-0.25xA-0.25xB-0.25xC-0.25xE,18,0.195196987672129,0.108636752264273,244.6647020227
Fe_pvNb_svOSr_svZn:PAW_PBE/AB_cF8_225_a_b.AB:POCC_P0-1xC_P1-0.25xA-0.25xB-0.25xD-0.25xE,18,0.475496320586991,0.412887280234869,193.6394928617
Ca_svMg_pvNb_svOV_sv:PAW_PBE/AB_cF8_225_a_b.AB:POCC_P0-1xD_P1-0.25xA-0.25xB-0.25xC-0.25xE,18,0.034121864642708,0.021106237486145,249.9025187347
Ca_svCdOSr_svTi_sv:PAW_PBE/AB_cF8_225_a_b.AB:POCC_P0-1xC_P1-0.25xA-0.25xB-0.25xD-0.25xE,18,0.103364666707926,0.072564796455865,137.0945919483
CdMg_pvMn_pvOV_sv:PAW_PBE/AB_cF8_225_a_b.AB:POCC_P0-1xD_P1-0.25xA-0.25xB-0.25xC-0.25xE,18,0.107607232349165,0.045080206630692,723.0845098796
Nb_svOSnV_svZn:PAW_PBE/AB_cF8_225_a_b.AB:POCC_P0-1xB_P1-0.25xA-0.25xC-0.25xD-0.25xE,18,0.115466474985445,0.038970399435535,636.6349680532
CoMn_pvNi_pvOSr_sv:PAW_PBE/AB_cF8_225_a_b.AB:POCC_P0-1xD_P1-0.25xA-0.25xB-0.25xC-0.25xE,18,0.060670087744877,0.065073667419903,274.7197181616
Fe_pvOSr_svTi_svZn:PAW_PBE/AB_cF8_225_a_b.AB:POCC_P0-1xB_P1-0.25xA-0.25xC-0.25xD-0.25xE,18,0.149502711885997,0.148514913496184,257.7226868706
Cu_pvMg_pvMn_pvOV_sv:PAW_PBE/AB_cF8_225_a_b.AB:POCC_P0-1xD_P1-0.25xA-0.25xB-0.25xC-0.25xE,18,0.031936851403347,0.020233960695895,240.0779971118
Mn_pvOSr_svV_svZn:PAW_PBE/AB_cF8_225_a_b.AB:POCC_P0-1xB_P1-0.25xA-0.25xC-0.25xD-0.25xE,18,0.130456344982231,0.205117840992021,229.7366316161
CoCu_pvFe_pvMg_pvO:PAW_PBE/AB_cF8_225_a_b.AB:POCC_P0-1xE_P1-0.25xA-0.25xB-0.25xC-0.25xD,18,0.035888213083065,0.050825562989324,334.1437389359
Fe_pvMg_pvNi_pvOSn:PAW_PBE/AB_cF8_225_a_b.AB:POCC_P0-1xD_P1-0.25xA-0.25xB-0.25xC-0.25xE,18,0.107766933403512,0.011445249646463,402.6162481565
CoCu_pvMn_pvNi_pvO:PAW_PBE/AB_cF8_225_a_b.AB:POCC_P0-1xE_P1-0.25xA-0.25xB-0.25xC-0.25xD,18,0.067991103078329,0.000265488868274,311.7258952732
Fe_pvMg_pvNb_svOZn:PAW_PBE/AB_cF8_225_a_b.AB:POCC_P0-1xD_P1-0.25xA-0.25xB-0.25xC-0.25xE,18,0.754310006040861,0.866556296404036,524.3414660093
Mg_pvOSr_svV_svZn:PAW_PBE/AB_cF8_225_a_b.AB:POCC_P0-1xB_P1-0.25xA-0.25xC-0.25xD-0.25xE,18,0.028469592976308,0.026549563817925,232.9755672539
Ca_svCdCoOSn:PAW_PBE/AB_cF8_225_a_b.AB:POCC_P0-1xD_P1-0.25xA-0.25xB-0.25xC-0.25xE,18,0.109259453303356,0.067912593684513,217.5002847761
CdMn_pvNi_pvOSr_sv:PAW_PBE/AB_cF8_225_a_b.AB:POCC_P0-1xD_P1-0.25xA-0.25xB-0.25xC-0.25xE,18,0.050092403264744,0.01821621147658,202.8838613631
Ca_svNb_svOSnV_sv:PAW_PBE/AB_cF8_225_a_b.AB:POCC_P0-1xC_P1-0.25xA-0.25xB-0.25xD-0.25xE,18,0.13859201997648,0.0358286227385,564.8857726227
CoMn_pvNi_pvOSn:PAW_PBE/AB_cF8_225_a_b.AB:POCC_P0-1xD_P1-0.25xA-0.25xB-0.25xC-0.25xE,18,0.076067549209426,0.001150795266408,336.0335632548
Mn_pvOSnV_svZn:PAW_PBE/AB_cF8_225_a_b.AB:POCC_P0-1xB_P1-0.25xA-0.25xC-0.25xD-0.25xE,18,0.071375711605447,0.021329457362716,491.9063559597
CdMn_pvNb_svOV_sv:PAW_PBE/AB_cF8_225_a_b.AB:POCC_P0-1xD_P1-0.25xA-0.25xB-0.25xC-0.25xE,18,0.124897264012178,0.053983858931364,761.9192881797
CdCoFe_pvMg_pvO:PAW_PBE/AB_cF8_225_a_b.AB:POCC_P0-1xE_P1-0.25xA-0.25xB-0.25xC-0.25xD,18,0.038093619754922,0.044382927953286,446.7562193427
OSnSr_svTi_svZn:PAW_PBE/AB_cF8_225_a_b.AB:POCC_P0-1xA_P1-0.25xB-0.25xC-0.25xD-0.25xE,18,0.296823104748329,0.422691186607049,279.5888732095
Ca_svCdOSnV_sv:PAW_PBE/AB_cF8_225_a_b.AB:POCC_P0-1xC_P1-0.25xA-0.25xB-0.25xD-0.25xE,18,0.149770763586553,0.165425308030373,202.2025135659
Cu_pvMg_pvMn_pvOZn:PAW_PBE/AB_cF8_225_a_b.AB:POCC_P0-1xD_P1-0.25xA-0.25xB-0.25xC-0.25xE,18,0.076472028977592,0.136314646113521,189.9329799843
CdMg_pvOSr_svTi_sv:PAW_PBE/AB_cF8_225_a_b.AB:POCC_P0-1xC_P1-0.25xA-0.25xB-0.25xD-0.25xE,18,0.167811090674914,0.170898919629287,184.2672301531
CoMn_pvNi_pvOZn:PAW_PBE/AB_cF8_225_a_b.AB:POCC_P0-1xD_P1-0.25xA-0.25xB-0.25xC-0.25xE,18,0.006099703924058,0.005240648628111,386.8381049046
Mn_pvNb_svOSnTc_pv:PAW_PBE/AB_cF8_225_a_b.AB:POCC_P0-1xC_P1-0.25xA-0.25xB-0.25xD-0.25xE,18,0.156745411711919,0.074394915415663,127.0406944225
CdCoFe_pvNi_pvO:PAW_PBE/AB_cF8_225_a_b.AB:POCC_P0-1xE_P1-0.25xA-0.25xB-0.25xC-0.25xD,18,0.31722457388008,0.543645627472482,632.1904376254
Fe_pvMg_pvNi_pvOZn:PAW_PBE/AB_cF8_225_a_b.AB:POCC_P0-1xD_P1-0.25xA-0.25xB-0.25xC-0.25xE,18,0.00282930959754,0.001771688627361,350.3401504744
Mg_pvMn_pvOSnV_sv:PAW_PBE/AB_cF8_225_a_b.AB:POCC_P0-1xC_P1-0.25xA-0.25xB-0.25xD-0.25xE,18,0.129328788953653,0.030981657995037,435.1716651383
CdNb_svOV_svZn:PAW_PBE/AB_cF8_225_a_b.AB:POCC_P0-1xC_P1-0.25xA-0.25xB-0.25xD-0.25xE,18,0.13849312230032,0.042486563701267,958.6661763797
Ca_svCdCoOSr_sv:PAW_PBE/AB_cF8_225_a_b.AB:POCC_P0-1xD_P1-0.25xA-0.25xB-0.25xC-0.25xE,18,0.014524228652145,0.01537199282818,258.3801445854
Ca_svMg_pvNi_pvOZn:PAW_PBE/AB_cF8_225_a_b.AB:POCC_P0-1xD_P1-0.25xA-0.25xB-0.25xC-0.25xE,18,0.002418775480622,0.00153969344416,268.9464995703
Ca_svFe_pvOSr_svZn:PAW_PBE/AB_cF8_225_a_b.AB:POCC_P0-1xC_P1-0.25xA-0.25xB-0.25xD-0.25xE,18,0.081489034055015,0.031030255611727,136.7022554454
Ca_svMn_pvOSr_svV_sv:PAW_PBE/AB_cF8_225_a_b.AB:POCC_P0-1xC_P1-0.25xA-0.25xB-0.25xD-0.25xE,18,0.026480463765215,0.001297135915148,184.1972564578
Mn_pvNb_svOSr_svZn:PAW_PBE/AB_cF8_225_a_b.AB:POCC_P0-1xC_P1-0.25xA-0.25xB-0.25xD-0.25xE,18,0.288247866632468,0.106656663039742,156.1450338137
Mg_pvNb_svOSr_svTi_sv:PAW_PBE/AB_cF8_225_a_b.AB:POCC_P0-1xC_P1-0.25xA-0.25xB-0.25xD-0.25xE,18,0.081444496850429,0.067967083405857,259.8271693563
CdNi_pvOSr_svZn:PAW_PBE/AB_cF8_225_a_b.AB:POCC_P0-1xC_P1-0.25xA-0.25xB-0.25xD-0.25xE,18,0.097799538474596,0.138414628616181,290.3451580176
CdCu_pvMn_pvNi_pvO:PAW_PBE/AB_cF8_225_a_b.AB:POCC_P0-1xE_P1-0.25xA-0.25xB-0.25xC-0.25xD,18,0.135616637973781,0.083893174705463,277.2017702406
Ca_svMn_pvOSnV_sv:PAW_PBE/AB_cF8_225_a_b.AB:POCC_P0-1xC_P1-0.25xA-0.25xB-0.25xD-0.25xE,18,0.04207743053661,0.028450338863048,324.5545707745
CoCu_pvFe_pvMn_pvO:PAW_PBE/AB_cF8_225_a_b.AB:POCC_P0-1xE_P1-0.25xA-0.25xB-0.25xC-0.25xD,18,0.164161609122215,0.071483252578764,362.1894808091
Ca_svCdOTi_svZn:PAW_PBE/AB_cF8_225_a_b.AB:POCC_P0-1xC_P1-0.25xA-0.25xB-0.25xD-0.25xE,18,0.531585844108495,0.258319633386783,377.8111207041
CdCoNi_pvOSr_sv:PAW_PBE/AB_cF8_225_a_b.AB:POCC_P0-1xD_P1-0.25xA-0.25xB-0.25xC-0.25xE,18,0.045577766733912,0.002242890283435,315.4995083565
Ca_svCoFe_pvNi_pvO:PAW_PBE/AB_cF8_225_a_b.AB:POCC_P0-1xE_P1-0.25xA-0.25xB-0.25xC-0.25xD,18,0.038598559746477,0.06716606563777,393.9094681381
CdMn_pvOSr_svZn:PAW_PBE/AB_cF8_225_a_b.AB:POCC_P0-1xC_P1-0.25xA-0.25xB-0.25xD-0.25xE,18,0.023690849683003,0.032600076086947,184.5368526655
CdCoMg_pvOSn:PAW_PBE/AB_cF8_225_a_b.AB:POCC_P0-1xD_P1-0.25xA-0.25xB-0.25xC-0.25xE,18,0.106067978050824,0.026264348986802,268.6271261337
Mg_pvMn_pvOSnZn:PAW_PBE/AB_cF8_225_a_b.AB:POCC_P0-1xC_P1-0.25xA-0.25xB-0.25xD-0.25xE,18,0.081387892118961,0.055416191717353,413.9245093828
Ca_svNi_pvOSr_svZn:PAW_PBE/AB_cF8_225_a_b.AB:POCC_P0-1xC_P1-0.25xA-0.25xB-0.25xD-0.25xE,18,0.05707146462598,0.034326356046251,264.8289837089
Ca_svCdFe_pvNb_svO:PAW_PBE/AB_cF8_225_a_b.AB:POCC_P0-1xE_P1-0.25xA-0.25xB-0.25xC-0.25xD,18,0.44257558539486,0.257137656965024,269.1004853102
CoMg_pvMn_pvOZn:PAW_PBE/AB_cF8_225_a_b.AB:POCC_P0-1xD_P1-0.25xA-0.25xB-0.25xC-0.25xE,18,0.001068252842559,0.000968482981095,297.0528371211
Mn_pvOSnTi_svZn:PAW_PBE/AB_cF8_225_a_b.AB:POCC_P0-1xB_P1-0.25xA-0.25xC-0.25xD-0.25xE,18,0.13905667503205,0.013953863691076,339.8476417003
Ca_svNb_svOTi_svZn:PAW_PBE/AB_cF8_225_a_b.AB:POCC_P0-1xC_P1-0.25xA-0.25xB-0.25xD-0.25xE,18,0.231007600876999,0.075573435025483,543.8301696888
Ca_svCoOSr_svZn:PAW_PBE/AB_cF8_225_a_b.AB:POCC_P0-1xC_P1-0.25xA-0.25xB-0.25xD-0.25xE,18,0.1354915136221,0.138364198995001,259.1875626178
CoOSnSr_svZn:PAW_PBE/AB_cF8_225_a_b.AB:POCC_P0-1xB_P1-0.25xA-0.25xC-0.25xD-0.25xE,18,0.104619952846265,0.042721486674315,182.25099734
Ca_svCdNb_svOV_sv:PAW_PBE/AB_cF8_225_a_b.AB:POCC_P0-1xD_P1-0.25xA-0.25xB-0.25xC-0.25xE,18,0.510195547751353,0.575060915102718,544.3739559441
Ca_svOSr_svTi_svZn:PAW_PBE/AB_cF8_225_a_b.AB:POCC_P0-1xB_P1-0.25xA-0.25xC-0.25xD-0.25xE,18,0.103884425704206,0.01235297645419,130.599987275
CdMn_pvOTi_svV_sv:PAW_PBE/AB_cF8_225_a_b.AB:POCC_P0-1xC_P1-0.25xA-0.25xB-0.25xD-0.25xE,18,0.117335001915378,0.042163022633526,690.1407557802
Ca_svCdCoNi_pvO:PAW_PBE/AB_cF8_225_a_b.AB:POCC_P0-1xE_P1-0.25xA-0.25xB-0.25xC-0.25xD,18,0.035520590723443,0.014207684729939,349.2909893903
CdCu_pvMg_pvOZn:PAW_PBE/AB_cF8_225_a_b.AB:POCC_P0-1xD_P1-0.25xA-0.25xB-0.25xC-0.25xE,18,0.014632625927148,0.019132828645612,241.1999612661
Mn_pvNi_pvOSnZn:PAW_PBE/AB_cF8_225_a_b.AB:POCC_P0-1xC_P1-0.25xA-0.25xB-0.25xD-0.25xE,18,0.076596860742441,0.00438283944267,410.2892617053
Mg_pvMn_pvOSr_svTi_sv:PAW_PBE/AB_cF8_225_a_b.AB:POCC_P0-1xC_P1-0.25xA-0.25xB-0.25xD-0.25xE,18,0.03916324921341,0.016603070544603,176.2768457868
Ca_svCoMg_pvNi_pvO:PAW_PBE/AB_cF8_225_a_b.AB:POCC_P0-1xE_P1-0.25xA-0.25xB-0.25xC-0.25xD,18,0.005514994138811,0.003634383274366,339.270326427
CoFe_pvMg_pvOSr_sv:PAW_PBE/AB_cF8_225_a_b.AB:POCC_P0-1xD_P1-0.25xA-0.25xB-0.25xC-0.25xE,18,0.119886713283161,0.072734649895459,273.0596233791
CoFe_pvNi_pvOSn:PAW_PBE/AB_cF8_225_a_b.AB:POCC_P0-1xD_P1-0.25xA-0.25xB-0.25xC-0.25xE,18,0.169043671219603,0.108706816501302,478.99874491
CdNb_svOTi_svZn:PAW_PBE/AB_cF8_225_a_b.AB:POCC_P0-1xC_P1-0.25xA-0.25xB-0.25xD-0.25xE,18,0.193038803143129,0.020314280573725,1226.145192116
CdMg_pvMn_pvOTi_sv:PAW_PBE/AB_cF8_225_a_b.AB:POCC_P0-1xD_P1-0.25xA-0.25xB-0.25xC-0.25xE,18,0.262844082251661,0.223912671740518,389.8130222903
Nb_svOSr_svTi_svZn:PAW_PBE/AB_cF8_225_a_b.AB:POCC_P0-1xB_P1-0.25xA-0.25xC-0.25xD-0.25xE,18,0.115667457062838,0.024266165867542,341.0900005893
Fe_pvNi_pvOV_svZn:PAW_PBE/AB_cF8_225_a_b.AB:POCC_P0-1xC_P1-0.25xA-0.25xB-0.25xD-0.25xE,18,0.271499225848864,0.046928059925773,295.2073391791
Ca_svNb_svOSr_svZn:PAW_PBE/AB_cF8_225_a_b.AB:POCC_P0-1xC_P1-0.25xA-0.25xB-0.25xD-0.25xE,18,0.144090639255823,0.008408715830512,105.7663342272
CoFe_pvMn_pvOSn:PAW_PBE/AB_cF8_225_a_b.AB:POCC_P0-1xD_P1-0.25xA-0.25xB-0.25xC-0.25xE,18,0.498867782890086,0.439060990536384,588.5270429106
Nb_svOSnTc_pvTi_sv:PAW_PBE/AB_cF8_225_a_b.AB:POCC_P0-1xB_P1-0.25xA-0.25xC-0.25xD-0.25xE,18,0.289574022363247,0.156095569787109,226.5919235185
CdMg_pvNb_svOTi_sv:PAW_PBE/AB_cF8_225_a_b.AB:POCC_P0-1xD_P1-0.25xA-0.25xB-0.25xC-0.25xE,18,0.122920573120718,0.095466273029374,938.3865697744
Ca_svCdOTi_svV_sv:PAW_PBE/AB_cF8_225_a_b.AB:POCC_P0-1xC_P1-0.25xA-0.25xB-0.25xD-0.25xE,18,0.195941628030971,0.082990947598056,683.5298004494
Ca_svMn_pvNi_pvOSn:PAW_PBE/AB_cF8_225_a_b.AB:POCC_P0-1xD_P1-0.25xA-0.25xB-0.25xC-0.25xE,18,0.103182876787628,0.037161504951529,193.2632990426
Cu_pvMg_pvMn_pvNi_pvO:PAW_PBE/AB_cF8_225_a_b.AB:POCC_P0-1xE_P1-0.25xA-0.25xB-0.25xC-0.25xD,18,0.117192201821956,0.022151404970949,222.6710772327
Fe_pvOSnSr_svZn:PAW_PBE/AB_cF8_225_a_b.AB:POCC_P0-1xB_P1-0.25xA-0.25xC-0.25xD-0.25xE,18,0.215861716620597,0.088190779562142,261.803778292
CoFe_pvMg_pvOZn:PAW_PBE/AB_cF8_225_a_b.AB:POCC_P0-1xD_P1-0.25xA-0.25xB-0.25xC-0.25xE,18,0.002658957915727,0.000709190425017,314.9563712941
Fe_pvNi_pvOSr_svZn:PAW_PBE/AB_cF8_225_a_b.AB:POCC_P0-1xC_P1-0.25xA-0.25xB-0.25xD-0.25xE,18,0.140857722147319,0.107706744476421,216.6222791026
Ca_svCoMn_pvOSn:PAW_PBE/AB_cF8_225_a_b.AB:POCC_P0-1xD_P1-0.25xA-0.25xB-0.25xC-0.25xE,18,0.088646815113222,0.087481856524005,325.1375544072
Ca_svMn_pvOV_svZn:PAW_PBE/AB_cF8_225_a_b.AB:POCC_P0-1xC_P1-0.25xA-0.25xB-0.25xD-0.25xE,18,0.02137512213009,0.01381362830492,241.1327991051
Ca_svCdFe_pvMn_pvO:PAW_PBE/AB_cF8_225_a_b.AB:POCC_P0-1xE_P1-0.25xA-0.25xB-0.25xC-0.25xD,18,0.029015737407819,0.024425594852138,342.3946453792
Mn_pvNb_svOSnSr_sv:PAW_PBE/AB_cF8_225_a_b.AB:POCC_P0-1xC_P1-0.25xA-0.25xB-0.25xD-0.25xE,18,0.312550546076884,0.084566078858241,149.1897567533
CoFe_pvOV_svZn:PAW_PBE/AB_cF8_225_a_b.AB:POCC_P0-1xC_P1-0.25xA-0.25xB-0.25xD-0.25xE,18,0.095670626528818,0.057459048682984,376.7782501588
CoFe_pvMg_pvNi_pvO:PAW_PBE/AB_cF8_225_a_b.AB:POCC_P0-1xE_P1-0.25xA-0.25xB-0.25xC-0.25xD,18,0.00297362536405,0.003903773523857,362.9980410609
Ca_svCdCoOZn:PAW_PBE/AB_cF8_225_a_b.AB:POCC_P0-1xD_P1-0.25xA-0.25xB-0.25xC-0.25xE,18,0.04112667792205,0.057606201808608,304.3168600847
Nb_svOSnTc_pvV_sv:PAW_PBE/AB_cF8_225_a_b.AB:POCC_P0-1xB_P1-0.25xA-0.25xC-0.25xD-0.25xE,18,0.166331297174773,0.009553392545895,230.9380461161
Ca_svCdMn_pvOZn:PAW_PBE/AB_cF8_225_a_b.AB:POCC_P0-1xD_P1-0.25xA-0.25xB-0.25xC-0.25xE,18,0.005602565297724,0.003598365518541,188.9641936841
Ca_svCoMg_pvOZn:PAW_PBE/AB_cF8_225_a_b.AB:POCC_P0-1xD_P1-0.25xA-0.25xB-0.25xC-0.25xE,18,0.005143852277585,0.003154209658194,257.5713654288
Cu_pvFe_pvNi_pvOZn:PAW_PBE/AB_cF8_225_a_b.AB:POCC_P0-1xD_P1-0.25xA-0.25xB-0.25xC-0.25xE,18,0.036829474683679,0.045581096061093,430.5680515866
CdMg_pvNb_svOSr_sv:PAW_PBE/AB_cF8_225_a_b.AB:POCC_P0-1xD_P1-0.25xA-0.25xB-0.25xC-0.25xE,18,0.183341620108453,0.140021157965929,147.1998143769
Ca_svNb_svOSnZn:PAW_PBE/AB_cF8_225_a_b.AB:POCC_P0-1xC_P1-0.25xA-0.25xB-0.25xD-0.25xE,18,0.154881418457755,0.022447702028808,190.6448285151
Ca_svFe_pvNi_pvOZn:PAW_PBE/AB_cF8_225_a_b.AB:POCC_P0-1xD_P1-0.25xA-0.25xB-0.25xC-0.25xE,18,0.028588243525018,0.022816871817518,305.7444520558
CoFe_pvMg_pvMn_pvO:PAW_PBE/AB_cF8_225_a_b.AB:POCC_P0-1xE_P1-0.25xA-0.25xB-0.25xC-0.25xD,18,0.004107738519569,0.001784799969661,366.0146193216
Fe_pvNb_svOSr_svTi_sv:PAW_PBE/AB_cF8_225_a_b.AB:POCC_P0-1xC_P1-0.25xA-0.25xB-0.25xD-0.25xE,18,0.085300574154665,0.000299774379351,170.1299356426
CdNb_svOSnTi_sv:PAW_PBE/AB_cF8_225_a_b.AB:POCC_P0-1xC_P1-0.25xA-0.25xB-0.25xD-0.25xE,18,0.128232445760786,0.034038762515505,1375.063093826
Mn_pvNb_svOSr_svTi_sv:PAW_PBE/AB_cF8_225_a_b.AB:POCC_P0-1xC_P1-0.25xA-0.25xB-0.25xD-0.25xE,18,0.06725889452311,0.00031745138864,127.9312437545
Ca_svOTi_svV_svZn:PAW_PBE/AB_cF8_225_a_b.AB:POCC_P0-1xB_P1-0.25xA-0.25xC-0.25xD-0.25xE,18,0.323362829174721,0.19096518618932,610.972856988
Mn_pvNb_svOV_svZn:PAW_PBE/AB_cF8_225_a_b.AB:POCC_P0-1xC_P1-0.25xA-0.25xB-0.25xD-0.25xE,18,0.176813829714105,0.012373935155257,278.5062426551
CdCu_pvFe_pvMn_pvO:PAW_PBE/AB_cF8_225_a_b.AB:POCC_P0-1xE_P1-0.25xA-0.25xB-0.25xC-0.25xD,18,0.173355548198855,0.084238634719842,382.8995529353
Mg_pvNi_pvOV_svZn:PAW_PBE/AB_cF8_225_a_b.AB:POCC_P0-1xC_P1-0.25xA-0.25xB-0.25xD-0.25xE,18,0.023273916307631,0.01774933896165,278.1125277417
Ca_svCoFe_pvOSr_sv:PAW_PBE/AB_cF8_225_a_b.AB:POCC_P0-1xD_P1-0.25xA-0.25xB-0.25xC-0.25xE,18,0.12988002634365,0.014631406874768,292.3346394821
Ca_svFe_pvNi_pvOSn:PAW_PBE/AB_cF8_225_a_b.AB:POCC_P0-1xD_P1-0.25xA-0.25xB-0.25xC-0.25xE,18,0.187947438015599,0.080855992251013,252.186946626
Fe_pvMg_pvMn_pvOZn:PAW_PBE/AB_cF8_225_a_b.AB:POCC_P0-1xD_P1-0.25xA-0.25xB-0.25xC-0.25xE,18,0.007098765659089,0.000991913251468,160.780151896
Ca_svFe_pvMg_pvNb_svO:PAW_PBE/AB_cF8_225_a_b.AB:POCC_P0-1xE_P1-0.25xA-0.25xB-0.25xC-0.25xD,18,0.049460750334077,0.026342138922412,366.6325899457
Ca_svCdNi_pvOZn:PAW_PBE/AB_cF8_225_a_b.AB:POCC_P0-1xD_P1-0.25xA-0.25xB-0.25xC-0.25xE,18,0.080917940057202,0.174855451319293,295.2881626055
Cu_pvFe_pvMg_pvMn_pvO:PAW_PBE/AB_cF8_225_a_b.AB:POCC_P0-1xE_P1-0.25xA-0.25xB-0.25xC-0.25xD,18,0.044219846444532,0.087387755340477,315.145721087
Mn_pvOTi_svV_svZn:PAW_PBE/AB_cF8_225_a_b.AB:POCC_P0-1xB_P1-0.25xA-0.25xC-0.25xD-0.25xE,18,0.50952136189801,0.080704689928653,577.7761604945
CdCu_pvNi_pvOZn:PAW_PBE/AB_cF8_225_a_b.AB:POCC_P0-1xD_P1-0.25xA-0.25xB-0.25xC-0.25xE,18,0.029948046166843,0.046925866915722,348.7762570926
CdOSnSr_svTi_sv:PAW_PBE/AB_cF8_225_a_b.AB:POCC_P0-1xB_P1-0.25xA-0.25xC-0.25xD-0.25xE,18,0.256457609889948,0.045644344681068,184.4263243788
CdNb_svOSnV_sv:PAW_PBE/AB_cF8_225_a_b.AB:POCC_P0-1xC_P1-0.25xA-0.25xB-0.25xD-0.25xE,18,0.256043800187679,0.30326744946422,774.5627155692
CdFe_pvMg_pvMn_pvO:PAW_PBE/AB_cF8_225_a_b.AB:POCC_P0-1xE_P1-0.25xA-0.25xB-0.25xC-0.25xD,18,0.011700299316783,0.016843611915771,413.3220681689
CdMg_pvMn_pvOSr_sv:PAW_PBE/AB_cF8_225_a_b.AB:POCC_P0-1xD_P1-0.25xA-0.25xB-0.25xC-0.25xE,18,0.035380962728497,0.02667528239643,124.9383586315
CoMn_pvNi_pvOV_sv:PAW_PBE/AB_cF8_225_a_b.AB:POCC_P0-1xD_P1-0.25xA-0.25xB-0.25xC-0.25xE,18,0.120216607254384,0.007528732859046,292.0797418648
Ca_svCoOSnZn:PAW_PBE/AB_cF8_225_a_b.AB:POCC_P0-1xC_P1-0.25xA-0.25xB-0.25xD-0.25xE,18,0.130829698907135,0.076003297513431,270.2297974334
CoCu_pvOSnZn:PAW_PBE/AB_cF8_225_a_b.AB:POCC_P0-1xC_P1-0.25xA-0.25xB-0.25xD-0.25xE,18,0.377423604768317,0.192837585781005,495.9302172877
Mg_pvOSr_svTi_svV_sv:PAW_PBE/AB_cF8_225_a_b.AB:POCC_P0-1xB_P1-0.25xA-0.25xC-0.25xD-0.25xE,18,0.072040010011669,0.143678929218469,320.9042387435
Ca_svCdOSnTi_sv:PAW_PBE/AB_cF8_225_a_b.AB:POCC_P0-1xC_P1-0.25xA-0.25xB-0.25xD-0.25xE,18,0.156459314014211,0.153853308436733,234.8550544957
Ca_svFe_pvMg_pvMn_pvO:PAW_PBE/AB_cF8_225_a_b.AB:POCC_P0-1xE_P1-0.25xA-0.25xB-0.25xC-0.25xD,18,0.006570855571355,0.001652082416051,299.8986541279
CdFe_pvOSnSr_sv:PAW_PBE/AB_cF8_225_a_b.AB:POCC_P0-1xC_P1-0.25xA-0.25xB-0.25xD-0.25xE,18,0.14505255686533,0.076460249097737,234.510919905
Ca_svFe_pvMn_pvNi_pvO:PAW_PBE/AB_cF8_225_a_b.AB:POCC_P0-1xE_P1-0.25xA-0.25xB-0.25xC-0.25xD,18,0.037267128514395,0.029547917057615,350.0147028501
Mg_pvOTi_svV_svZn:PAW_PBE/AB_cF8_225_a_b.AB:POCC_P0-1xB_P1-0.25xA-0.25xC-0.25xD-0.25xE,18,0.365532765928519,0.375775073390613,702.6274991858
Nb_svOTi_svV_svZn:PAW_PBE/AB_cF8_225_a_b.AB:POCC_P0-1xB_P1-0.25xA-0.25xC-0.25xD-0.25xE,18,0.270358090806307,0.04719237727769,1251.782143241
Ca_svMg_pvOSnSr_sv:PAW_PBE/AB_cF8_225_a_b.AB:POCC_P0-1xC_P1-0.25xA-0.25xB-0.25xD-0.25xE,18,0.035023709106963,0.026120373022551,100.0399955179
CdCoFe_pvMn_pvO:PAW_PBE/AB_cF8_225_a_b.AB:POCC_P0-1xE_P1-0.25xA-0.25xB-0.25xC-0.25xD,18,0.064710941126688,0.069629696066499,494.9821108563
Ca_svOSnV_svZn:PAW_PBE/AB_cF8_225_a_b.AB:POCC_P0-1xB_P1-0.25xA-0.25xC-0.25xD-0.25xE,18,0.195078446468134,0.19552043390556,479.6326842933
Mg_pvMn_pvNi_pvOSr_sv:PAW_PBE/AB_cF8_225_a_b.AB:POCC_P0-1xD_P1-0.25xA-0.25xB-0.25xC-0.25xE,18,0.032019991390591,0.018689817623886,236.7642454227
Ca_svCdFe_pvOZn:PAW_PBE/AB_cF8_225_a_b.AB:POCC_P0-1xD_P1-0.25xA-0.25xB-0.25xC-0.25xE,18,0.07506208637745,0.087632611799986,366.3246949832
CoFe_pvNi_pvOZn:PAW_PBE/AB_cF8_225_a_b.AB:POCC_P0-1xD_P1-0.25xA-0.25xB-0.25xC-0.25xE,18,0.003316710751959,0.002658613817328,452.1313090799
Ca_svCdNi_pvOSr_sv:PAW_PBE/AB_cF8_225_a_b.AB:POCC_P0-1xD_P1-0.25xA-0.25xB-0.25xC-0.25xE,18,0.015553160364757,0.017506454827626,272.3846537557
CdFe_pvMn_pvOZn:PAW_PBE/AB_cF8_225_a_b.AB:POCC_P0-1xD_P1-0.25xA-0.25xB-0.25xC-0.25xE,18,0.042536740362894,0.060874586593056,495.8932620281
Mg_pvMn_pvNb_svOV_sv:PAW_PBE/AB_cF8_225_a_b.AB:POCC_P0-1xD_P1-0.25xA-0.25xB-0.25xC-0.25xE,18,0.037781167728672,0.023133785486952,325.4176124321
Fe_pvNb_svOSnTi_sv:PAW_PBE/AB_cF8_225_a_b.AB:POCC_P0-1xC_P1-0.25xA-0.25xB-0.25xD-0.25xE,18,0.354895735325733,0.307211437634627,439.6464413171
Mn_pvNi_pvOSnSr_sv:PAW_PBE/AB_cF8_225_a_b.AB:POCC_P0-1xC_P1-0.25xA-0.25xB-0.25xD-0.25xE,18,0.158206896459733,0.140114734930109,167.249452533
CoCu_pvFe_pvOSn:PAW_PBE/AB_cF8_225_a_b.AB:POCC_P0-1xD_P1-0.25xA-0.25xB-0.25xC-0.25xE,18,0.318604656511987,0.443089364028152,322.3250141603
Mg_pvOSnSr_svZn:PAW_PBE/AB_cF8_225_a_b.AB:POCC_P0-1xB_P1-0.25xA-0.25xC-0.25xD-0.25xE,18,0.072543620503597,0.035960686082603,136.9977909697
Fe_pvMg_pvOSnZn:PAW_PBE/AB_cF8_225_a_b.AB:POCC_P0-1xC_P1-0.25xA-0.25xB-0.25xD-0.25xE,18,0.269157846577129,0.294461820624558,519.1685802652
Ca_svMn_pvOSnSr_sv:PAW_PBE/AB_cF8_225_a_b.AB:POCC_P0-1xC_P1-0.25xA-0.25xB-0.25xD-0.25xE,18,0.027472917372534,0.015648997621758,85.73357282722
Cu_pvNi_pvOTi_svZn:PAW_PBE/AB_cF8_225_a_b.AB:POCC_P0-1xC_P1-0.25xA-0.25xB-0.25xD-0.25xE,18,0.179452973280052,0.00741613343678,215.315518429
Ca_svFe_pvOTi_svZn:PAW_PBE/AB_cF8_225_a_b.AB:POCC_P0-1xC_P1-0.25xA-0.25xB-0.25xD-0.25xE,18,0.082678081428926,0.035889498290568,286.5067636401
Mg_pvNb_svOSnV_sv:PAW_PBE/AB_cF8_225_a_b.AB:POCC_P0-1xC_P1-0.25xA-0.25xB-0.25xD-0.25xE,18,0.103118389632729,0.027123155251941,756.8402050086
Ca_svNb_svOV_svZn:PAW_PBE/AB_cF8_225_a_b.AB:POCC_P0-1xC_P1-0.25xA-0.25xB-0.25xD-0.25xE,18,0.154616124208309,0.044105230466592,236.9576676404
CdCoMg_pvMn_pvO:PAW_PBE/AB_cF8_225_a_b.AB:POCC_P0-1xE_P1-0.25xA-0.25xB-0.25xC-0.25xD,18,0.019491062915925,0.040080501591184,436.8702421775
CdOSnV_svZn:PAW_PBE/AB_cF8_225_a_b.AB:POCC_P0-1xB_P1-0.25xA-0.25xC-0.25xD-0.25xE,18,0.090730354228828,0.048452431233272,336.8472477731
CdOSnTi_svZn:PAW_PBE/AB_cF8_225_a_b.AB:POCC_P0-1xB_P1-0.25xA-0.25xC-0.25xD-0.25xE,18,0.239255596649991,0.169588858071454,567.6221077933
OSr_svTi_svV_svZn:PAW_PBE/AB_cF8_225_a_b.AB:POCC_P0-1xA_P1-0.25xB-0.25xC-0.25xD-0.25xE,18,0.082044083449706,0.022528782668166,171.5067041518
Mg_pvMn_pvOTi_svZn:PAW_PBE/AB_cF8_225_a_b.AB:POCC_P0-1xC_P1-0.25xA-0.25xB-0.25xD-0.25xE,18,0.159688285487085,0.260173420679215,258.596181317
CdFe_pvNi_pvOZn:PAW_PBE/AB_cF8_225_a_b.AB:POCC_P0-1xD_P1-0.25xA-0.25xB-0.25xC-0.25xE,18,0.271894218184185,0.454589937848386,453.8154245458
Ca_svCdMn_pvOTi_sv:PAW_PBE/AB_cF8_225_a_b.AB:POCC_P0-1xD_P1-0.25xA-0.25xB-0.25xC-0.25xE,18,0.106331802309684,0.045594742038599,314.4448150041
Ca_svOSr_svV_svZn:PAW_PBE/AB_cF8_225_a_b.AB:POCC_P0-1xB_P1-0.25xA-0.25xC-0.25xD-0.25xE,18,0.103380607189344,0.066811119683811,199.8212737396
CoCu_pvMn_pvOV_sv:PAW_PBE/AB_cF8_225_a_b.AB:POCC_P0-1xD_P1-0.25xA-0.25xB-0.25xC-0.25xE,18,0.091478218306534,0.003822695015972,279.44496019
Ca_svCdNi_pvOSn:PAW_PBE/AB_cF8_225_a_b.AB:POCC_P0-1xD_P1-0.25xA-0.25xB-0.25xC-0.25xE,18,0.060034083628057,0.076329166073761,234.7885078562
CoFe_pvMn_pvOSr_sv:PAW_PBE/AB_cF8_225_a_b.AB:POCC_P0-1xD_P1-0.25xA-0.25xB-0.25xC-0.25xE,18,0.092369055811312,0.071185770165389,336.068730605
CdMn_pvOSnZn:PAW_PBE/AB_cF8_225_a_b.AB:POCC_P0-1xC_P1-0.25xA-0.25xB-0.25xD-0.25xE,18,0.09622207769268,0.021858952243707,185.7174612384
CdFe_pvMg_pvOTi_sv:PAW_PBE/AB_cF8_225_a_b.AB:POCC_P0-1xD_P1-0.25xA-0.25xB-0.25xC-0.25xE,18,0.162815280529025,0.062369378144866,716.3929284301
Ca_svCoFe_pvMg_pvO:PAW_PBE/AB_cF8_225_a_b.AB:POCC_P0-1xE_P1-0.25xA-0.25xB-0.25xC-0.25xD,18,0.032846502149948,0.017515307020605,252.0218098014
CdNb_svOSnSr_sv:PAW_PBE/AB_cF8_225_a_b.AB:POCC_P0-1xC_P1-0.25xA-0.25xB-0.25xD-0.25xE,18,0.114736511231749,0.051483980165317,104.7223387573
Mn_pvNb_svOSr_svV_sv:PAW_PBE/AB_cF8_225_a_b.AB:POCC_P0-1xC_P1-0.25xA-0.25xB-0.25xD-0.25xE,18,0.062063560718526,0.044642885451945,193.7286366598
Ca_svCdMn_pvNb_svO:PAW_PBE/AB_cF8_225_a_b.AB:POCC_P0-1xE_P1-0.25xA-0.25xB-0.25xC-0.25xD,18,0.225479052064566,0.114395468390482,225.7824998206
Ca_svNi_pvOSnZn:PAW_PBE/AB_cF8_225_a_b.AB:POCC_P0-1xC_P1-0.25xA-0.25xB-0.25xD-0.25xE,18,0.116861519551997,0.100725000179548,257.3136958965
Fe_pvNi_pvOSnSr_sv:PAW_PBE/AB_cF8_225_a_b.AB:POCC_P0-1xC_P1-0.25xA-0.25xB-0.25xD-0.25xE,18,0.361491073183345,0.525973358368034,221.3278612421
Ca_svCdFe_pvOTi_sv:PAW_PBE/AB_cF8_225_a_b.AB:POCC_P0-1xD_P1-0.25xA-0.25xB-0.25xC-0.25xE,18,0.150257132292678,0.063760348729322,710.6787829352
Ca_svCdOSr_svZn:PAW_PBE/AB_cF8_225_a_b.AB:POCC_P0-1xC_P1-0.25xA-0.25xB-0.25xD-0.25xE,18,0.012161998632622,0.010549731072533,169.5887829575
CoCu_pvFe_pvOZn:PAW_PBE/AB_cF8_225_a_b.AB:POCC_P0-1xD_P1-0.25xA-0.25xB-0.25xC-0.25xE,18,0.032622775422521,0.037971493961968,407.143338421
CdFe_pvMn_pvOSn:PAW_PBE/AB_cF8_225_a_b.AB:POCC_P0-1xD_P1-0.25xA-0.25xB-0.25xC-0.25xE,18,0.137673895245554,0.107268101755778,415.6395762963
Cu_pvMn_pvNi_pvOZn:PAW_PBE/AB_cF8_225_a_b.AB:POCC_P0-1xD_P1-0.25xA-0.25xB-0.25xC-0.25xE,18,0.048432078874081,0.090758322932436,332.74098367
